fold,path,trial_index,window,true,predicted,prob_A,prob_B,prob_C,prob_D,prob_E
1,D/d (45).csv,194,0,D,D,6.671513938948748e-06,5.979046381142096e-05,0.0037197052553360364,0.8454411280797356,0.15077270468717807
1,D/d (45).csv,194,1,D,D,6.5239653419672465e-06,6.698829788577115e-05,0.001244661106346502,0.8535922451976713,0.14508958143275438
1,D/d (45).csv,194,2,D,D,6.730489940399618e-06,8.134490334509579e-05,0.13708016123412953,0.8616811734298158,0.0011505899427692533
1,D/d (45).csv,194,3,D,D,6.408647896136385e-06,6.582156163104689e-05,0.003507557002821608,0.8550131573594608,0.1414070554281903
1,D/d (45).csv,194,4,D,D,6.530551578584745e-06,6.760849669268532e-05,0.15166875559783358,0.8469421839895066,0.0013149213643884224
1,D/d (45).csv,194,5,D,D,6.6884690637774734e-06,7.120519414663047e-05,0.15655699012194002,0.8420863843656314,0.0012787318492181018
1,D/d (45).csv,194,6,D,D,6.778260325983094e-06,6.272520581178686e-05,0.0013573135162075055,0.8749740441085975,0.12359913890905731
1,D/d (45).csv,194,7,D,D,7.322561997966654e-06,6.668179694409562e-05,0.001361656580103119,0.883413667394352,0.11515067166660278
1,D/d (45).csv,194,8,D,D,6.679210854382427e-06,0.002280317514516529,2.6111873775958856e-05,0.8531460647607904,0.1445408266400628
1,D/d (45).csv,194,9,D,D,7.6255952208378286e-06,0.15365225029169377,2.1386414826607836e-05,0.8450152367555887,0.0013035009426702806
1,D/d (45).csv,194,10,D,D,7.700501828513186e-06,0.13725958784886882,2.1896661187469272e-05,0.8613706679514954,0.0013401470366199268
1,D/d (45).csv,194,11,D,D,9.422254219377946e-06,0.09831578030521415,0.0008989629809076075,0.9007391771608476,3.665729881119864e-05
1,D/d (45).csv,194,12,D,D,7.255640974344579e-06,0.1564117999197059,0.0008841570828702448,0.8426652011481519,3.1586208297581554e-05
1,D/d (45).csv,194,13,D,D,6.872145848781932e-06,0.002061809686737149,0.15979244704084078,0.8381071489963239,3.17221302495396e-05
1,D/d (45).csv,194,14,D,D,6.660040897011127e-06,6.917127177654717e-05,0.15533532571594308,0.8434447742271468,0.0011440687442367588
1,D/d (45).csv,194,15,D,D,7.393332289086311e-06,8.258926813120636e-05,0.0010425332794534278,0.8970735482295394,0.10179393589058677
1,D/d (45).csv,194,16,D,D,6.680754605682868e-06,0.005304897693281824,0.1369024052786538,0.8577526886931229,3.3327580335663126e-05
1,D/d (45).csv,194,17,D,D,6.5215231028388035e-06,0.0018965198572224579,0.15757475878967003,0.8404906242330876,3.157559691719245e-05
1,D/d (45).csv,194,18,D,D,8.34712590186035e-06,0.003665788041411214,2.0845336048702938e-05,0.9110285753530835,0.08527644414355479
1,B/b (4).csv,53,0,B,B,7.040326757633777e-06,0.8583139188607848,0.0010963091756130887,1.313215241241233e-05,0.1405695994844322
1,B/b (4).csv,53,1,B,B,6.998963542600211e-06,0.8560549458604679,0.0008916396995169001,1.1766451044639982e-05,0.14303464902542798
1,B/b (4).csv,53,2,B,B,7.248777098721507e-06,0.8577325487204197,0.0008619755136635109,1.2922867618436725e-05,0.14138530412119954
1,B/b (4).csv,53,3,B,B,6.6552391396575144e-06,0.8534008816383565,0.0007600991075416382,1.24599183228765e-05,0.14581990409663928
1,B/b (4).csv,53,4,B,B,6.974623981934384e-06,0.8776454149538587,1.9791728516674e-05,0.0010805307674442725,0.12124728792619847
1,B/b (4).csv,53,5,B,B,8.411398017656952e-06,0.8808331237278797,2.201365550249066e-05,0.000660643989216516,0.11847580722938354
1,B/b (4).csv,53,6,B,B,7.739807148987492e-06,0.8529619324050892,1.8316397838825027e-05,0.0029960573620655662,0.1440159540278573
1,B/b (4).csv,53,7,B,B,0.00023981828103165982,0.8857407470210338,4.489849959924617e-07,0.0028286573547100496,0.11119032835822844
1,B/b (4).csv,53,8,B,B,7.886357050208978e-06,0.8708816374527322,1.9868426044284823e-05,0.002948611374980785,0.12614199638919252
1,B/b (4).csv,53,9,B,D,6.9869971042441105e-06,0.154407657178289,7.025553774890987e-05,0.8407288754796447,0.004786224807213137
1,B/b (4).csv,53,10,B,D,6.864111954648434e-06,0.15202957467533373,2.7920068611475676e-05,0.8428966502752602,0.005038990868840082
1,B/b (4).csv,53,11,B,B,7.642604605274572e-06,0.873208971345163,0.001282963740649323,1.696577404354969e-05,0.1254834565355389
1,B/b (4).csv,53,12,B,B,7.779923022052736e-06,0.8783202364475852,2.1032267642703984e-05,0.001886763323561384,0.1197641880381888
1,B/b (4).csv,53,13,B,B,8.958210092857699e-06,0.8735868016581761,0.0017163033030825378,1.2590467681358331e-05,0.12467534636096707
1,B/b (4).csv,53,14,B,B,7.920195880830103e-06,0.8862111437102711,2.7495461138255866e-05,0.11094873004174391,0.0028047105909657566
1,B/b (4).csv,53,15,B,B,7.375826714255196e-06,0.8539695842177517,0.14223016103651254,1.15072656264398e-05,0.0037813716533949848
1,B/b (4).csv,53,16,B,B,7.566352376648219e-06,0.8543709605201248,0.000728222751209832,1.1494701099536507e-05,0.14488175567518913
1,B/b (4).csv,53,17,B,B,7.491663283621687e-06,0.9010848422410352,0.0013655537120830386,1.4193280461311335e-05,0.09752791910313668
1,B/b (4).csv,53,18,B,E,6.5611997623370824e-06,0.17286923979566363,3.907770372486437e-05,0.002122209430891124,0.824962911869958
1,E/e (15).csv,214,0,E,E,9.254505383464595e-06,0.10082173025842366,2.634687318919638e-05,0.0015408372344156934,0.897601831128588
1,E/e (15).csv,214,1,E,E,9.902272966373925e-06,0.09636498486025653,3.0466894518866754e-05,0.0018650543468920159,0.9017295916253661
1,E/e (15).csv,214,2,E,E,6.7750118150589845e-06,0.16758976728155256,0.0026222114494402577,1.0995477021506441e-05,0.8297702507801705
1,E/e (15).csv,214,3,E,E,7.004915560840626e-06,0.1654081786720721,0.002643444226481288,1.3002743669399888e-05,0.8319283694422164
1,E/e (15).csv,214,4,E,E,7.395020702640652e-06,0.15034543246095944,0.003136891456056218,1.2486816681825328e-05,0.8464977942455999
1,E/e (15).csv,214,5,E,E,8.228193088777489e-06,0.053498848452782605,0.001159692990438152,1.4886711487736863e-05,0.9453183436522027
1,E/e (15).csv,214,6,E,D,1.0452512294247967e-05,8.134241699458693e-05,0.09027529362599754,0.9061527398708153,0.0034801715738981523
1,E/e (15).csv,214,7,E,E,7.802890943625937e-06,0.002146408777718097,1.8979292761409993e-05,0.12438925940377574,0.8734375496348011
1,E/e (15).csv,214,8,E,E,8.861085019200148e-06,8.329914597494115e-05,0.0009881458101183842,0.034470190821228625,0.9644495031376589
1,E/e (15).csv,214,9,E,E,9.111106254883701e-06,0.0024388171108912916,0.001317435272870241,0.0007277639639030284,0.9955068725460805
1,E/e (15).csv,214,10,E,E,7.928706713016464e-06,0.13524503331637275,1.9359563611272415e-05,0.0011416548047895106,0.8635860236085136
1,E/e (15).csv,214,11,E,E,7.46966494803554e-06,0.0023730588520571518,2.28082255749299e-05,0.09061745661890858,0.9069792066385114
1,E/e (15).csv,214,12,E,E,8.638348476060624e-06,8.746302588087835e-05,0.0009394899163578636,0.08936204608044751,0.9096023626288378
1,E/e (15).csv,214,13,E,E,7.886239403153135e-06,9.78497657065753e-05,0.0011672861331082241,0.04969353323694835,0.9490334446248336
1,E/e (15).csv,214,14,E,E,6.977627581224573e-06,0.004628450893130212,0.14787383548123872,1.4679200312777034e-05,0.8474760567977371
1,E/e (15).csv,214,15,E,E,7.128992415525893e-06,0.0029064181588145557,2.0028591205386298e-05,0.10717414677371714,0.8898922774838474
1,E/e (15).csv,214,16,E,E,6.905610405207083e-06,9.919467433119707e-05,0.16365801539548072,0.0010176941538463384,0.8352181901659366
1,E/e (15).csv,214,17,E,B,1.658601975652053e-05,0.3724590062205166,0.3274644264793374,5.602623762014104e-05,0.3000039550427694
1,E/e (15).csv,214,18,E,E,7.357144135389314e-06,0.008079106175153701,6.229671917380451e-05,0.09380779817982293,0.8980434417817142
1,C/c (12).csv,111,0,C,C,6.41908713145409e-06,0.15916466729847387,0.8387117035651905,0.0020850602152871762,3.2149833917012064e-05
1,C/c (12).csv,111,1,C,C,6.27145631946099e-06,0.16299886721143791,0.8337567234759292,1.2398479660474458e-05,0.0032257393766530165
1,C/c (12).csv,111,2,C,C,6.506129187782438e-06,0.14159924498269863,0.8571546123901491,1.196478712141314e-05,0.0012276717108430175
1,C/c (12).csv,111,3,C,C,6.902599549019293e-06,0.005542368858946442,0.8612755629204618,1.2587191855122961e-05,0.13316257842918752
1,C/c (12).csv,111,4,C,C,6.879315081466772e-06,0.006308005829512583,0.8718822260675284,1.2251639711448263e-05,0.1217906371481661
1,C/c (12).csv,111,5,C,C,6.7456441463645275e-06,6.714787176783136e-05,0.8971601980390708,0.09963299797723513,0.0031329104677800482
1,C/c (12).csv,111,6,C,C,6.932538565569684e-06,6.0865597525029585e-05,0.8922763273634792,0.10547908717118615,0.002176787329243933
1,C/c (12).csv,111,7,C,C,6.72442380529402e-06,5.7480893126218434e-05,0.8752081350107619,0.12348787595076714,0.001239783721539356
1,C/c (12).csv,111,8,C,C,6.8667715836601936e-06,5.777965793171095e-05,0.8846221850620682,0.11230753333818567,0.0030056351702305462
1,C/c (12).csv,111,9,C,C,7.133711382670115e-06,6.547479877126433e-05,0.9551660467870748,0.04299632611653367,0.0017650185862374665
1,C/c (12).csv,111,10,C,C,7.323076467853951e-06,6.089696424371878e-05,0.8981129130152242,0.0984029926209859,0.003415874323078357
1,C/c (12).csv,111,11,C,C,9.099034389780652e-06,6.648539330731178e-05,0.9684116326711649,0.03030933447261683,0.0012034484285212506
1,C/c (12).csv,111,12,C,C,7.976119114215046e-06,6.273114509741811e-05,0.9288811206444122,0.06798872123157686,0.0030594508597993424
1,C/c (12).csv,111,13,C,C,7.301094413210196e-06,6.712476514358787e-05,0.8791915678454055,0.11919600936432631,0.0015379969307113932
1,C/c (12).csv,111,14,C,C,6.925339042021199e-06,0.0016077552068214122,0.8571621803858834,1.1186587419780486e-05,0.14121195248083326
1,C/c (12).csv,111,15,C,C,6.858066658042311e-06,6.0030796198695054e-05,0.8538776650004528,0.0005397407818582976,0.14551570535483213
1,C/c (12).csv,111,16,C,C,7.043433549736555e-06,6.995677364766097e-05,0.8870606398642392,0.0007849377949962977,0.11207742213356707
1,C/c (12).csv,111,17,C,C,7.605047824901452e-06,7.497384663157259e-05,0.9623903175198468,0.035935541297867836,0.0015915622878289225
1,C/c (12).csv,111,18,C,C,8.088323643711346e-06,0.0021651663905976645,0.955987010770682,1.3584598476134518e-05,0.04182614991660049
1,B/b (6).csv,55,0,B,B,7.944583565712918e-06,0.9402847314594535,2.6762962581301873e-05,0.001043318449858381,0.05863724254454112
1,B/b (6).csv,55,1,B,B,7.640199935865388e-06,0.908613715434918,0.0011112282922881576,1.4289124067987356e-05,0.09025312694878998
1,B/b (6).csv,55,2,B,B,7.6221880643325015e-06,0.87724564628469,0.0008308614875679174,1.4284243611307287e-05,0.12190158579606648
1,B/b (6).csv,55,3,B,B,7.804884357114278e-06,0.8800168673523117,0.001031792753839652,1.498036160251906e-05,0.11892855464788898
1,B/b (6).csv,55,4,B,B,7.771929729495664e-06,0.8731599725377451,0.000967910162361746,1.5218590000415639e-05,0.12584912678016333
1,B/b (6).csv,55,5,B,B,7.396158728298677e-06,0.8507112733004745,0.0007379810261520371,1.2347700300227788e-05,0.14853100181434506
1,B/b (6).csv,55,6,B,B,7.717597401969533e-06,0.8769788926488777,0.0009214552390534754,1.2053824927997275e-05,0.12207988068973892
1,B/b (6).csv,55,7,B,B,1.72401613402545e-05,0.37373905945646824,0.3698686505952074,3.3479672441809615e-05,0.25634157011454234
1,B/b (6).csv,55,8,B,B,8.423813269195078e-06,0.8995244716430011,2.679859302260179e-05,0.09680232868626593,0.0036379772644412763
1,B/b (6).csv,55,9,B,B,8.020696534874313e-06,0.8627447738338675,1.8013147567577964e-05,0.0017536629883208063,0.13547552933370927
1,B/b (6).csv,55,10,B,B,9.136345884570538e-06,0.8984159588364912,2.3303838396222032e-05,0.1000567047735218,0.0014948962057062046
1,B/b (6).csv,55,11,B,B,7.86140331182192e-06,0.8727318621059401,0.0045253044281878055,1.2695266266506705e-05,0.12272227679629373
1,B/b (6).csv,55,12,B,B,0.00024521356570146016,0.8578060759003607,0.0007477418298560805,2.891311288958606e-07,0.14120067957295263
1,B/b (6).csv,55,13,B,B,8.74070559202447e-06,0.8658719146600755,1.7971404315358863e-05,0.0005906434300056904,0.1335107298000115
1,B/b (6).csv,55,14,B,B,0.00023567326487905396,0.8771199547859205,0.0007722200127973098,2.9297710705941275e-07,0.12187185895929617
1,B/b (6).csv,55,15,B,B,7.533549115297691e-06,0.8652624044228098,1.7339036246116224e-05,0.0005188459080381697,0.13419387708379069
1,B/b (6).csv,55,16,B,B,7.811259213630177e-06,0.8891306053674718,0.0012395387658017418,1.2990847413003026e-05,0.10960905376009986
1,B/b (6).csv,55,17,B,B,7.511318243059366e-06,0.8548982956747109,0.0009317659742005418,1.2011834286971453e-05,0.14415041519855865
1,B/b (6).csv,55,18,B,B,7.0308315055597e-06,0.8469026632677114,0.0009050489825984899,1.1527825672080232e-05,0.15217372909251245
1,D/d (5).csv,154,0,D,D,0.007127397874634685,2.650999824416609e-06,2.1363975904420536e-05,0.8612304963255989,0.13161809082403764
1,D/d (5).csv,154,1,D,D,0.006831541257479039,2.627176700049358e-06,1.9873351643586314e-05,0.8598723364439489,0.13327362177022842
1,D/d (5).csv,154,2,D,D,0.008512351970078049,2.904851176455563e-06,2.042092035577819e-05,0.913610972442917,0.07785334981547276
1,D/d (5).csv,154,3,D,D,7.671551719025995e-06,7.480776445154196e-05,0.001143713490836223,0.9303853272871925,0.06838847990580076
1,D/d (5).csv,154,4,D,D,6.682235626185892e-06,8.352771413629693e-05,0.12257480603420737,0.8755654145787151,0.0017695694373150539
1,D/d (5).csv,154,5,D,D,7.4574001415851654e-06,6.459506111216814e-05,0.08123252551597365,0.9143296796257213,0.004365742397051321
1,D/d (5).csv,154,6,D,D,0.01568454672039651,2.4631621679728424e-06,0.1293745179389444,0.8548919399545594,4.653222393168961e-05
1,D/d (5).csv,154,7,D,D,0.2583519863914532,2.3803087842589663e-06,1.8885167791673774e-05,0.7401007331652486,0.0015260149667222285
1,D/d (5).csv,154,8,D,D,8.009007979067616e-06,0.002464547364481699,0.047812211889135085,0.9496692802818372,4.5951456566951246e-05
1,D/d (5).csv,154,9,D,D,6.918631807189755e-06,8.613131828672672e-05,0.1303102780184934,0.8648314125313177,0.004765259500095033
1,D/d (5).csv,154,10,D,C,6.757513169043824e-06,6.642171523482687e-05,0.8746937321339369,0.12401612987343559,0.0012169587642234937
1,D/d (5).csv,154,11,D,D,7.421259106108203e-06,6.67772317518577e-05,0.11246845706502889,0.8864205903060046,0.0010367541381084721
1,D/d (5).csv,154,12,D,D,7.035706894024654e-06,6.177621231336062e-05,0.14520913384342032,0.8535225801548194,0.0011994740825528854
1,D/d (5).csv,154,13,D,D,7.631855854968278e-06,9.205765573472554e-05,0.07667906253018657,0.9217903227541532,0.0014309252040704842
1,D/d (5).csv,154,14,D,D,6.576834074591807e-06,8.291022868431139e-05,0.1520508005729239,0.8457961441609497,0.002063568203367471
1,D/d (5).csv,154,15,D,D,7.989075294230748e-06,0.0026133425877050784,0.04668252920158195,0.9506563096056845,3.9829529734241066e-05
1,D/d (5).csv,154,16,D,D,8.006441080802343e-06,0.001711288527863381,0.15197779864458752,0.8462686886000313,3.4217786437102826e-05
1,D/d (5).csv,154,17,D,D,6.427654275295306e-06,6.011213176864069e-05,0.17101081138345536,0.827765296192606,0.0011573526378948445
1,D/d (5).csv,154,18,D,C,7.237812853812622e-06,6.768776683745977e-05,0.8784267105484674,0.11896205303718836,0.0025363108346529825
1,B/b (22).csv,71,0,B,B,7.270987991647234e-06,0.8971779005041223,2.1759774220982555e-05,0.10116274472055338,0.001630324013111694
1,B/b (22).csv,71,1,B,B,7.158696089246031e-06,0.875807111294662,0.0008165618148702847,1.3481402180564429e-05,0.12335568679219792
1,B/b (22).csv,71,2,B,B,6.949430441444074e-06,0.8528653223397386,0.0007919342145048103,1.2378411323472082e-05,0.14632341560399184
1,B/b (22).csv,71,3,B,B,6.711134941536474e-06,0.8668128877579732,0.0009538288433027768,1.35638108580938e-05,0.13221300845292444
1,B/b (22).csv,71,4,B,B,7.0200833764671105e-06,0.8737939763640267,1.9671780719121366e-05,0.00214895935234017,0.12403037241953757
1,B/b (22).csv,71,5,B,B,0.00027566565652133797,0.8653830500008208,5.598497976806031e-07,0.0024592815345911893,0.13188144295826906
1,B/b (22).csv,71,6,B,D,0.3174728111554267,0.0061452682895735454,3.3200250740769935e-07,0.6763530143702198,2.8574182272745713e-05
1,B/b (22).csv,71,7,B,B,8.903817144876946e-06,0.9167120938620654,2.426316635688841e-05,0.08205034100745792,0.0012043981469747383
1,B/b (22).csv,71,8,B,B,7.107091364253822e-06,0.8860365174214851,1.8963559288115316e-05,0.11049492407475837,0.003442487853104122
1,B/b (22).csv,71,9,B,B,6.7718214094140155e-06,0.8652415588794401,0.0014300208035892717,1.4787954130358957e-05,0.1333068605414309
1,B/b (22).csv,71,10,B,B,6.7808225887958515e-06,0.8682014500012657,0.0009736194375008301,1.2366777541075613e-05,0.1308057829611036
1,B/b (22).csv,71,11,B,B,6.714580951517109e-06,0.8575624713845654,0.000913265290909285,1.2366382955684193e-05,0.14150518236061801
1,B/b (22).csv,71,12,B,B,6.879494568806774e-06,0.8651172177258891,0.0010554486156234403,1.1999064944345767e-05,0.13380845509897427
1,B/b (22).csv,71,13,B,B,7.132234089868831e-06,0.8828004065939249,0.0009550261181195003,1.2289699410757236e-05,0.11622514535445493
1,B/b (22).csv,71,14,B,B,7.768679422272882e-06,0.8652754037055234,1.7016735330731073e-05,0.0005846824573101678,0.1341151284224134
1,B/b (22).csv,71,15,B,B,7.509337689261944e-06,0.8750430122460303,1.7675919266570864e-05,0.0005750507067746134,0.12435675179023933
1,B/b (22).csv,71,16,B,B,7.805250375054366e-06,0.8988759831501091,0.0008631288404439965,1.2452021471748814e-05,0.10024063073760006
1,B/b (22).csv,71,17,B,B,7.31278317983181e-06,0.8770935819227527,0.0008200401325630406,1.2440508873099611e-05,0.12206662465263138
1,B/b (22).csv,71,18,B,B,7.911590085004488e-06,0.9101680274954127,0.0010061591515046267,1.6405972622576787e-05,0.08880149579037516
1,B/b (12).csv,61,0,B,B,7.019889704950051e-06,0.8795482657842371,2.115605131561578e-05,0.0006469750647788422,0.11977658320996346
1,B/b (12).csv,61,1,B,B,6.942448889927045e-06,0.8456868033088426,1.7141026712283516e-05,0.0005658012869298346,0.15372331192862526
1,B/b (12).csv,61,2,B,B,7.133794116838022e-06,0.8843108594513704,0.0012610005274758405,1.2889235881760215e-05,0.11440811699115513
1,B/b (12).csv,61,3,B,B,7.379086508446448e-06,0.8627867460358064,0.13531212150967073,0.00185415792466884,3.95954433457119e-05
1,B/b (12).csv,61,4,B,B,7.546632287374129e-06,0.89332143650329,0.0011575739627959218,0.10547569671960302,3.774618202370151e-05
1,B/b (12).csv,61,5,B,B,7.565446172457176e-06,0.8777696593598324,1.9470508433546097e-05,0.0017755038631948167,0.12042780082236673
1,B/b (12).csv,61,6,B,B,7.379252657558981e-06,0.8831406770420221,6.259803199347833e-05,0.11389673901963553,0.002892606653691353
1,B/b (12).csv,61,7,B,B,7.850099015933869e-06,0.8745968686539413,2.1779294919406228e-05,0.12400591925079432,0.001367582701329284
1,B/b (12).csv,61,8,B,B,8.798312349851119e-06,0.9051388376403074,2.0087536894300248e-05,0.000803311720080673,0.09402896479036765
1,B/b (12).csv,61,9,B,B,8.600427469408963e-06,0.9209758458519868,0.001015251647352328,1.5708163052856908e-05,0.0779845939101387
1,B/b (12).csv,61,10,B,B,7.423851022016927e-06,0.8888408491727904,2.5040358609639533e-05,0.10964705070314065,0.0014796359144373906
1,B/b (12).csv,61,11,B,B,7.80051826013115e-06,0.9916898888726546,0.0033169157659155343,0.0017592648747619915,0.0032261299684077536
1,B/b (12).csv,61,12,B,B,6.818047956367706e-06,0.8464328135155561,0.15190300411137764,1.5337953401861655e-05,0.0016420263717079897
1,B/b (12).csv,61,13,B,B,7.70560026718837e-06,0.9486610907743378,3.112861467305485e-05,0.0008108090373585701,0.0504892659733634
1,B/b (12).csv,61,14,B,B,7.143120696613715e-06,0.8797005688239565,0.118474748961082,0.0017819278898957404,3.561120436918012e-05
1,B/b (12).csv,61,15,B,B,7.472634180365459e-06,0.9018820581372524,0.0017298989763672203,1.3454737273237692e-05,0.0963671155149267
1,B/b (12).csv,61,16,B,B,7.041557348625082e-06,0.8512706652764584,0.1454004301267505,1.2697157598091328e-05,0.0033091658818443196
1,B/b (12).csv,61,17,B,B,6.869046665705581e-06,0.8457326869496711,0.1527882134770586,1.6578073365134178e-05,0.0014556524532396368
1,B/b (12).csv,61,18,B,B,6.908768069628735e-06,0.8588378729877233,0.0011337197964075847,1.2014855119967901e-05,0.14000948359267948
1,A/a (40).csv,39,0,A,A,0.9418798170665852,0.0019735954557255613,4.00999748195448e-07,0.05609818515216871,4.800132577245356e-05
1,A/a (40).csv,39,1,A,A,0.9154140240555576,6.73612085488048e-05,1.7925129533336943e-05,1.236441196535154e-05,0.08448832519439493
1,A/a (40).csv,39,2,A,A,0.8781192883848772,2.288442085638672e-06,0.0020689884806657914,1.2165505917866588e-05,0.1197972691864535
1,A/a (40).csv,39,3,A,A,0.9286087535778266,2.4397346417742808e-06,0.07074493737370899,0.0006024283308495518,4.144098297302094e-05
1,A/a (40).csv,39,4,A,A,0.9066803578867256,8.260152842900898e-05,4.853782571818835e-07,0.0901734039554652,0.0030631512511228786
1,A/a (40).csv,39,5,A,A,0.9039035843418036,7.959655700911356e-05,4.657468975590774e-07,0.09320663763910347,0.002809715715186238
1,A/a (40).csv,39,6,A,A,0.903911971693111,2.360753823238951e-06,2.1567844071434402e-05,0.09482920857483132,0.0012348911341629198
1,A/a (40).csv,39,7,A,A,0.8721268988365383,2.2202382775312105e-06,0.12726112551622512,0.0005751746931213952,3.4580715837828484e-05
1,A/a (40).csv,39,8,A,A,0.8884004331746539,6.48896539860962e-05,4.0631315751984414e-07,0.0006544894261795138,0.11087978143202286
1,A/a (40).csv,39,9,A,A,0.8539706532391478,0.14450218753713776,4.273837574064094e-07,1.334704687317901e-05,0.0015133847930837803
1,A/a (40).csv,39,10,A,A,0.8925183845166074,0.00237850071445003,1.8066196618624278e-05,2.661251085564281e-07,0.10508478244721549
1,A/a (40).csv,39,11,A,A,0.9641439498123786,6.877397470699497e-05,4.302656631540804e-07,0.0006444063691285565,0.035142439578122645
1,A/a (40).csv,39,12,A,A,0.9960007670767934,0.0019904230203903494,0.0008787061208621869,3.006003533831344e-07,0.0011298031816005716
1,A/a (40).csv,39,13,A,A,0.8930232104606819,0.10565549978853579,3.840414204286988e-07,1.5427281617081302e-05,0.0013054784277446226
1,A/a (40).csv,39,14,A,A,0.9143265449921358,0.0842702975602111,4.017513123049921e-07,1.50600314029719e-05,0.001387695664938034
1,A/a (40).csv,39,15,A,A,0.8507845066801988,0.14802243702421056,3.6783466062820495e-07,1.0202740983895298e-05,0.0011824857199462802
1,A/a (40).csv,39,16,A,A,0.8528058560088779,0.14626114819585584,3.766429551888815e-07,1.2027760430133855e-05,0.0009205913918809576
1,A/a (40).csv,39,17,A,A,0.8969640434121328,0.10167176991525048,3.757351553109983e-07,1.2572124797913066e-05,0.0013512388126635086
1,A/a (40).csv,39,18,A,A,0.8654455014753539,0.13335429576130722,3.6792856647748907e-07,1.4945108725023296e-05,0.0011848897260472876
1,A/a (45).csv,44,0,A,A,0.9075424883363176,6.548355835975914e-05,4.4429393144780444e-07,0.08982876768835521,0.0025628161230358713
1,A/a (45).csv,44,1,A,A,0.9303266611660647,6.690698407292395e-05,4.4587005346679524e-07,0.06841735063849469,0.0011886353413142507
1,A/a (45).csv,44,2,A,A,0.9029197981834294,0.001938389795964465,4.0657530492821083e-07,1.2559336956108335e-05,0.09512884610834514
1,A/a (45).csv,44,3,A,A,0.8772782278713029,6.288883486014041e-05,3.942298909670811e-07,0.0004991851660439273,0.12215930389790211
1,A/a (45).csv,44,4,A,A,0.9486233432807966,8.081028261009309e-05,4.039762733910993e-07,0.0009945235485949073,0.05030091891172492
1,A/a (45).csv,44,5,A,A,0.8956227418116357,5.880681425198321e-05,3.9588993882245763e-07,0.10231153937238695,0.002006516111786705
1,A/a (45).csv,44,6,A,A,0.9247732732713858,2.3442553947925284e-06,2.2879076365628345e-05,0.07143169766066984,0.0037698057361839027
1,A/a (45).csv,44,7,A,A,0.9097816086966147,2.295626957925809e-06,0.08931987544426491,0.0008568718079228941,3.934842423951531e-05
1,A/a (45).csv,44,8,A,A,0.879838423674677,2.25773999871223e-06,1.7670825440453455e-05,0.002207555002798071,0.1179340927570857
1,A/a (45).csv,44,9,A,A,0.8634636535221614,2.262459561790505e-06,0.0033687141276104735,1.1127220043069102e-05,0.1331542426706232
1,A/a (45).csv,44,10,A,B,0.3129096170152138,0.6842439330499721,5.08184390444048e-07,1.6609454682605263e-05,0.002829332295741065
1,A/a (45).csv,44,11,A,A,0.9965261300612716,0.00010918951760582302,0.002165843652400769,0.0011350559100258672,6.37808586960171e-05
1,A/a (45).csv,44,12,A,A,0.8943955105792212,7.667037364992252e-05,0.10484694921518044,0.0006795737638877164,1.2960680606006666e-06
1,A/a (45).csv,44,13,A,A,0.9110554042246588,0.08719074774583296,5.326858756387468e-07,1.3607584041085097e-05,0.0017397077595915176
1,A/a (45).csv,44,14,A,A,0.9291342345123367,0.06994307651311502,4.0839833260772016e-07,0.0008885090421112338,3.377153410456228e-05
1,A/a (45).csv,44,15,A,A,0.9663159206105346,0.002001729845071037,4.552567212360776e-07,0.03164528535116613,3.66089365070919e-05
1,A/a (45).csv,44,16,A,A,0.9496649969824663,0.0018993815157511403,4.346868473790948e-07,1.344842154510855e-05,0.04842173839339008
1,A/a (45).csv,44,17,A,A,0.8531741029465482,0.1445807708030323,3.7748596565874054e-07,1.382067656622108e-05,0.0022309280878875944
1,A/a (45).csv,44,18,A,A,0.8463418593988022,0.15258463558512741,3.501024215434213e-07,1.6503178128563533e-05,0.001056651735520151
1,E/e (1).csv,200,0,E,E,7.673993488183538e-06,0.16584112052181862,2.122307048501364e-05,0.0011014352665654707,0.8330285471476427
1,E/e (1).csv,200,1,E,E,8.690170412864031e-06,0.14900397381274716,0.0012191211797778902,2.2634332599551247e-05,0.8497455805044625
1,E/e (1).csv,200,2,E,E,8.451120805132591e-06,0.13721533683652806,0.001268865763988633,1.843871095694935e-05,0.8614889075677212
1,E/e (1).csv,200,3,E,E,7.724319115240849e-06,0.1547920804161542,0.0014130980217177463,1.5632202261778105e-05,0.843771465040751
1,E/e (1).csv,200,4,E,E,8.269047155008988e-06,0.14542681353214643,0.0009033541971306643,1.6306475317129524e-05,0.8536452567482508
1,E/e (1).csv,200,5,E,E,0.0003085666306587672,0.0019279007280181384,0.09248167469747647,2.9471099313669097e-07,0.9052815632328536
1,E/e (1).csv,200,6,E,E,0.00026205630229029874,2.508272041223917e-06,0.15504820900945804,0.0007746246230317911,0.8439126017931786
1,E/e (1).csv,200,7,E,E,9.00907363295513e-06,7.431474380883594e-05,0.05464564438857641,0.0007562762271501805,0.9445147555668316
1,E/e (1).csv,200,8,E,E,8.009987414792116e-06,6.894459519846308e-05,0.10432494163173915,0.0018325290737877756,0.8937655747118598
1,E/e (1).csv,200,9,E,E,8.30431031017774e-06,7.670186955146047e-05,0.0009856852957879838,0.11616892030155636,0.882760388222794
1,E/e (1).csv,200,10,E,E,8.700893451380614e-06,7.487505304840936e-05,0.08614466376065741,0.0006166220450927021,0.9131551382477501
1,E/e (1).csv,200,11,E,E,8.049656058802948e-06,7.016276770064247e-05,0.14976767889179574,0.0005411219546227669,0.849612986729822
1,E/e (1).csv,200,12,E,E,1.0303358392084869e-05,0.0017936267349873693,0.12413377507095802,1.2683521781875812e-05,0.8740496113138807
1,E/e (1).csv,200,13,E,E,0.0003042277135374436,2.7164373450521122e-06,0.10281570325045034,0.0007350996401165104,0.8961422529585507
1,E/e (1).csv,200,14,E,C,6.97157071163344e-06,0.001635116591807734,0.8486381761311537,1.1314557989222319e-05,0.1497084211483378
1,E/e (1).csv,200,15,E,E,7.139662935546327e-06,0.0017626458300504765,0.1606610658805488,1.2049790297159631e-05,0.8375570988361679
1,E/e (1).csv,200,16,E,E,0.00034155273915123464,8.566031500686143e-05,0.06749848795130176,1.7818677700483867e-05,0.9320564803168397
1,E/e (1).csv,200,17,E,E,0.00025079416340669116,0.13961423754468377,4.442339098214581e-07,0.0006658695549120142,0.8594686545030877
1,E/e (1).csv,200,18,E,E,7.894917467333603e-06,0.15923216547391011,2.1333334997815743e-05,0.0026240072164406105,0.8381145990571841
1,B/b (32).csv,81,0,B,B,7.307790433202909e-06,0.9088743202886354,0.0017399209236974023,1.3209504982948905e-05,0.0893652414922511
1,B/b (32).csv,81,1,B,B,7.438281967590834e-06,0.8978905636648148,0.0010571229096504578,1.389054077651165e-05,0.10103098460279063
1,B/b (32).csv,81,2,B,B,8.114190742100814e-06,0.9379969318265317,0.0016732029168701262,2.4067682513233218e-05,0.060297683383342925
1,B/b (32).csv,81,3,B,B,7.899790842672972e-06,0.9029932650478762,1.8638427104314355e-05,0.0006709137822699462,0.09630928295190674
1,B/b (32).csv,81,4,B,E,7.459211929982057e-06,0.17088968697825707,1.7951060817823425e-05,0.000598098262031997,0.8284868044869632
1,B/b (32).csv,81,5,B,E,8.612052342309721e-06,0.12011561719421296,0.0011656281835787674,1.509687155884925e-05,0.8786950456983071
1,B/b (32).csv,81,6,B,B,0.0003095178623037076,0.8889003994516897,5.373408675745648e-07,0.0026430891391741092,0.1081464562059649
1,B/b (32).csv,81,7,B,B,7.696605013509353e-06,0.8527889384508541,0.000760980421860882,1.2559300832892413e-05,0.14642982522143858
1,B/b (32).csv,81,8,B,B,7.203048324658288e-06,0.8600056795901804,1.6310251907633003e-05,0.00309454711391287,0.13687625999567446
1,B/b (32).csv,81,9,B,B,7.124448149882589e-06,0.8762323441776229,0.0010484467574919595,2.0050751091361913e-05,0.12269203386564402
1,B/b (32).csv,81,10,B,B,6.858416861295362e-06,0.8516346134652665,0.0007301741947246715,1.158230549227178e-05,0.1476167716176552
1,B/b (32).csv,81,11,B,B,6.8874999113296135e-06,0.8488875918083224,0.0007231654855926183,1.1698476246432517e-05,0.1503706567299271
1,B/b (32).csv,81,12,B,B,6.936237355599394e-06,0.8571909045995374,0.0007588364820925492,1.223406793270274e-05,0.14203108861308197
1,B/b (32).csv,81,13,B,B,7.167563891232178e-06,0.8600437093246857,0.0010053253776377892,1.1265603024138878e-05,0.138932532130761
1,B/b (32).csv,81,14,B,B,0.00022120873986854946,0.8724216286474406,0.0014782623822268022,2.7423041391193955e-07,0.12587862600005015
1,B/b (32).csv,81,15,B,B,7.015387679649289e-06,0.8580310560726808,0.000876185056561302,1.1790307033688898e-05,0.14107395317604451
1,B/b (32).csv,81,16,B,B,6.925231671735612e-06,0.8511309466133604,0.0007446471410979148,1.141922532579361e-05,0.14810606178854416
1,B/b (32).csv,81,17,B,B,7.023926989990736e-06,0.876928610042261,0.0008876699616895498,1.2569702849563809e-05,0.12216412636620981
1,B/b (32).csv,81,18,B,B,8.314164730792945e-06,0.9272342570222797,0.0014496960820268758,2.6877511058836455e-05,0.07128085521990392
1,A/a (35).csv,34,0,A,A,0.9403031108114903,7.191132672883445e-05,4.233304755158359e-07,0.000820154240338747,0.05880440029096652
1,A/a (35).csv,34,1,A,A,0.9425901171227068,0.05612732320718702,4.3058512812827774e-07,1.312013912973131e-05,0.0012690089458483923
1,A/a (35).csv,34,2,A,A,0.8616321713487083,0.0018411291026710593,1.530648124493981e-05,2.427086822789984e-07,0.13651115035869352
1,A/a (35).csv,34,3,A,A,0.8928904773749782,0.0018315660555442976,3.812224198873748e-07,1.2878845842673593e-05,0.10526469650121502
1,A/a (35).csv,34,4,A,A,0.9662595092627326,2.437565837261607e-06,2.039105816105252e-05,0.032418299963223984,0.0012993621500450691
1,A/a (35).csv,34,5,A,A,0.8914857922136197,2.4115257100599636e-06,1.7954735912374663e-05,0.10672155348494235,0.0017722880398156418
1,A/a (35).csv,34,6,A,A,0.8833810875047138,2.4324438557353603e-06,1.6765513265113408e-05,0.0006593999694220371,0.11594031456874343
1,A/a (35).csv,34,7,A,A,0.8769583683231816,5.981629334277358e-05,0.0008693816667473563,2.700956662973219e-07,0.12211216362106193
1,A/a (35).csv,34,8,A,A,0.9230811284510623,2.493218371236882e-06,1.7384003680638586e-05,0.0009981602003288007,0.07590083412655703
1,A/a (35).csv,34,9,A,A,0.9129208168447162,2.494787760739593e-06,1.7490367667741857e-05,0.0005511004637918865,0.08650809753606352
1,A/a (35).csv,34,10,A,A,0.9394738626543686,7.324188124473186e-05,4.3268053125116777e-07,0.0006541211211519636,0.05979834166270324
1,A/a (35).csv,34,11,A,A,0.9545157716572412,0.044279172394668206,4.28758556219366e-07,1.3912476418041534e-05,0.0011907147131162297
1,A/a (35).csv,34,12,A,A,0.9581173267749037,2.6452060835582877e-06,1.8979655211681527e-05,0.0006170642125510328,0.04124398415125002
1,A/a (35).csv,34,13,A,A,0.9517487000037721,0.0017587478131573014,4.5217961029113987e-07,1.2305806599459518e-05,0.04647979419686084
1,A/a (35).csv,34,14,A,A,0.9948233823932344,0.00216502035301554,0.0016821968075364318,2.8474949939910635e-07,0.0013291156967140786
1,A/a (35).csv,34,15,A,A,0.9719693288261387,7.385772946704441e-05,2.3842227049505668e-05,0.027892550097329178,4.042112001546511e-05
1,A/a (35).csv,34,16,A,A,0.8642671705311226,0.13323591254082373,1.545995438886254e-05,2.459502568071388e-07,0.0024812110234080187
1,A/a (35).csv,34,17,A,A,0.8660907401124518,0.1330498395416002,0.0008447481797693192,1.358901504939531e-05,1.0831511291173388e-06
1,A/a (35).csv,34,18,A,A,0.8538099650548826,0.14551970832242064,3.834412185800324e-07,0.0006318607252186158,3.8082456259824104e-05
1,C/c (2).csv,101,0,C,C,6.940417102116942e-06,7.327083409098512e-05,0.8825757920776646,0.11410553301775887,0.003238463653383418
1,C/c (2).csv,101,1,C,D,6.956952523788701e-06,7.000196478465447e-05,0.15419582256016612,0.8440095113208393,0.0017177072016860452
1,C/c (2).csv,101,2,C,C,6.8912461064884555e-06,0.0019587321132628504,0.9067088098480869,0.09128565852595433,3.990826658952095e-05
1,C/c (2).csv,101,3,C,C,7.186002058947661e-06,0.002051430635703624,0.9196586955143624,0.07824424529476674,3.8442553108342854e-05
1,C/c (2).csv,101,4,C,C,7.397212376164659e-06,6.501288301099913e-05,0.8942389186085917,0.10079896294119149,0.004889708354829647
1,C/c (2).csv,101,5,C,C,7.875432118897917e-06,6.23658384591502e-05,0.9033691205233491,0.09138953935812831,0.005171098847944527
1,C/c (2).csv,101,6,C,C,0.0002213947983407797,2.28353694181239e-06,0.8705035943889599,0.12464697252912586,0.004625754746631736
1,C/c (2).csv,101,7,C,C,7.163993869663127e-06,5.971248868895772e-05,0.8695529770569898,0.12618380164483786,0.004196344815613738
1,C/c (2).csv,101,8,C,E,7.296533343518238e-06,5.876757815604745e-05,0.16855887345708542,0.002839062504291955,0.8285359999271231
1,C/c (2).csv,101,9,C,C,6.854875089948713e-06,5.891289014235371e-05,0.8841208588799607,0.11053394026296195,0.00527943309184517
1,C/c (2).csv,101,10,C,C,6.496697979930663e-06,5.776420999458947e-05,0.8673480939363488,0.130981851652748,0.0016057935029286652
1,C/c (2).csv,101,11,C,C,6.899000078198025e-06,5.956407996070853e-05,0.8780241624143319,0.11933113161944388,0.0025782428861854502
1,C/c (2).csv,101,12,C,C,6.984981154525872e-06,6.0861350088345e-05,0.8851376912014337,0.11026834275083933,0.0045261197164840365
1,C/c (2).csv,101,13,C,C,6.81622120242812e-06,5.9039037758842414e-05,0.8721265468992493,0.12230226839758873,0.0055053294442008035
1,C/c (2).csv,101,14,C,C,6.919162697636865e-06,5.978797740653207e-05,0.8940897835367477,0.1015120483106998,0.004331461012448463
1,C/c (2).csv,101,15,C,C,6.6309787492141185e-06,5.8712589736244176e-05,0.883045306134395,0.11282877627668424,0.0040605740204353435
1,C/c (2).csv,101,16,C,C,6.695163026665195e-06,6.0150777180206867e-05,0.8767617967373973,0.11970613718677607,0.0034652201356197704
1,C/c (2).csv,101,17,C,C,6.826176758850068e-06,6.807689418182651e-05,0.8783724403979359,0.12031762254393709,0.0012350339871862134
1,C/c (2).csv,101,18,C,C,7.758741105317616e-06,0.0022644573239172824,0.9163621717617346,0.08131716667045161,4.844550279115317e-05
1,D/d (26).csv,175,0,D,D,0.22891443471180337,8.353340871740495e-05,4.945422079519731e-07,0.7693135894853186,0.0016879478519527687
1,D/d (26).csv,175,1,D,D,0.2268378287190815,2.3072489926688362e-06,1.7185714251435576e-05,0.7717371258744097,0.001405552443264672
1,D/d (26).csv,175,2,D,D,0.006883945569122077,2.5108499513213526e-06,1.867142516900407e-05,0.8678018462339329,0.12529302592182479
1,D/d (26).csv,175,3,D,D,7.070003748137128e-06,6.579478626283556e-05,0.003433532536847784,0.8570404072840846,0.1394531953890568
1,D/d (26).csv,175,4,D,D,6.675635574922654e-06,6.199996253559313e-05,0.0013343942353237772,0.8511958456125781,0.14740108455398765
1,D/d (26).csv,175,5,D,D,0.0002727897232917673,8.591385504984326e-05,2.3713682392358608e-05,0.9095035185970235,0.09011406414224253
1,D/d (26).csv,175,6,D,D,0.0098442498940333,3.0309079928831227e-06,2.194690938202154e-05,0.9322991022692368,0.057831670019354985
1,D/d (26).csv,175,7,D,D,0.00028647102773631374,2.492915309683505e-06,0.10569206589877021,0.8924718257346291,0.0015471444235545734
1,D/d (26).csv,175,8,D,D,6.63970305549162e-06,5.6526182902559947e-05,0.16549623418948364,0.8316268584974582,0.002813741427100097
1,D/d (26).csv,175,9,D,D,6.706414583737906e-06,6.203866549900842e-05,0.1597654200492087,0.8360529279822931,0.004112906888415393
1,D/d (26).csv,175,10,D,D,7.134424487283136e-06,6.349873221995446e-05,0.15154722887767658,0.8462576339387041,0.0021245040269120153
1,D/d (26).csv,175,11,D,D,6.304070398102939e-06,7.551771185677198e-05,0.16370180184707492,0.8350985585359652,0.0011178178347051296
1,D/d (26).csv,175,12,D,D,6.374346288626245e-06,7.494811321503529e-05,0.16194551377310618,0.836923470564771,0.0010496932026191268
1,D/d (26).csv,175,13,D,D,7.296953052896953e-06,0.002521359626574039,0.0925377232413732,0.904898020974295,3.5599204704990225e-05
1,D/d (26).csv,175,14,D,D,7.228979993592332e-06,0.12274430582102532,0.0010054917402507212,0.8762055825889616,3.739086976877418e-05
1,D/d (26).csv,175,15,D,D,7.111216709392095e-06,0.14631569963628477,1.7125244666630163e-05,0.8489033391753112,0.004756724727027982
1,D/d (26).csv,175,16,D,E,8.08926114082596e-06,0.002871703009023285,2.201148182016382e-05,0.11101676095441644,0.8860814352935992
1,D/d (26).csv,175,17,D,D,6.77507980304772e-06,7.886328661697654e-05,0.0025447174720785604,0.8708684975385664,0.126501146622935
1,D/d (26).csv,175,18,D,A,0.8456274137696317,0.15266900047839138,3.93495825281157e-07,1.3150162011055243e-05,0.0016900420941406977
1,B/b (15).csv,64,0,B,B,7.938972417855424e-06,0.873892252531417,2.5006804660899497e-05,0.0006501611554685551,0.12542464053603578
1,B/b (15).csv,64,1,B,B,7.726945108914161e-06,0.8645408467587928,0.000936470789331723,1.5643950818674384e-05,0.13449931155594774
1,B/b (15).csv,64,2,B,B,8.936581734895036e-06,0.877185949591732,3.0021846279050915e-05,0.000995688058018228,0.1217794039222359
1,B/b (15).csv,64,3,B,B,7.548129544389293e-06,0.9011505477292053,0.0008733264195547696,1.5211065685352613e-05,0.09795336665601015
1,B/b (15).csv,64,4,B,B,7.623685516854663e-06,0.8609277798071865,1.8352940396983947e-05,0.0005832012506442115,0.13846304231625545
1,B/b (15).csv,64,5,B,B,7.331394126386895e-06,0.8636885882671105,0.000780401331294271,1.3392504998883558e-05,0.13551028650246993
1,B/b (15).csv,64,6,B,B,7.074682039220828e-06,0.857831890758229,2.0124739309822406e-05,0.0005768998705309206,0.14156400994989107
1,B/b (15).csv,64,7,B,D,7.370516404778174e-06,0.163546973961941,2.5671351176610515e-05,0.8349347089413773,0.0014852752291002042
1,B/b (15).csv,64,8,B,B,0.3447748370757088,0.6538023013343356,3.283850188574709e-07,0.0013803358812778718,4.219732365905561e-05
1,B/b (15).csv,64,9,B,B,0.0003818420308028233,0.9061900292115374,0.0015782265477274542,0.09184856666648226,1.3355434501997973e-06
1,B/b (15).csv,64,10,B,B,8.093389746950473e-06,0.92548856117542,2.6005354108201386e-05,0.07232402961150189,0.0021533104692229295
1,B/b (15).csv,64,11,B,B,7.243888782821431e-06,0.8719060543768054,0.0038217943575975188,1.1798940428254101e-05,0.12425310843638605
1,B/b (15).csv,64,12,B,B,8.37952158920728e-06,0.9378502015726642,0.003036981544446591,1.3176308723213149e-05,0.05909126105257678
1,B/b (15).csv,64,13,B,B,8.588443315426369e-06,0.9327631807921655,0.0009419210237976487,1.4455630134298673e-05,0.06627185411058713
1,B/b (15).csv,64,14,B,B,7.834317983890837e-06,0.8664111391411615,0.0008316328278476617,1.1729971904458376e-05,0.13273766374110252
1,B/b (15).csv,64,15,B,B,7.635276946291467e-06,0.8713975014214055,0.0007713480572117307,1.211071738037007e-05,0.12781140452705617
1,B/b (15).csv,64,16,B,B,7.073744630001023e-06,0.85977593747767,0.000934713579418324,1.1361904061124184e-05,0.13927091329422042
1,B/b (15).csv,64,17,B,B,7.179789455106114e-06,0.8503761959189867,0.003424190428007241,1.0975853585360544e-05,0.14618145800996563
1,B/b (15).csv,64,18,B,B,7.352026595218173e-06,0.8383911906165031,0.15919406073589223,1.1227908575907232e-05,0.002396168712433218
1,A/a (10).csv,9,0,A,A,0.9663381698776669,0.0021860775789568072,4.5349390313495976e-07,0.03143964609926732,3.5652950205906624e-05
1,A/a (10).csv,9,1,A,A,0.9472176106798857,0.05170965122748134,1.8510514005103197e-05,2.787553741879675e-07,0.0010539488232536715
1,A/a (10).csv,9,2,A,A,0.8816521836115889,0.005613709123596026,0.11270219936338337,2.5171457482569067e-07,3.165618685694339e-05
1,A/a (10).csv,9,3,A,A,0.9265928763695268,0.002020600947236482,0.07135227716901227,2.828599522090862e-07,3.3962654272305636e-05
1,A/a (10).csv,9,4,A,A,0.9737835409013289,6.705463646928171e-05,2.0078458631145604e-05,0.026094715059523668,3.4610944047099204e-05
1,A/a (10).csv,9,5,A,A,0.9425006974627061,6.477445982323679e-05,0.0008666951718250967,0.056566687930198305,1.1449754471175737e-06
1,A/a (10).csv,9,6,A,A,0.8960000544434372,2.412367132979422e-06,1.7384822484341347e-05,0.10269956824234634,0.0012805801245992744
1,A/a (10).csv,9,7,A,A,0.8983188093252429,6.182855006519442e-05,4.35026875175592e-07,0.10018912126877111,0.0014298058290456808
1,A/a (10).csv,9,8,A,A,0.8815743622214378,6.0276148721986525e-05,4.0103259856876784e-07,0.1171864048101445,0.0011785557870969718
1,A/a (10).csv,9,9,A,A,0.9436651874388389,0.05522603544033426,2.231491209679002e-05,3.043910333293861e-07,0.0010861578176968108
1,A/a (10).csv,9,10,A,A,0.9666639610181202,6.981634919311031e-05,0.0008541793311425334,0.032410903042283674,1.1402592604989936e-06
1,A/a (10).csv,9,11,A,A,0.9659232180887377,2.6507146078856873e-06,2.0974707661147088e-05,0.03284423231104378,0.0012089241779492958
1,A/a (10).csv,9,12,A,A,0.946075600944089,0.05329111290162758,1.9659266135401395e-05,0.0006125242930586821,1.1025950892899573e-06
1,A/a (10).csv,9,13,A,A,0.9205052551391696,0.07861988899748683,0.0008410462045896031,2.926223999503723e-07,3.351703635402699e-05
1,A/a (10).csv,9,14,A,A,0.9039142066950482,0.0018669083859506736,0.09420525478791215,1.2608360055583598e-05,1.0217710333635975e-06
1,A/a (10).csv,9,15,A,A,0.8558203381728273,0.0015881180352548254,0.14256131658064336,2.6910042032213694e-07,2.9958110854066086e-05
1,A/a (10).csv,9,16,A,A,0.8885820193836411,7.368269553352969e-05,0.11078150310201501,0.0005617158413159218,1.0789774945287276e-06
1,A/a (10).csv,9,17,A,A,0.8746525000528717,0.12477590638343576,1.672443896471391e-05,0.0005539062002820396,9.629244459419163e-07
1,A/a (10).csv,9,18,A,A,0.9270460418352446,0.0723055727076953,1.9477141326322136e-05,0.0006279040406047163,1.0042751290702599e-06
1,B/b (24).csv,73,0,B,B,8.0497614536242e-06,0.8951803496958055,1.7428652611887883e-05,0.0006565325453103735,0.10413763934481868
1,B/b (24).csv,73,1,B,B,7.3363850139651385e-06,0.8847295444190187,0.0009641574631158762,1.2918209490168923e-05,0.11428604352336122
1,B/b (24).csv,73,2,B,B,7.26765261409108e-06,0.8671570478683978,0.0008175241841627638,1.4614598486224542e-05,0.13200354569633924
1,B/b (24).csv,73,3,B,B,7.703043075322032e-06,0.8716958434998329,0.0009307883700783048,1.6581282904130107e-05,0.12734908380410936
1,B/b (24).csv,73,4,B,B,7.725369293006571e-06,0.8677938269922619,0.0008800101217787518,1.674158830885831e-05,0.13130169592835741
1,B/b (24).csv,73,5,B,B,7.509393201296409e-06,0.8745072283146985,0.000806472677658386,1.2862446696579499e-05,0.12466592716774516
1,B/b (24).csv,73,6,B,B,0.00026367224557506013,0.8591387468488773,4.4731067375879324e-07,0.0010136734864975754,0.13958346010837627
1,B/b (24).csv,73,7,B,A,0.8835214683213475,0.004074527616654533,3.858271802060252e-07,0.11231879580368818,8.48224311295577e-05
1,B/b (24).csv,73,8,B,A,0.8829894481504877,0.00633971097895169,3.751291491843719e-07,0.11062621959503624,4.4246146375161906e-05
1,B/b (24).csv,73,9,B,B,0.0003377188506962458,0.9593656440267819,0.0009508486910183392,0.03934450259011391,1.2858413896328985e-06
1,B/b (24).csv,73,10,B,B,7.5076173260452556e-06,0.8777743599603115,2.732378746413e-05,0.1205724446985136,0.0016183639363846448
1,B/b (24).csv,73,11,B,B,7.023149358300747e-06,0.8582468245874565,0.0026584935575717917,1.3397696056257438e-05,0.13907426100955708
1,B/b (24).csv,73,12,B,B,0.0002488085567254326,0.8698918821379675,4.776049013289891e-07,0.0006578008974183261,0.12920103080298737
1,B/b (24).csv,73,13,B,B,8.889956744222301e-06,0.9120990916938646,1.9867179855821555e-05,0.0006014402628949713,0.08727071090664036
1,B/b (24).csv,73,14,B,B,0.009283965075355427,0.889716083450692,4.31836393095502e-07,1.3822283916098728e-05,0.10098569735364342
1,B/b (24).csv,73,15,B,B,1.1517906943905495e-05,0.9495277047460132,0.0009657534038563219,1.413106066642292e-05,0.04948089288252016
1,B/b (24).csv,73,16,B,B,8.33728853287345e-06,0.9010608959962513,0.09778891779026767,1.2941395719989522e-05,0.001128907529228274
1,B/b (24).csv,73,17,B,B,8.40724219284491e-06,0.9412798417783754,0.0010531673360912824,1.4716235369946138e-05,0.05764386740797039
1,B/b (24).csv,73,18,B,B,7.164642359721852e-06,0.8647977155359623,0.0012401486855752781,1.1485785201691636e-05,0.13394348535090098
1,C/c (18).csv,117,0,C,C,6.721255531762295e-06,0.14267999907850953,0.85665367825988,0.0006261494115704534,3.34519945083358e-05
1,C/c (18).csv,117,1,C,C,6.460766856856018e-06,0.16720149622391323,0.8319442056508527,0.0008186245753966349,2.921278298051927e-05
1,C/c (18).csv,117,2,C,C,6.235163026658814e-06,0.16973018143473315,0.829275042773658,1.4759855996765715e-05,0.0009737807725854404
1,C/c (18).csv,117,3,C,C,6.255314762880276e-06,0.1593796613341029,0.839207407951806,1.1586449863631771e-05,0.0013950889494646942
1,C/c (18).csv,117,4,C,C,6.810556454094239e-06,0.002206324809112666,0.9140319798574953,0.08371114044682695,4.374433011095184e-05
1,C/c (18).csv,117,5,C,C,6.675068967556416e-06,6.607566456427226e-05,0.8809379000409253,0.11717139573279749,0.0018179534927452127
1,C/c (18).csv,117,6,C,C,6.8702077433920125e-06,6.705642537530032e-05,0.885931718624137,0.11007613815743444,0.0039182165853098635
1,C/c (18).csv,117,7,C,C,7.0066828255040795e-06,6.238537673855553e-05,0.8780499012355998,0.12061504573684163,0.0012656609679944568
1,C/c (18).csv,117,8,C,C,7.015863160646756e-06,8.850156924320135e-05,0.8813334533058785,0.11684491837087432,0.0017261108908432888
1,C/c (18).csv,117,9,C,C,6.99075463058169e-06,0.1252212126474444,0.8728780710503484,0.001837413301054365,5.631224652240192e-05
1,C/c (18).csv,117,10,C,C,6.7921469987837996e-06,0.12025657850639387,0.878320487440914,2.6416803996784207e-05,0.0013897251016965983
1,C/c (18).csv,117,11,C,C,7.791737757942898e-06,0.0029903881768866187,0.9616271362823076,0.03534020437378959,3.447942925828629e-05
1,C/c (18).csv,117,12,C,C,6.886509136978602e-06,0.1535331065008592,0.8454148913907723,1.23691042892202e-05,0.0010327464949421298
1,C/c (18).csv,117,13,C,C,6.682610540402985e-06,0.16234016775030474,0.8368504854311113,0.0007708867110125975,3.177749703086993e-05
1,C/c (18).csv,117,14,C,C,6.510589925909846e-06,0.14014648921487396,0.8589619834131746,0.0008533247400841453,3.169204194136948e-05
1,C/c (18).csv,117,15,C,C,6.28266912179968e-06,0.15299778904388836,0.845893223090988,1.3678381814664333e-05,0.0010890268141872839
1,C/c (18).csv,117,16,C,C,6.536510884813118e-06,0.13902428193580818,0.859754435991561,1.2661307981569666e-05,0.0012020842537644163
1,C/c (18).csv,117,17,C,C,6.677284507104399e-06,0.16829650852982683,0.8306450471034212,1.164720439701023e-05,0.0010401198778478406
1,C/c (18).csv,117,18,C,B,7.083239060852035e-06,0.8650768600469465,0.13367896142109928,1.2942842557391465e-05,0.0012241524503358938
1,C/c (27).csv,126,0,C,C,6.3630555970527175e-06,0.15858355703763097,0.8394602925496785,0.0019130163416690067,3.677101542433854e-05
1,C/c (27).csv,126,1,C,C,8.44296987941482e-06,0.00011713949427478952,0.9190964990972736,0.0011077153644822248,0.0796702030740899
1,C/c (27).csv,126,2,C,C,8.993285060524395e-06,0.00012102913255603116,0.8943921268124968,0.0013023202741035142,0.10417553049578317
1,C/c (27).csv,126,3,C,C,6.942960683766665e-06,8.548592399234219e-05,0.899503292130402,0.0006429907227411947,0.09976128826218067
1,C/c (27).csv,126,4,C,E,8.878287823937061e-06,7.318341476377998e-05,0.14303547383630846,0.0007445210967890271,0.8561379433643148
1,C/c (27).csv,126,5,C,D,0.01951311750843042,2.598768636780706e-06,0.1280811372473317,0.8523646115215164,3.853495408458536e-05
1,C/c (27).csv,126,6,C,C,9.12966990845854e-06,7.342664121711608e-05,0.9064058126311931,0.08920667059662037,0.0043049604610608935
1,C/c (27).csv,126,7,C,C,6.72762174153842e-06,5.9580283756418985e-05,0.8525075321323705,0.0006944772430281166,0.1467316827191033
1,C/c (27).csv,126,8,C,C,6.89214158369891e-06,5.798766111482743e-05,0.8642903903130692,0.0012272087613759489,0.13441752112285626
1,C/c (27).csv,126,9,C,C,6.551969035355369e-06,6.538792126619863e-05,0.8533565527295445,0.0005519416062697164,0.14601956577388417
1,C/c (27).csv,126,10,C,C,6.6069787602458315e-06,6.283395445370001e-05,0.8621091826840246,0.0006863095919756194,0.137135066790786
1,C/c (27).csv,126,11,C,C,6.902911783434754e-06,6.91557923874537e-05,0.8841663025463881,0.0007412437604429211,0.1150163949889981
1,C/c (27).csv,126,12,C,C,6.827689815054954e-06,7.39098462392311e-05,0.917832951008615,0.0010481857937182102,0.0810381256616126
1,C/c (27).csv,126,13,C,C,6.750646591246423e-06,0.00010171330958750213,0.9181766343503367,0.0013422707308460592,0.0803726309626384
1,C/c (27).csv,126,14,C,C,6.895361270059456e-06,0.00017130964061853562,0.9306689751460792,0.06706000050885662,0.0020928193431756785
1,C/c (27).csv,126,15,C,C,6.7687827315622525e-06,0.1048231862911378,0.8916387354003283,1.4249266555817526e-05,0.0035170602592465568
1,C/c (27).csv,126,16,C,C,7.205098744471241e-06,0.0701601021023745,0.9285287281220772,1.440565391473834e-05,0.001289559022889062
1,C/c (27).csv,126,17,C,B,6.861400107026193e-06,0.8378050153731196,0.15901460492039135,1.2508689478142019e-05,0.0031610096169039092
1,C/c (27).csv,126,18,C,C,7.793292051662315e-06,0.093854055555057,0.9053172367511138,0.0007849032897887753,3.601111198882102e-05
1,E/e (9).csv,208,0,E,B,7.168327030522866e-06,0.8712451411618694,0.1261116604089137,0.0025769596932320223,5.9070408954319155e-05
1,E/e (9).csv,208,1,E,E,6.511009977223227e-06,0.15843559502809326,0.0023086335121540115,1.5633851058214368e-05,0.8392336265987173
1,E/e (9).csv,208,2,E,E,7.560736397370693e-06,0.13097752118654257,0.0013799461425352188,1.4480138762376002e-05,0.8676204917957625
1,E/e (9).csv,208,3,E,E,6.724299846184733e-06,0.15475908501606606,0.003302871972813193,1.4725448131234697e-05,0.8419165932631433
1,E/e (9).csv,208,4,E,E,6.609482242140543e-06,0.15034934227363814,0.0016062354515636,2.94278725355529e-05,0.8480083849200206
1,E/e (9).csv,208,5,E,E,7.525623585126825e-06,0.1604556299389683,1.7664005503110428e-05,0.0011489223302046494,0.8383702581017389
1,E/e (9).csv,208,6,E,E,0.00025091766075807187,0.002366543002264579,4.540880261431658e-07,0.1162731576483674,0.8811089276005838
1,E/e (9).csv,208,7,E,E,0.00024321259300377982,0.0033838764666855596,4.7538517393092344e-07,0.12704384667302407,0.8693285888821127
1,E/e (9).csv,208,8,E,E,7.582529520002576e-06,6.84578293110427e-05,0.0009613403903790924,0.13326435846051551,0.8656982607902743
1,E/e (9).csv,208,9,E,E,8.391532182329393e-06,7.504169841719081e-05,0.0009114202044430707,0.11909577182617886,0.8799093747387786
1,E/e (9).csv,208,10,E,E,0.008865632675127797,8.07698722021154e-05,4.7332977910127545e-07,0.12985825676628007,0.861194867356611
1,E/e (9).csv,208,11,E,E,7.888976636674757e-06,0.001969032029055382,1.873114578187996e-05,0.1271943220184609,0.8708100258300652
1,E/e (9).csv,208,12,E,E,7.510160635485288e-06,0.0025764486152667163,1.827652491016072e-05,0.13417558464611845,0.8632221800530692
1,E/e (9).csv,208,13,E,E,7.497066769456171e-06,0.0018872191001237802,1.8556345175286977e-05,0.12576196479484744,0.872324762693084
1,E/e (9).csv,208,14,E,E,8.12777224180534e-06,0.002533985402228641,2.162460990037487e-05,0.05332558708553486,0.9441106751300943
1,E/e (9).csv,208,15,E,E,7.177150234221361e-06,0.1483442756367046,2.1913972188916344e-05,0.0016098393902324155,0.8500167938506399
1,E/e (9).csv,208,16,E,E,8.172754419961588e-06,9.439973435146522e-05,0.0019090430869258632,0.04617500636947669,0.951813378054826
1,E/e (9).csv,208,17,E,E,7.125332238791434e-06,7.435426511642736e-05,0.0036046488045748584,0.1269526656430098,0.8693612059550602
1,E/e (9).csv,208,18,E,E,6.858377075083026e-06,0.17063182780084254,1.9924129293245656e-05,0.00200409090421655,0.8273372987885725
1,C/c (1).csv,100,0,C,C,6.593867033036662e-06,0.005594336408095855,0.8823120080530774,0.11205325199422189,3.380967757176516e-05
1,C/c (1).csv,100,1,C,C,6.361788040756185e-06,0.0026604204020524947,0.8735384554759227,0.12375867591977663,3.6086414207590624e-05
1,C/c (1).csv,100,2,C,C,6.4722799876555054e-06,0.0001509768620364605,0.860249004453221,0.0010254494735378132,0.13856809693121733
1,C/c (1).csv,100,3,C,C,6.496988973071613e-06,9.675761793552082e-05,0.8754314566799277,0.12063082543431249,0.003834463278851254
1,C/c (1).csv,100,4,C,C,6.5147937754683404e-06,0.002149036154811495,0.8751749781015369,0.12263219312063141,3.727782924478599e-05
1,C/c (1).csv,100,5,C,C,6.590085712178687e-06,7.77577781678256e-05,0.8802028208673767,0.1148615055593995,0.004851325709343946
1,C/c (1).csv,100,6,C,C,7.173581360152171e-06,6.584834790714564e-05,0.8900128620128661,0.10841109767147489,0.0015030183863918006
1,C/c (1).csv,100,7,C,C,6.890173723467998e-06,5.923415394475323e-05,0.8696488715710101,0.12854704081777366,0.0017379632835481415
1,C/c (1).csv,100,8,C,C,6.603036728522771e-06,5.714573179686465e-05,0.8642972320970238,0.13280057029614525,0.0028384488383054463
1,C/c (1).csv,100,9,C,C,6.589358700131965e-06,5.979820044710415e-05,0.8769825767764841,0.12179289586029379,0.001158139804074815
1,C/c (1).csv,100,10,C,C,6.65117914840973e-06,6.358486501815802e-05,0.8754866292518916,0.12325848163166166,0.001184653072280237
1,C/c (1).csv,100,11,C,C,6.783972065004978e-06,6.890065400778873e-05,0.8859010742075859,0.11195101982415241,0.0020722213421890913
1,C/c (1).csv,100,12,C,C,6.912864082340342e-06,6.830474027867553e-05,0.8796303923086841,0.11902503836237209,0.001269351724582662
1,C/c (1).csv,100,13,C,C,6.39383647301248e-06,5.981084485102814e-05,0.8617528960811215,0.13442811246203878,0.0037527867755157212
1,C/c (1).csv,100,14,C,C,6.279704340038183e-06,5.8654057003688714e-05,0.8656870033530781,0.13242774207904512,0.0018203208065329373
1,C/c (1).csv,100,15,C,C,6.34343108935473e-06,5.967806408106045e-05,0.8684510069852913,0.12771344541153837,0.003769526107999971
1,C/c (1).csv,100,16,C,C,7.2689530230467526e-06,6.989520132804565e-05,0.879943300149489,0.11812890598935771,0.0018506297068022347
1,C/c (1).csv,100,17,C,C,6.530517377908825e-06,6.445652244327584e-05,0.878869931571914,0.1164812029063767,0.004577878481888069
1,C/c (1).csv,100,18,C,C,6.761627928406645e-06,7.758924458132574e-05,0.8843426891359306,0.11331708930286245,0.002255870688697182
1,A/a (46).csv,45,0,A,A,0.8413798145831825,0.15703711022047742,3.9199971844148744e-07,1.1316459732535032e-05,0.0015713667368891543
1,A/a (46).csv,45,1,A,A,0.8748674484679065,0.12387666215305783,4.3655191939807134e-07,1.2557387813612462e-05,0.0012428954393026036
1,A/a (46).csv,45,2,A,A,0.86954917087249,0.1293996833968249,1.7498738620541212e-05,2.5087306458618636e-07,0.0010333961189999174
1,A/a (46).csv,45,3,A,A,0.8629409755453806,0.003923299838709762,1.6871520129060696e-05,2.4780965697169297e-07,0.13311860528612363
1,A/a (46).csv,45,4,A,A,0.8735005722453678,2.308731529937519e-06,0.0009079458198933682,1.1901747596065476e-05,0.1255772714556128
1,A/a (46).csv,45,5,A,A,0.93268341621925,2.566128525566909e-06,2.0489541064572743e-05,0.0007047983296204653,0.06658872978153943
1,A/a (46).csv,45,6,A,A,0.9076325172088943,2.4703542094932988e-06,2.3444744478204864e-05,0.09121586267718162,0.001125705015236308
1,A/a (46).csv,45,7,A,A,0.9095968717865839,2.37869911371797e-06,2.2020044800667464e-05,0.0873915844827562,0.0029871449867454867
1,A/a (46).csv,45,8,A,A,0.8732412783161639,2.3135065649070635e-06,0.1232318897730148,1.2400927188880386e-05,0.0035121174770674233
1,A/a (46).csv,45,9,A,A,0.9043392578347138,0.0019147825674440773,4.412594673909115e-07,0.09370767529749298,3.78430408817028e-05
1,A/a (46).csv,45,10,A,A,0.8793465030612674,2.423162011263553e-06,1.7687889466173484e-05,0.11966822203146232,0.0009651638557929423
1,A/a (46).csv,45,11,A,A,0.8784628674661441,0.12071980994924221,1.8450342837242548e-05,0.0007978124214787736,1.0598202975804114e-06
1,A/a (46).csv,45,12,A,A,0.9009532117396464,0.0977872431360213,2.3400627139938216e-05,2.9928673425571203e-07,0.001235845210458283
1,A/a (46).csv,45,13,A,A,0.8391545808935514,0.15952172464837852,3.807757336388979e-07,1.4439486768023045e-05,0.0013088741955684412
1,A/a (46).csv,45,14,A,A,0.85719604336617,0.14166666317146404,4.106587715078975e-07,1.3558811765252783e-05,0.0011233239918292523
1,A/a (46).csv,45,15,A,A,0.8621304583763794,0.13730163046639848,1.9298849499463765e-05,0.0005476240517643979,9.882559581702858e-07
1,A/a (46).csv,45,16,A,A,0.899586656559281,0.0020287178209344157,4.753266270302223e-07,0.09835023789974233,3.3912393415089456e-05
1,A/a (46).csv,45,17,A,A,0.8472294573622174,0.1520116182102739,4.009788083297176e-07,0.0007296165345253629,2.8906914175031028e-05
1,A/a (46).csv,45,18,A,B,0.32990321139302825,0.6693195992457894,4.378803296324408e-07,0.00074905819011447,2.7693290738059252e-05
1,E/e (27).csv,226,0,E,E,7.817916650925606e-06,0.1480472635172288,2.1087516335149868e-05,0.0015224005850534173,0.8504014304647317
1,E/e (27).csv,226,1,E,E,7.805494986920529e-06,0.0042027132837171455,0.0023206506237675403,0.0029718235026968244,0.9904970070948316
1,E/e (27).csv,226,2,E,E,6.873164111202379e-06,0.12315985618632788,0.001310150482515826,5.834195377352659e-05,0.8754647782132716
1,E/e (27).csv,226,3,E,E,6.46630762119093e-06,0.1765797431943448,0.001159713041212648,1.281543232309944e-05,0.8222412620244982
1,E/e (27).csv,226,4,E,E,8.043430352272695e-06,0.14230478318451886,2.1332706150587333e-05,0.0013576592133473539,0.8563081814656309
1,E/e (27).csv,226,5,E,E,7.971693989756118e-06,0.00488246086609331,3.5629036222317816e-05,0.07457849121845073,0.9204954471852439
1,E/e (27).csv,226,6,E,E,8.530520042543984e-06,0.0027994622469611893,2.7110085271498578e-05,0.09653963331014336,0.9006252638375815
1,E/e (27).csv,226,7,E,E,7.651207778345246e-06,7.295885953619005e-05,0.08288179911673109,0.0018157883676867001,0.9152218024482678
1,E/e (27).csv,226,8,E,E,7.75995587223349e-06,0.0020805119898338457,2.2269623249862218e-05,0.061181608333864095,0.93670785009718
1,E/e (27).csv,226,9,E,E,8.569057748445419e-06,0.07766833423885618,2.3813017165471468e-05,0.0014406547980046352,0.9208586288882252
1,E/e (27).csv,226,10,E,E,8.075642626995745e-06,0.0022681708413838887,2.3157283037560026e-05,0.08479689732266407,0.9129036989102874
1,E/e (27).csv,226,11,E,E,8.160120898037817e-06,0.0026095168826461537,2.172620600048903e-05,0.07506279473302022,0.9222978020574351
1,E/e (27).csv,226,12,E,E,7.0626854998079426e-06,0.0019998662829204985,2.0422725351887148e-05,0.11718926586560868,0.8807833824406192
1,E/e (27).csv,226,13,E,D,6.87066353388662e-06,6.578237309728237e-05,0.0008687042825044907,0.8495883103938149,0.1494703322870495
1,E/e (27).csv,226,14,E,E,6.719571990065427e-06,6.186289068980208e-05,0.14477683102674602,0.0029264919189394847,0.8522280945916346
1,E/e (27).csv,226,15,E,E,6.848929258637685e-06,6.631111480708301e-05,0.13789412816146152,0.001828562582301159,0.8602041492121715
1,E/e (27).csv,226,16,E,E,8.443372995318516e-06,8.218481198583707e-05,0.0010411654116882576,0.091291594500721,0.9075766119026095
1,E/e (27).csv,226,17,E,E,8.157102672150719e-06,8.09960466110445e-05,0.0010310643182002287,0.04026467844710904,0.9586151040854075
1,E/e (27).csv,226,18,E,B,0.00024620606121376854,0.8757985960866489,4.358624894680333e-07,0.001449398072914571,0.12250536391673318
1,C/c (21).csv,120,0,C,C,7.05311168841954e-06,0.005098141547713139,0.9298176378023719,0.06503917448421664,3.7993054009873105e-05
1,C/c (21).csv,120,1,C,C,7.072359516249117e-06,0.0021641840154638255,0.9258894635444896,0.07190524394015628,3.403614037413112e-05
1,C/c (21).csv,120,2,C,C,7.4117570669528035e-06,8.084806677083678e-05,0.9566226163350275,0.04152139157643785,0.0017677322646968243
1,C/c (21).csv,120,3,C,C,6.811461773203531e-06,6.880632167120223e-05,0.8851828693322834,0.11278937135355728,0.0019521415307150556
1,C/c (21).csv,120,4,C,D,6.3070430847318525e-06,5.681738466540844e-05,0.16920463624264748,0.8270390546186234,0.0036931847109791163
1,C/c (21).csv,120,5,C,C,6.797613602234766e-06,5.770165997070534e-05,0.8685035770547843,0.12670551293672214,0.004726410734920718
1,C/c (21).csv,120,6,C,C,6.8692282373105605e-06,5.726139502379103e-05,0.8757449360365456,0.12031350105893979,0.00387743228125353
1,C/c (21).csv,120,7,C,C,6.433170272195561e-06,6.0641613244332875e-05,0.8667748087218669,0.12770208628808608,0.0054560302065304106
1,C/c (21).csv,120,8,C,C,6.702355363685148e-06,6.291836313771678e-05,0.888653842188447,0.10723512770904897,0.004041409384002788
1,C/c (21).csv,120,9,C,C,6.566150269730416e-06,6.080481603996584e-05,0.8706282023033936,0.12804278805525854,0.0012616386750381175
1,C/c (21).csv,120,10,C,C,7.308439110902772e-06,7.404701715093214e-05,0.9312191146384391,0.06536861427907441,0.003330915626224603
1,C/c (21).csv,120,11,C,C,8.109340374418947e-06,7.282996447018333e-05,0.9548966631324283,0.0006806484583045749,0.04434174910442264
1,C/c (21).csv,120,12,C,C,6.73577121513843e-06,0.005406794220155815,0.8692095416089591,1.2771914402033206e-05,0.12536415648526783
1,C/c (21).csv,120,13,C,C,6.813397739811536e-06,0.12209107564268679,0.8748146814932892,1.3119622317690888e-05,0.00307430984396643
1,C/c (21).csv,120,14,C,C,7.542946260245672e-06,0.001712812237606959,0.8992554330719775,1.1940222392907132e-05,0.0990122715217624
1,C/c (21).csv,120,15,C,C,8.114543333760059e-06,0.07943079873342543,0.9189828174641835,1.710419229579556e-05,0.0015611650667614171
1,C/c (21).csv,120,16,C,C,6.575346328307295e-06,0.16240859832534912,0.8362290195559589,0.0013237307291608434,3.2076043202971646e-05
1,C/c (21).csv,120,17,C,C,0.0002813864125811838,0.08744223058727126,0.9115444460346699,0.0007306990791758712,1.2378863017553389e-06
1,C/c (21).csv,120,18,C,C,6.6620005615991154e-06,0.1556759494718039,0.8430131785646694,1.2776784355455749e-05,0.0012914331786095072
1,D/d (37).csv,186,0,D,D,0.00022827671473794965,2.5610333467601906e-06,0.06678820946759641,0.9292076072698426,0.0037733455144761912
1,D/d (37).csv,186,1,D,D,7.714019300689035e-06,6.763324696920006e-05,0.10558178998487855,0.8932362478047206,0.001106614944131033
1,D/d (37).csv,186,2,D,D,6.751601171110055e-06,6.361475706357366e-05,0.15832371761827346,0.8369887409532608,0.004617175070230969
1,D/d (37).csv,186,3,D,D,6.901082535201601e-06,6.470214810890272e-05,0.11731601650079491,0.8778861492222254,0.004726231046335548
1,D/d (37).csv,186,4,D,D,6.815668069017476e-06,6.626411461994929e-05,0.13843929698408658,0.8586064804094188,0.0028811428238055604
1,D/d (37).csv,186,5,D,D,7.115413125330495e-06,6.180249466612851e-05,0.13227869429533012,0.8661971004377257,0.001455287359152748
1,D/d (37).csv,186,6,D,D,7.971276039878869e-06,8.840710578544014e-05,0.06112527883102971,0.9371191286856421,0.0016592141015028712
1,D/d (37).csv,186,7,D,D,0.009885724496275445,0.003265148490676446,0.0012649289403644714,0.9855829415391627,1.2565335209370368e-06
1,D/d (37).csv,186,8,D,D,0.00965138256418202,0.006401597194054431,5.040612713219158e-07,0.9825696234944942,0.001376892685998135
1,D/d (37).csv,186,9,D,D,0.0003117925407202045,0.11172560429730051,4.6433569479899976e-07,0.8867029985997529,0.0012591402265315428
1,D/d (37).csv,186,10,D,D,7.981372589092683e-06,0.16364047020828557,1.737776135860863e-05,0.8352232565539025,0.001110914103864191
1,D/d (37).csv,186,11,D,D,7.225220399463145e-06,0.0001102631020289838,0.1104591890458804,0.8871405406696664,0.002282781962024783
1,D/d (37).csv,186,12,D,D,8.04024862685727e-06,0.002718164007363304,0.05951716011313169,0.9377161663166469,4.046931423119374e-05
1,D/d (37).csv,186,13,D,D,6.863299833797218e-06,0.006565063980008816,0.12248712742510051,0.8709054977929603,3.544750209664355e-05
1,D/d (37).csv,186,14,D,D,6.549987904024952e-06,0.00010270157957142767,0.1376635372543497,0.8605628662884602,0.0016643448897146545
1,D/d (37).csv,186,15,D,D,6.585861877316838e-06,7.313657977702667e-05,0.1126337831756926,0.8832784973864066,0.004007996996246428
1,D/d (37).csv,186,16,D,D,6.490423691680578e-06,7.466087254629931e-05,0.15555967525185083,0.8428382727247772,0.001520900727134155
1,D/d (37).csv,186,17,D,D,6.64405584813413e-06,0.16604581493688572,0.004066491428355935,0.8298478734360075,3.317614290263851e-05
1,D/d (37).csv,186,18,D,D,0.27937427311782714,7.099805535823015e-05,3.9544225742157373e-07,0.7189335538075067,0.0016207795770505197
1,A/a (29).csv,28,0,A,A,0.959773007496249,7.379391559610866e-05,4.0812300508746475e-07,0.0007622428166290527,0.039390547648520846
1,A/a (29).csv,28,1,A,A,0.8736998606484014,0.002157066803916084,1.7610714414923865e-05,2.631159273202913e-07,0.12412519871734025
1,A/a (29).csv,28,2,A,A,0.8692729394362723,0.003426098750337628,1.578660364009352e-05,2.5447825009709236e-07,0.12728492073149983
1,A/a (29).csv,28,3,A,A,0.9120194508514754,6.289583937296794e-05,0.0007643806276404071,2.77948082412975e-07,0.08715299473342873
1,A/a (29).csv,28,4,A,A,0.8756316640987524,2.2124119654058985e-06,0.0008133476013960402,1.0811651828333656e-05,0.12354196423605796
1,A/a (29).csv,28,5,A,A,0.8928781623720718,2.22784674772083e-06,0.0009343087481379183,1.1460590459703697e-05,0.10617384044258293
1,A/a (29).csv,28,6,A,A,0.932161786704996,2.5203224915399807e-06,2.1967374430107174e-05,0.0647489919623903,0.0030647336356920503
1,A/a (29).csv,28,7,A,A,0.8822086857724241,2.424522351115797e-06,2.0334299254007417e-05,0.0024170194942497152,0.11535153591172102
1,A/a (29).csv,28,8,A,A,0.9461911493743802,2.4862516698829003e-06,1.925720588145688e-05,0.0009112306833168704,0.052875876484751574
1,A/a (29).csv,28,9,A,A,0.9146265172579238,0.0016661196638563561,4.0491334304639675e-07,0.08367059883147804,3.635933339880331e-05
1,A/a (29).csv,28,10,A,A,0.8999393273332446,2.5275817461651407e-06,1.9074160116496007e-05,0.09892176032264863,0.0011173106022440134
1,A/a (29).csv,28,11,A,A,0.8991217533916612,2.4350639775746948e-06,1.9640560958143036e-05,0.0017068607111379909,0.09914931027226513
1,A/a (29).csv,28,12,A,A,0.8871117090081384,2.2348361222869813e-06,0.1096108413881517,1.2483046805751416e-05,0.003262731720782038
1,A/a (29).csv,28,13,A,A,0.8894124470513977,0.10958753091819654,3.9664918004565755e-07,1.3159605811936092e-05,0.0009864657754138017
1,A/a (29).csv,28,14,A,A,0.9641530843979027,0.00220891258803999,4.196225770060826e-07,0.03359608422756671,4.1499163913540486e-05
1,A/a (29).csv,28,15,A,A,0.9197061627431248,0.07971911658697077,4.789773885042375e-07,0.000540920100217007,3.332159229895913e-05
1,A/a (29).csv,28,16,A,A,0.9033250687298288,0.001783012504194491,1.690969550326431e-05,2.678537343440139e-07,0.09487474121673913
1,A/a (29).csv,28,17,A,A,0.8922629875884464,7.002824260382546e-05,0.0008027284412085901,2.5200952302513555e-07,0.10686400371821828
1,A/a (29).csv,28,18,A,A,0.8935266987229207,0.0023204564944843942,1.6507826440935468e-05,2.6327359878019377e-07,0.1041360736825551
1,A/a (16).csv,15,0,A,A,0.9013388535485851,9.345471677386414e-05,6.264015069301166e-07,0.0009925807549576431,0.09757448457817636
1,A/a (16).csv,15,1,A,A,0.902320953052621,9.451463428145204e-05,6.311577002454079e-07,0.0010111174754756068,0.09657278367992171
1,A/a (16).csv,15,2,A,A,0.957773182500155,0.0017781807558067218,4.262241327188484e-07,1.3137068025953475e-05,0.0404350734518797
1,A/a (16).csv,15,3,A,A,0.9442348319225965,2.4511074499858302e-06,0.0012387301362931005,1.2253318949863802e-05,0.05451173351471049
1,A/a (16).csv,15,4,A,A,0.9549405903784045,2.42132738556627e-06,0.04427118527058691,0.0007412134222199954,4.458960140316348e-05
1,A/a (16).csv,15,5,A,A,0.9599080631907156,2.4821747740789573e-06,1.8355402930469107e-05,0.0007205235030953991,0.039350575728484403
1,A/a (16).csv,15,6,A,A,0.9342782713410444,2.441948361281736e-06,1.992658026802448e-05,0.06444986730232881,0.0012494928279975428
1,A/a (16).csv,15,7,A,A,0.9367841246077095,2.5114728052760827e-06,1.9520294872344423e-05,0.06211095367115521,0.0010828899534576037
1,A/a (16).csv,15,8,A,A,0.9620460280238902,2.669620187846486e-06,1.958671981386172e-05,0.03681001209923424,0.0011217035368738853
1,A/a (16).csv,15,9,A,A,0.968884841547081,6.951593868869222e-05,0.0008877417451640745,0.030156799979280793,1.100789785595358e-06
1,A/a (16).csv,15,10,A,A,0.9540554619728044,6.913430640527938e-05,0.04526651624293399,0.0006077892428748625,1.098234981538887e-06
1,A/a (16).csv,15,11,A,A,0.9961906883202228,0.0019147577106391617,4.826594085161373e-07,0.0006752370145556327,0.001218834295173881
1,A/a (16).csv,15,12,A,A,0.9545413890439501,7.182920576301858e-05,1.93744916923552e-05,1.34709183248878e-05,0.04535393634026936
1,A/a (16).csv,15,13,A,A,0.9501055388455147,0.0016819949893019908,4.2117749229026694e-07,0.048176508369774475,3.553661791644702e-05
1,A/a (16).csv,15,14,A,A,0.9438986526833069,0.0016738128464730028,4.0841933447297056e-07,0.05439244168567838,3.468436520741799e-05
1,A/a (16).csv,15,15,A,A,0.8888495436258459,0.11044145614282286,2.034645688993416e-05,0.0006876174557147513,1.03631872684509e-06
1,A/a (16).csv,15,16,A,A,0.9272161409393258,0.0721262501926786,2.2476079763865824e-05,0.0006340780220790774,1.054766152385361e-06
1,A/a (16).csv,15,17,A,A,0.9731522028917958,7.257378614484482e-05,0.0008814005861254883,0.025892682380371308,1.1403555625917784e-06
1,A/a (16).csv,15,18,A,A,0.9458053779302273,0.05331714261062898,0.0008630527597392305,1.3373487831377116e-05,1.0532115731233603e-06
1,C/c (46).csv,145,0,C,D,7.355703204152458e-06,0.15947610389081576,0.0041213847653726,0.8363646022943054,3.055334630215535e-05
1,C/c (46).csv,145,1,C,C,6.7093757812415355e-06,0.004359135485200999,0.8929920677181528,0.10260690752859541,3.51798922697566e-05
1,C/c (46).csv,145,2,C,C,7.220334126002761e-06,7.655430332620683e-05,0.9315702287176199,0.0005929734553700863,0.06775302318955792
1,C/c (46).csv,145,3,C,C,7.4387902457497765e-06,0.05971470684982921,0.9390425109138156,1.3865219737220668e-05,0.0012214782263722413
1,C/c (46).csv,145,4,C,C,7.76218026591808e-06,0.11293525482522834,0.8864407859328689,0.0005830310929498393,3.316596868703375e-05
1,C/c (46).csv,145,5,C,C,6.760808041768381e-06,0.006255029832971498,0.8851717873292969,1.414944324530123e-05,0.10855227258644455
1,C/c (46).csv,145,6,C,C,6.970114896309544e-06,7.004052783341797e-05,0.9098965237013253,0.08868354698263489,0.0013429186733099896
1,C/c (46).csv,145,7,C,C,6.970082825212724e-06,6.256535342002489e-05,0.8789811710323913,0.119365778790141,0.0015835147412223939
1,C/c (46).csv,145,8,C,C,6.8173833797342015e-06,6.205510758591299e-05,0.8844310895034307,0.1106120558104215,0.004887982195182028
1,C/c (46).csv,145,9,C,C,6.8454450199628415e-06,6.443691560901366e-05,0.8905125109222441,0.10459020437044832,0.004826002346678637
1,C/c (46).csv,145,10,C,C,6.4638695755006485e-06,5.828699001272803e-05,0.8737123217004894,0.12303959442021431,0.0031833330197080477
1,C/c (46).csv,145,11,C,C,6.6800263438803035e-06,6.105428064300841e-05,0.8595313152058602,0.002943461910327717,0.13745748857682502
1,C/c (46).csv,145,12,C,C,6.396265682855778e-06,6.032447307310648e-05,0.8728988249445295,0.0021376884193933356,0.12489676589732111
1,C/c (46).csv,145,13,C,C,6.7769940765629565e-06,6.696644845996576e-05,0.919173197826958,0.07828614635829925,0.002466912372206189
1,C/c (46).csv,145,14,C,C,6.9865724933102455e-06,6.985735199038514e-05,0.909521337855127,0.08907885725170774,0.0013229609686816039
1,C/c (46).csv,145,15,C,C,6.916846934077269e-06,6.861644207748875e-05,0.9352352324447433,0.0630768650503335,0.0016123692159115879
1,C/c (46).csv,145,16,C,C,6.6007252366919216e-06,6.115917738109031e-05,0.8800829710635744,0.11839543199665344,0.0014538370371543403
1,C/c (46).csv,145,17,C,C,6.640859236628539e-06,7.031466439719228e-05,0.8827353635098741,0.11615883833405106,0.0010288426324410265
1,C/c (46).csv,145,18,C,C,7.0734887811979406e-06,0.004509284749605222,0.9256315210628607,0.06981586056518331,3.626013356953514e-05
1,D/d (49).csv,198,0,D,D,0.00022140960636439407,2.3826003818513963e-06,0.0011713106382667082,0.8591277327685907,0.1394771643863964
1,D/d (49).csv,198,1,D,D,6.632790488913663e-06,5.915518150799106e-05,0.15271777614559956,0.8423684747569743,0.0048479611254291675
1,D/d (49).csv,198,2,D,D,7.003126872731102e-06,6.1028258521846175e-05,0.001890417311869662,0.8607999323601632,0.13724161894257253
1,D/d (49).csv,198,3,D,D,7.357765700137474e-06,6.661083590671651e-05,0.0008009904209185591,0.8683961191260283,0.13072892185144622
1,D/d (49).csv,198,4,D,D,7.204743832741166e-06,6.11699849274344e-05,0.0008701982869434854,0.8780682407614029,0.12099318622289351
1,D/d (49).csv,198,5,D,D,0.00994629809593434,2.796261486068576e-06,2.0821551120000367e-05,0.9427833029207723,0.04724678117068728
1,D/d (49).csv,198,6,D,D,0.0002424303845211279,2.446833145244697e-06,0.0008525265369273484,0.8848097342357213,0.11409286200968506
1,D/d (49).csv,198,7,D,D,6.712402551311737e-06,5.903952208674233e-05,0.0047582549297979235,0.8458786946733297,0.14929729847223436
1,D/d (49).csv,198,8,D,D,6.61709055462764e-06,5.9535388886332396e-05,0.14213433475693416,0.8527442076930819,0.00505530507054313
1,D/d (49).csv,198,9,D,C,6.4730800167680914e-06,5.984357025831596e-05,0.8661093565002237,0.13151066991404603,0.0023136569354551477
1,D/d (49).csv,198,10,D,C,6.682867075030775e-06,6.122337346462872e-05,0.8655521079556119,0.1333352615439409,0.0010447242599076552
1,D/d (49).csv,198,11,D,D,6.706457342681056e-06,7.573563136744667e-05,0.13840141135328138,0.8603931363578803,0.0011230102001281474
1,D/d (49).csv,198,12,D,D,6.584489365707277e-06,7.342513712279985e-05,0.12159182849868778,0.8730131562552697,0.005315005619553976
1,D/d (49).csv,198,13,D,C,6.518267475386821e-06,7.376179717812488e-05,0.8731497206770957,0.1251583416963028,0.0016116575619479043
1,D/d (49).csv,198,14,D,D,6.9779808368175455e-06,7.312366528294582e-05,0.09266835388296832,0.9057913000250695,0.0014602444458425567
1,D/d (49).csv,198,15,D,D,6.556251693731922e-06,6.933732722725364e-05,0.15955175229475585,0.8392520889823152,0.0011202651440079165
1,D/d (49).csv,198,16,D,D,6.527834181587e-06,6.341648271377414e-05,0.15925133229105687,0.8391472551297107,0.0015314682623371793
1,D/d (49).csv,198,17,D,D,6.295784928083392e-06,6.156977206920533e-05,0.17028841997222194,0.8285443828086362,0.0010993316621446094
1,D/d (49).csv,198,18,D,D,6.5112423030855065e-06,0.16583062382756555,0.0015880043139364613,0.8325306004426569,4.4260173538033424e-05
1,E/e (29).csv,228,0,E,E,7.1923377798140695e-06,0.13558328736249584,2.2143125371568593e-05,0.0024205699854655334,0.8619668071888873
1,E/e (29).csv,228,1,E,E,6.511156181011334e-06,0.15634470745045578,0.0038102938796796683,1.5721745838071713e-05,0.8398227657678453
1,E/e (29).csv,228,2,E,E,6.802093336367459e-06,0.13123499449665668,2.6206879948898716e-05,0.001424851481596384,0.8673071450484616
1,E/e (29).csv,228,3,E,E,7.790656074844725e-06,0.0032176115518633306,0.0014783932733284956,0.0027269301058189402,0.9925692744129144
1,E/e (29).csv,228,4,E,E,8.938218948882074e-06,0.003031751526631117,3.0286550296926013e-05,0.06287836006737571,0.9340506636367474
1,E/e (29).csv,228,5,E,E,7.73860369411438e-06,7.98551192170411e-05,0.0010693670552100918,0.10566187906831442,0.8931811601535644
1,E/e (29).csv,228,6,E,E,7.393765180173453e-06,6.491432374841621e-05,0.0034364990541040164,0.11694685328200494,0.8795443395749625
1,E/e (29).csv,228,7,E,E,6.9311421509635985e-06,6.983192696933436e-05,0.146244580418492,0.0009595081881620891,0.8527191483242256
1,E/e (29).csv,228,8,E,E,6.800165079602394e-06,0.1583138824858671,2.161328020112066e-05,0.0007224305613569458,0.8409352735074951
1,E/e (29).csv,228,9,E,E,8.34778737006353e-06,0.0026130951979473046,0.0014168214732549762,0.000821619147101444,0.9951401163943262
1,E/e (29).csv,228,10,E,E,7.84972866102038e-06,0.002456058342812985,2.3666258686015456e-05,0.037355862224490166,0.9601565634453497
1,E/e (29).csv,228,11,E,E,7.477301643304241e-06,0.09416592239904008,0.0009095041702519592,1.4977494313812018e-05,0.9049021186347509
1,E/e (29).csv,228,12,E,E,6.946769953267924e-06,0.142813324717838,1.9568393059920237e-05,0.0007109507360675543,0.8564492093830812
1,E/e (29).csv,228,13,E,E,7.0962965638519505e-06,0.12722642621495217,0.0019478236804196581,1.2847097205790503e-05,0.8708058067108586
1,E/e (29).csv,228,14,E,E,6.973503767832597e-06,0.16093673640020476,1.7524373697750008e-05,0.001031969450390823,0.8380067962719389
1,E/e (29).csv,228,15,E,E,6.872994449817118e-06,0.15672690856403382,1.7236858928380344e-05,0.0022053160730391565,0.8410436655095489
1,E/e (29).csv,228,16,E,B,7.02666304241905e-06,0.8507520013473665,1.7910717354109528e-05,0.0008290823002204841,0.14839397897201637
1,E/e (29).csv,228,17,E,B,7.4315666771946095e-06,0.871636518613497,0.0009467566720058214,1.4095857550625986e-05,0.12739519729026952
1,E/e (29).csv,228,18,E,B,7.577226840406301e-06,0.8763384541859719,1.7765055337645948e-05,0.0008915975020891124,0.12274460602976105
1,D/d (3).csv,152,0,D,D,0.007071423469569279,2.7511703080442345e-06,1.9403210091613926e-05,0.8841324944564505,0.10877392769358062
1,D/d (3).csv,152,1,D,D,0.006408829097511663,2.6655528095045815e-06,1.888298825243872e-05,0.8459530069227141,0.14761661543871227
1,D/d (3).csv,152,2,D,D,6.937862164267791e-06,6.555946259044407e-05,0.0014292751035171825,0.8584896171481745,0.14000861042355361
1,D/d (3).csv,152,3,D,D,6.621550050268698e-06,6.0913777913403084e-05,0.13992657184883794,0.8553145808442618,0.004691311978936456
1,D/d (3).csv,152,4,D,D,7.606687859647357e-06,6.493671851831061e-05,0.10148860941522522,0.8965556119999155,0.001883235178481315
1,D/d (3).csv,152,5,D,D,0.01653753527155679,2.594184984964066e-06,2.0812539009521983e-05,0.9209110673589522,0.06252799064549651
1,D/d (3).csv,152,6,D,D,0.33944190547853814,1.8940941103326925e-06,1.4815820877864758e-05,0.6595693648902828,0.0009720197161909045
1,D/d (3).csv,152,7,D,D,7.826105570066062e-06,7.643474302944413e-05,0.05824298252286524,0.9400303050527457,0.001642451575789567
1,D/d (3).csv,152,8,D,D,0.00023446044489787418,2.5420036022519454e-06,0.10371291920872654,0.8932782681353337,0.0027718102074395902
1,D/d (3).csv,152,9,D,D,0.0002226420058746273,2.5208984354982796e-06,0.0979166842612451,0.8990499988432605,0.002808153991184229
1,D/d (3).csv,152,10,D,D,6.883798894219861e-06,6.803547455763255e-05,0.0009014842855311757,0.8604594770950195,0.13856411934599744
1,D/d (3).csv,152,11,D,D,6.898124690173121e-06,7.904057070295385e-05,0.0022686354081525133,0.8715067709044184,0.12613865499203597
1,D/d (3).csv,152,12,D,D,7.4967658475462925e-06,8.086738214261358e-05,0.0486595372040146,0.9499279672125333,0.0013241314354620992
1,D/d (3).csv,152,13,D,D,7.454838561897442e-06,6.780939212129218e-05,0.07327734598976042,0.9222510488409108,0.004396340938645723
1,D/d (3).csv,152,14,D,D,0.0002111704005807078,2.4050138336727017e-06,0.15141344529229162,0.8471601321903846,0.0012128471029093763
1,D/d (3).csv,152,15,D,D,6.950360149825955e-06,6.29977553359398e-05,0.1351865222438338,0.8636712774869657,0.001072252153714805
1,D/d (3).csv,152,16,D,D,6.639533995778643e-06,6.229724560740247e-05,0.15378220370194562,0.8417590690777315,0.004389790440719691
1,D/d (3).csv,152,17,D,D,7.001767008504906e-06,7.489640825996293e-05,0.0011996582333916829,0.8826530503294687,0.11606539326187124
1,D/d (3).csv,152,18,D,E,7.1256002640224025e-06,0.004313029890366553,2.2198094807323254e-05,0.13413053093480923,0.8615271154797529
1,A/a (41).csv,40,0,A,A,0.9628700926674482,6.983651198969149e-05,4.0876118370869025e-07,0.0007260837822908699,0.036333578277087566
1,A/a (41).csv,40,1,A,A,0.9442495886339353,0.05448152800746739,4.066079898485254e-07,1.36751295645614e-05,0.0012548016210428249
1,A/a (41).csv,40,2,A,A,0.995335506567126,0.0023122760911447977,0.0010537379759654275,2.8781901133519307e-07,0.0012981915467524506
1,A/a (41).csv,40,3,A,A,0.9388677524747183,6.823723700756387e-05,0.059679791854721304,2.8918114157702564e-07,0.0013839292524112899
1,A/a (41).csv,40,4,A,A,0.9143243373770595,2.3088755467068956e-06,2.0420101837546687e-05,0.08441256084466599,0.0012403728008900372
1,A/a (41).csv,40,5,A,A,0.9296082036623351,2.465835734841633e-06,0.0010052082730447427,0.06935175935468968,3.236287419560044e-05
1,A/a (41).csv,40,6,A,A,0.9110033429707054,7.41686706002887e-05,4.750115626369126e-07,0.08741455892795677,0.001507454419175076
1,A/a (41).csv,40,7,A,A,0.9963541743549867,0.0019975410410427072,0.0009156286402822512,0.0007313724869603375,1.2834767279834601e-06
1,A/a (41).csv,40,8,A,A,0.8722415114009219,0.12576195166667772,2.871987445304607e-05,0.001966829326080826,9.8773186658841e-07
1,A/a (41).csv,40,9,A,A,0.8545327361849184,0.14479035685087108,4.043623726851856e-07,0.0006460308363374105,3.0471765500116146e-05
1,A/a (41).csv,40,10,A,A,0.8954003457984716,0.1039173524197532,4.1688691244369215e-07,0.0006498460406635455,3.203885419930876e-05
1,A/a (41).csv,40,11,A,A,0.8739219384842823,0.125216173081543,3.6953412932853994e-07,0.0008235736095210027,3.794529052430478e-05
1,A/a (41).csv,40,12,A,A,0.8521775171824943,0.14648411691032998,3.890616367832154e-07,1.1777746307434852e-05,0.0013261990992316777
1,A/a (41).csv,40,13,A,A,0.8844321832378306,0.0017173379022421271,1.7797107222261647e-05,0.11383162815684399,1.0535958609556217e-06
1,A/a (41).csv,40,14,A,A,0.8991806493327101,0.0994430786087855,4.0489342089321354e-07,1.387961720209277e-05,0.0013619875478812309
1,A/a (41).csv,40,15,A,A,0.8636989885847269,0.1347026517888726,3.6346815115993753e-07,1.4370842143359003e-05,0.0015836253161060816
1,A/a (41).csv,40,16,A,A,0.8379735285592194,0.16089205527590808,3.5915292029866185e-07,1.2458634266486229e-05,0.001121598377685866
1,A/a (41).csv,40,17,A,A,0.8393780386793324,0.1598344302573387,0.0007581027550417967,2.507305538079188e-07,2.9177577733309098e-05
1,A/a (41).csv,40,18,A,A,0.8599733922703201,0.13935278718133726,2.0744521038016308e-05,0.0006519463792991513,1.1296480052415947e-06
1,E/e (40).csv,239,0,E,E,7.6112799267273486e-06,0.12842453924082523,0.0020501474671532622,1.2533822358090926e-05,0.8695051681897367
1,E/e (40).csv,239,1,E,E,7.22207083077605e-06,0.1567791420981031,0.001040203183769202,1.2527863512733227e-05,0.8421609047837842
1,E/e (40).csv,239,2,E,E,6.783812562680728e-06,0.16687808000121834,0.0009568519638515588,1.3126100949437008e-05,0.832145158121418
1,E/e (40).csv,239,3,E,E,7.071696820723357e-06,0.1266712329480998,0.0009202886969721205,1.6343704648945932e-05,0.8723850629534584
1,E/e (40).csv,239,4,E,E,6.814432101821004e-06,6.878888821148978e-05,0.1211368474931332,0.0007466402168205493,0.878040908969733
1,E/e (40).csv,239,5,E,D,6.872301079197389e-06,6.331965307132091e-05,0.00414007723430989,0.8516974023103683,0.1440923285011713
1,E/e (40).csv,239,6,E,E,7.3201729330435246e-06,6.461813830532058e-05,0.0011753091817220552,0.11030237646954812,0.8884503760374914
1,E/e (40).csv,239,7,E,E,9.203566642600176e-06,0.0029007085160991097,2.6471610404207432e-05,0.09390683996205874,0.9031567763447953
1,E/e (40).csv,239,8,E,E,7.876044702383651e-06,0.0021773857009073348,2.1628927165662104e-05,0.09545787042815776,0.9023352388990669
1,E/e (40).csv,239,9,E,E,7.556230713567739e-06,0.0636896685604901,2.204516483039527e-05,0.0007264473837052508,0.9355542826602606
1,E/e (40).csv,239,10,E,E,8.145372519639932e-06,0.1056468163247803,0.0008763446125873876,1.7432036524395476e-05,0.8934512616535883
1,E/e (40).csv,239,11,E,E,8.411333908779212e-06,0.07284848573429113,0.0010837542634400822,1.6977921084597862e-05,0.9260423707472755
1,E/e (40).csv,239,12,E,E,7.3443159790988316e-06,0.11802915311966311,0.0009379956793200727,1.3895094076303246e-05,0.8810116117909614
1,E/e (40).csv,239,13,E,E,7.503453381857617e-06,0.0026138193269114687,2.0478437763878325e-05,0.10773286859385961,0.8896253301880832
1,E/e (40).csv,239,14,E,E,7.358649404201101e-06,8.04693914365724e-05,0.0008534045210437802,0.12373466695016011,0.8753241004879554
1,E/e (40).csv,239,15,E,E,7.522681241832421e-06,0.10641485431846885,0.0009653104141630369,1.78108911189522e-05,0.8925945016950073
1,E/e (40).csv,239,16,E,E,7.48764131264731e-06,0.15280980520622112,1.8679917413872912e-05,0.0007540001319993302,0.846410027103053
1,E/e (40).csv,239,17,E,E,7.890744325421169e-06,0.16108641367072343,0.0008844098141326763,1.5176567931523812e-05,0.838006109202887
1,E/e (40).csv,239,18,E,B,7.6227698543270346e-06,0.8679919958635222,1.7564296223412305e-05,0.0008856945586293696,0.1310971225117708
1,E/e (21).csv,220,0,E,E,7.746958791869265e-06,0.16019759483564658,2.0140978124288155e-05,0.001806752030063768,0.8379677651973735
1,E/e (21).csv,220,1,E,E,6.811345144553559e-06,0.16115000222574882,0.000771363383823007,1.5034691741344912e-05,0.8380567883535422
1,E/e (21).csv,220,2,E,E,6.641507090717167e-06,0.16248238159885955,0.003961482836678594,1.4404160657169696e-05,0.833535089896714
1,E/e (21).csv,220,3,E,E,6.402486863133775e-06,0.16386308402511393,0.0011582166624104365,4.533283708655664e-05,0.8349269639885258
1,E/e (21).csv,220,4,E,E,6.389302263375926e-06,0.16677783298012253,0.0009377530413577982,1.457514023238238e-05,0.8322634495360238
1,E/e (21).csv,220,5,E,D,0.00028085858263716235,0.0022354595381003754,5.937629421142639e-07,0.8622155787619378,0.13526750935438245
1,E/e (21).csv,220,6,E,D,8.781820715817026e-06,8.553263403310475e-05,0.0010413949779665764,0.8687230804891534,0.13014121007813118
1,E/e (21).csv,220,7,E,E,7.88453875198145e-06,7.085518130879861e-05,0.11977541747664378,0.000658223811615014,0.8794876189916804
1,E/e (21).csv,220,8,E,E,7.358693697116885e-06,6.437199137299295e-05,0.1242606676864696,0.0012300833459737111,0.8744375182824866
1,E/e (21).csv,220,9,E,E,7.4104313895622084e-06,6.532747974098487e-05,0.13913233693777038,0.0009715001202434967,0.8598234250308555
1,E/e (21).csv,220,10,E,E,8.28336247651259e-06,7.278395321786007e-05,0.0011238855691078603,0.10306958819941187,0.8957254589157859
1,E/e (21).csv,220,11,E,E,7.96053489904278e-06,7.238786393057143e-05,0.0010144872566183283,0.11031824889415048,0.8885869154504016
1,E/e (21).csv,220,12,E,E,7.395609475160324e-06,7.879514721717071e-05,0.0010680220925282254,0.11150369424162294,0.8873420929091566
1,E/e (21).csv,220,13,E,E,7.2109416738032275e-06,0.15767215575136492,2.353595969210591e-05,0.0022694877101023018,0.8400276096371669
1,E/e (21).csv,220,14,E,E,7.736325185978895e-06,0.15220251040221386,0.0008461250503037572,1.3693969637214328e-05,0.8469299342526592
1,E/e (21).csv,220,15,E,E,7.0625700726638585e-06,0.0023590756940269253,0.15066530070818154,1.3142139382363055e-05,0.8469554188883366
1,E/e (21).csv,220,16,E,B,1.8080762482267777e-05,0.3466953082270494,0.34520349142807805,3.566545181468459e-05,0.30804745413057566
1,E/e (21).csv,220,17,E,E,7.505002781883162e-06,0.1664861756249704,1.9833734736350653e-05,0.0017510955001884996,0.831735390137323
1,E/e (21).csv,220,18,E,B,0.0002657985097765245,0.939855972432566,4.5497408945632806e-07,0.0009312034318689174,0.05894657065169905
1,D/d (33).csv,182,0,D,D,7.912875075334375e-06,0.0018212140925522916,1.9396081937299832e-05,0.8730719486660281,0.12507952828440697
1,D/d (33).csv,182,1,D,D,0.00025996867261976724,2.9503640576885697e-06,0.0008711377620825066,0.9528810395389754,0.045984903662264674
1,D/d (33).csv,182,2,D,D,8.095243534977415e-06,7.428737591992369e-05,0.048636879993347,0.9501174451000494,0.0011632922871486714
1,D/d (33).csv,182,3,D,D,6.833895461742994e-06,6.019556725530668e-05,0.1357957207140859,0.8628100731742652,0.0013271766489319156
1,D/d (33).csv,182,4,D,D,7.1027515701283774e-06,8.405648102603096e-05,0.001516919210640396,0.880359528328127,0.11803239322863646
1,D/d (33).csv,182,5,D,D,7.4062528962783485e-06,6.542522136115795e-05,0.1345390042191109,0.8638791754339163,0.0015089888727152962
1,D/d (33).csv,182,6,D,D,7.439799079590285e-06,0.002482346727691718,2.260986469872566e-05,0.9127535336866495,0.08473406992188058
1,D/d (33).csv,182,7,D,D,7.903553822337127e-06,0.0022718883897001863,0.10309175102540329,0.8945941833345595,3.427369651472776e-05
1,D/d (33).csv,182,8,D,D,7.6084346310391344e-06,0.12996820404778572,0.0008149998425312683,0.8691742883231273,3.489935192457865e-05
1,D/d (33).csv,182,9,D,D,0.000261564295189096,0.12515091084946434,4.962317071737705e-07,0.873290359279024,0.0012966693446154276
1,D/d (33).csv,182,10,D,D,7.136195223091804e-06,0.16279913945763153,1.9430518619978853e-05,0.8360186520136238,0.001155641814901598
1,D/d (33).csv,182,11,D,D,8.030833428968186e-06,0.003956805322367885,0.10820739502134658,0.8877895229442861,3.824587857039006e-05
1,D/d (33).csv,182,12,D,D,7.821710525604807e-06,0.00014656813414058546,0.10890348022387993,0.8893899880167605,0.0015521419146933234
1,D/d (33).csv,182,13,D,D,7.5470789715806e-06,0.1404232911590966,2.0484686893686382e-05,0.8583402072900774,0.0012084697849606863
1,D/d (33).csv,182,14,D,D,0.00025546336281210457,0.11968106205215719,5.122143474905443e-07,0.8787941998667747,0.0012687625039085179
1,D/d (33).csv,182,15,D,D,0.00025858806159432905,0.13325024216156847,4.547710486570939e-07,0.8652790018073512,0.001211713198437485
1,D/d (33).csv,182,16,D,D,6.642752856012447e-06,0.1399261643643185,1.9358620481531386e-05,0.8565318119073382,0.003516022355005895
1,D/d (33).csv,182,17,D,D,6.600098444390973e-06,6.987027510765844e-05,0.13581383923590223,0.8604424260129532,0.0036672643775924356
1,D/d (33).csv,182,18,D,D,6.642464263579725e-06,7.152435156394297e-05,0.12533720995627173,0.8717372318274644,0.0028473914004364734
1,B/b (27).csv,76,0,B,B,7.2555019616063e-06,0.857530551398984,0.14099274986646262,1.1968441962278572e-05,0.001457474790629566
1,B/b (27).csv,76,1,B,B,7.943646837303172e-06,0.9035640743477524,0.0011046629184614974,1.4282787807769642e-05,0.09530903629914093
1,B/b (27).csv,76,2,B,B,7.251950299690841e-06,0.8809707841350319,0.001074317259076418,1.3942865041223785e-05,0.11793370379055072
1,B/b (27).csv,76,3,B,B,7.565880971765037e-06,0.8850978523969583,0.1133533089939639,1.535505320141406e-05,0.0015259176749046462
1,B/b (27).csv,76,4,B,B,7.714539305912416e-06,0.9029998644034006,0.09536975079437982,2.1144115878665746e-05,0.0016015261470349305
1,B/b (27).csv,76,5,B,B,6.623674023869934e-06,0.8502113664066296,0.0007722961970207498,1.2446967957758057e-05,0.14899726675436809
1,B/b (27).csv,76,6,B,B,6.755754077330808e-06,0.8561295591709289,0.0014972927903713561,1.7675653373083192e-05,0.14234871663124932
1,B/b (27).csv,76,7,B,B,6.716333817988537e-06,0.8537494136945775,1.8736788522966358e-05,0.0006467429238526169,0.14557839025922903
1,B/b (27).csv,76,8,B,B,7.044231366828414e-06,0.8564363485938095,2.166677393654556e-05,0.0006391430350788781,0.14289579736580832
1,B/b (27).csv,76,9,B,B,6.983814905808399e-06,0.8658451371535785,2.7559164538290526e-05,0.0014410534826829417,0.13267926638429453
1,B/b (27).csv,76,10,B,B,6.788118548213464e-06,0.8608375503459649,0.004371146061820039,1.2729156802024262e-05,0.13477178631686493
1,B/b (27).csv,76,11,B,B,6.876905617016057e-06,0.8639222532723225,0.13348879871747701,1.3693461951298815e-05,0.0025683776426322514
1,B/b (27).csv,76,12,B,B,6.916089587170369e-06,0.8436510648748178,0.1538025886278216,1.2150867690227967e-05,0.002527279540082991
1,B/b (27).csv,76,13,B,B,7.043347884464225e-06,0.8636404353412926,0.004008652057710337,1.2379408604413735e-05,0.13233148984450813
1,B/b (27).csv,76,14,B,B,6.944129394172147e-06,0.8711191212779777,0.0011292467359043815,1.3341727715819246e-05,0.12773134612900783
1,B/b (27).csv,76,15,B,B,6.825427142776851e-06,0.8578466952680271,1.7914689640440933e-05,0.0005574200739287608,0.141571144541261
1,B/b (27).csv,76,16,B,B,6.797726086757452e-06,0.8556143675947521,0.0008441732794485303,1.3742586037864398e-05,0.14352091881367465
1,B/b (27).csv,76,17,B,B,6.995289118582178e-06,0.8382920226426595,0.1600689755183256,1.3318818870638766e-05,0.0016186877310256874
1,B/b (27).csv,76,18,B,B,6.956344659281281e-06,0.8529602371138831,0.14533709425755612,2.001775054137065e-05,0.001675694533360118
1,C/c (16).csv,115,0,C,C,6.728078528360622e-06,0.0038659717480796127,0.9049683053430412,0.0911269791527418,3.201567760899863e-05
1,C/c (16).csv,115,1,C,C,7.0127023634096675e-06,0.0020030611316098628,0.9022473231713621,0.09570306473031157,3.9538264352917655e-05
1,C/c (16).csv,115,2,C,C,6.8257997935945175e-06,0.002565707820145264,0.9198148622502964,0.07756891448868206,4.368964108263434e-05
1,C/c (16).csv,115,3,C,C,8.299033928753844e-06,0.0001024883006037591,0.934854676119995,0.06311993595914402,0.0019146005863285073
1,C/c (16).csv,115,4,C,E,7.03725535522734e-06,6.364932708250606e-05,0.16791821160205203,0.0009507803511132491,0.8310603214643969
1,C/c (16).csv,115,5,C,C,0.00021733363111723036,2.3937994828538027e-06,0.8843644335215426,0.11436113731721158,0.0010547017306459035
1,C/c (16).csv,115,6,C,C,7.116148516722524e-06,6.512755491640817e-05,0.8934950996382575,0.10509752813060765,0.0013351285277015356
1,C/c (16).csv,115,7,C,C,6.792068098233887e-06,7.320598154584475e-05,0.8881620574113595,0.11066404392667988,0.0010939006123165875
1,C/c (16).csv,115,8,C,C,6.423526428224119e-06,6.138793527904985e-05,0.8693086627044069,0.1273482429031787,0.003275282930707237
1,C/c (16).csv,115,9,C,C,6.78858533139122e-06,6.340252092288224e-05,0.8910180243702956,0.1078432859187657,0.001068498604684389
1,C/c (16).csv,115,10,C,C,6.834788178595945e-06,6.052092573410398e-05,0.8912298786634034,0.0015682920064909324,0.10713447361619308
1,C/c (16).csv,115,11,C,C,6.632230731268351e-06,5.937568902361956e-05,0.8582176694503353,0.001479850641812522,0.14023647198809716
1,C/c (16).csv,115,12,C,C,7.116074549067506e-06,7.23109313921303e-05,0.9229705603523891,0.07541061567356805,0.0015393969681015845
1,C/c (16).csv,115,13,C,C,6.594170822899087e-06,6.399020166157842e-05,0.879366184340696,0.1194689413410157,0.0010942899458038365
1,C/c (16).csv,115,14,C,C,7.178937265571565e-06,7.305583469580526e-05,0.9429449898812717,0.000679080976223711,0.056295694370543145
1,C/c (16).csv,115,15,C,C,7.644017936350559e-06,0.002216318938074093,0.9505217807989975,1.2992431406494926e-05,0.047241263813585566
1,C/c (16).csv,115,16,C,C,7.073318561939965e-06,0.002130692797914801,0.9186310469970519,1.2671870150796255e-05,0.07921851501632052
1,C/c (16).csv,115,17,C,C,7.224568631565802e-06,0.00199845809394493,0.9496939425381108,1.5222078349590571e-05,0.048285152720963134
1,C/c (16).csv,115,18,C,C,7.3122171355342475e-06,0.07466683151093456,0.9246380248485547,0.0006503711882316543,3.746023514364484e-05
1,D/d (42).csv,191,0,D,D,6.711568467267241e-06,7.766679206544821e-05,0.001967490115834701,0.8682117810450781,0.12973635047855442
1,D/d (42).csv,191,1,D,D,6.4083854549609905e-06,0.15472975016807025,0.0024116639628911866,0.8428006346267575,5.1542856826206674e-05
1,D/d (42).csv,191,2,D,D,6.9183753129303835e-06,0.11475214737215529,0.0014051516185484049,0.8838011519524908,3.4630681492667256e-05
1,D/d (42).csv,191,3,D,D,6.359669074444327e-06,5.656884193585197e-05,0.1677931502255578,0.8308045147558245,0.0013394065076074546
1,D/d (42).csv,191,4,D,D,6.679488540777412e-06,6.144694055647937e-05,0.14372775374893887,0.8530076534224676,0.00319646639949626
1,D/d (42).csv,191,5,D,D,7.004628561263333e-06,6.190545694331775e-05,0.13307205702806818,0.8644212961171528,0.002437736769274408
1,D/d (42).csv,191,6,D,D,0.00028121601192678203,2.704125891231536e-06,0.04157193447634916,0.9563356865367421,0.0018084588490908165
1,D/d (42).csv,191,7,D,D,7.988517226197441e-06,6.749619024933933e-05,0.11237119572126837,0.8849249317956124,0.002628387775643667
1,D/d (42).csv,191,8,D,D,6.631669251980139e-06,6.419551608708431e-05,0.16588003940091461,0.8331082210818541,0.0009409123318922005
1,D/d (42).csv,191,9,D,D,7.827500855800335e-06,0.005077196955861139,0.0033661378332065623,0.9888117337998205,0.002737103910256062
1,D/d (42).csv,191,10,D,D,6.541976476790306e-06,0.00691962868362151,1.8935153638438913e-05,0.8642315088339758,0.12882338535228752
1,D/d (42).csv,191,11,D,D,8.637128089275254e-06,0.1296673339519732,0.0008249647410682677,0.8694656603019749,3.3403876894179446e-05
1,D/d (42).csv,191,12,D,D,8.776334182265951e-06,0.11682096370793327,0.0011774685381824948,0.8819541429783495,3.8648441352478287e-05
1,D/d (42).csv,191,13,D,D,6.816454584968661e-06,0.15024835520026275,2.0383575898417514e-05,0.8482200893141689,0.0015043554550849792
1,D/d (42).csv,191,14,D,D,6.666800074321516e-06,0.0019845610667741796,0.15614194324835098,0.8418330770302499,3.3751854550626e-05
1,D/d (42).csv,191,15,D,C,6.757197028866173e-06,0.0018801707279760852,0.8676154243954409,0.13046495818637915,3.2689493174994195e-05
1,D/d (42).csv,191,16,D,D,6.542856922751538e-06,7.105444923912768e-05,0.1375633036369187,0.8606319064467532,0.0017271926101662068
1,D/d (42).csv,191,17,D,B,6.913193704403055e-06,0.8700565337050133,2.6988441056731986e-05,0.1252176472358987,0.004691917424326672
1,D/d (42).csv,191,18,D,D,0.274492157379044,0.004796695618142919,4.225099224014424e-07,0.7206762981662327,3.442632665799673e-05
1,E/e (35).csv,234,0,E,B,7.016473993476995e-06,0.8474014864109497,0.0008336865215471364,1.3501719793160266e-05,0.15174430887371654
1,E/e (35).csv,234,1,E,B,6.873665312944024e-06,0.8555505277577554,2.3042312208711084e-05,0.0007185263160995567,0.1437010299486233
1,E/e (35).csv,234,2,E,E,6.782851016727461e-06,0.17250410892160986,2.7944830351388304e-05,0.0016595227135157242,0.8258016406835063
1,E/e (35).csv,234,3,E,E,8.883078736080557e-06,0.0034356426808966356,0.11621405308973592,2.9154546729094617e-05,0.8803122666039023
1,E/e (35).csv,234,4,E,E,8.646980878852457e-06,0.002909377004058483,2.276268599864231e-05,0.11704600719485325,0.8800132061342107
1,E/e (35).csv,234,5,E,E,0.0003161817982967941,2.6144354060007757e-06,0.11506062620040275,0.0022090702316552593,0.8824115073342392
1,E/e (35).csv,234,6,E,E,7.610659576876627e-06,0.001753347756384536,0.10907059101071286,1.5207294728375684e-05,0.8891532432785973
1,E/e (35).csv,234,7,E,E,7.992632203548574e-06,8.029546875514797e-05,0.04345290090680025,0.0008002681973441184,0.9556585427948969
1,E/e (35).csv,234,8,E,E,8.54155236540724e-06,8.240853105294023e-05,0.0010148813564688913,0.03745911575330425,0.9614350528068085
1,E/e (35).csv,234,9,E,E,7.853931282780028e-06,0.05370996133128675,0.0011787435145210906,1.5618149109126713e-05,0.9450878230738002
1,E/e (35).csv,234,10,E,E,7.785730976940862e-06,8.671813364657793e-05,0.04438434295042256,0.0007696767092161977,0.9547514764757377
1,E/e (35).csv,234,11,E,E,8.149224629639767e-06,0.002511464656950381,2.2332578174445755e-05,0.033126041648134416,0.9643320118921112
1,E/e (35).csv,234,12,E,E,7.616827273196032e-06,0.07583153251320547,0.0009912383487915692,1.37438322193471e-05,0.9231558684785104
1,E/e (35).csv,234,13,E,E,8.380890446972956e-06,0.003365919600986845,0.001293780898818991,0.0014672099496173838,0.9938647086601298
1,E/e (35).csv,234,14,E,E,8.011763746530725e-06,0.0026374137472932966,2.2698102757972435e-05,0.04184881916346646,0.9554830572227357
1,E/e (35).csv,234,15,E,E,8.434170033433923e-06,8.267423770365739e-05,0.0011754488948794413,0.06744838986062787,0.9312850528367557
1,E/e (35).csv,234,16,E,E,9.083321415515308e-06,0.00010165197421694394,0.057440189611739086,0.000926373849127176,0.9415227012435013
1,E/e (35).csv,234,17,E,E,6.993219032867867e-06,6.691649740171733e-05,0.15158223950192795,0.0005553312045769455,0.8477885195770606
1,E/e (35).csv,234,18,E,E,7.207796894669941e-06,0.0024394016134601537,0.16301716357453133,1.2042164376339167e-05,0.8345241848507375
2,B/b (18).csv,67,0,B,B,2.566730042102802e-05,0.8940867504667349,9.504155540475457e-06,0.0014497257918612836,0.1044283522854423
2,B/b (18).csv,67,1,B,B,2.447860875655045e-05,0.9061959545520659,9.45969905380076e-06,0.0006987131130580945,0.09307139402706567
2,B/b (18).csv,67,2,B,C,2.2877428493741406e-05,0.1649493046128229,0.8345100024327416,9.175494178741083e-06,0.000508640031763002
2,B/b (18).csv,67,3,B,B,2.5371712385045385e-05,0.8672585869289823,0.13169941727752463,0.0010026407760845033,1.398330502360994e-05
2,B/b (18).csv,67,4,B,B,2.4392297806904967e-05,0.872166585047342,0.12718741826583024,1.008070009244199e-05,0.0006115236889284345
2,B/b (18).csv,67,5,B,B,2.5537522461580932e-05,0.8787287969631735,8.60252302466896e-06,0.00044366044873214976,0.12079340254260808
2,B/b (18).csv,67,6,B,B,0.01745210992305492,0.9060326811072101,9.9897552490817e-06,1.941337889252357e-07,0.07650502508069693
2,B/b (18).csv,67,7,B,B,0.31503478115234046,0.6835369662012881,1.2153566955920332e-07,2.635344545966028e-05,0.0014017776652424285
2,B/b (18).csv,67,8,B,B,0.0005840947998386898,0.8924779812556694,1.6918946900262062e-07,0.10621923450615854,0.0007185202488643595
2,B/b (18).csv,67,9,B,B,2.770363053973808e-05,0.9320324458831392,8.809180433544882e-06,0.0008658408211250158,0.06706520048476249
2,B/b (18).csv,67,10,B,B,0.0006373819972006839,0.8673852883113657,0.13195488684926293,8.374085717315995e-06,1.406875645322999e-05
2,B/b (18).csv,67,11,B,B,2.8492786045818466e-05,0.9522617508984841,0.000806122760133817,1.049554529127179e-05,0.04689313801004504
2,B/b (18).csv,67,12,B,B,2.687534366364111e-05,0.9165538531114298,0.0007618875299200158,9.6612685201481e-06,0.08264772274646645
2,B/b (18).csv,67,13,B,B,2.487289347800018e-05,0.893440460881216,0.10473692095718434,1.04261988778125e-05,0.0017873190692439913
2,B/b (18).csv,67,14,B,B,2.497155234409857e-05,0.9118856994069207,0.0006865115461147326,9.454759811127698e-06,0.08739336273480931
2,B/b (18).csv,67,15,B,B,2.4372504615427873e-05,0.9019747746516037,0.0012456908450771713,8.340883210769167e-06,0.09674682111549303
2,B/b (18).csv,67,16,B,B,2.8034303208291794e-05,0.9649720570790832,0.0009468219003950631,9.36129875813119e-06,0.034043725418555354
2,B/b (18).csv,67,17,B,B,2.751391391455362e-05,0.9583182250965732,0.0011848373849392732,9.445528071314947e-06,0.04045997807650178
2,B/b (18).csv,67,18,B,B,2.5668464202033236e-05,0.8873956563038659,0.0005176031321646242,9.31534654042071e-06,0.1120517567532271
2,E/e (34).csv,233,0,E,E,2.271832260991101e-05,0.15326136393101597,1.0356279799351193e-05,0.0011413356017637994,0.8455642258648108
2,E/e (34).csv,233,1,E,C,2.2112179650223664e-05,7.017486774705281e-05,0.8917062538661792,0.0020686588846112386,0.10613280020181233
2,E/e (34).csv,233,2,E,E,2.3010460630889116e-05,4.350812510450137e-05,0.14430565280848448,0.0028527202816369945,0.8527751083241432
2,E/e (34).csv,233,3,E,C,2.2235600385066525e-05,4.3025213559868915e-05,0.8796051912528967,0.0020850676053214175,0.11824448032783698
2,E/e (34).csv,233,4,E,E,3.6315130651065745e-05,0.002058082328242994,0.0007847142746589428,0.0007307478819953226,0.9963901403844516
2,E/e (34).csv,233,5,E,E,3.5272231939039654e-05,0.0016499910096955984,1.1461865291830644e-05,0.041112023862717714,0.9571912510303558
2,E/e (34).csv,233,6,E,E,2.769274389230425e-05,0.0032099294775456964,9.709256268260317e-06,0.08643598858296601,0.9103166799393277
2,E/e (34).csv,233,7,E,E,2.532268634259807e-05,4.317183327210692e-05,0.15328518337801883,0.0005898293697591374,0.8460564927326074
2,E/e (34).csv,233,8,E,B,2.466497942241804e-05,0.8779816929724757,0.0012256702266243116,1.097567855988362e-05,0.12075699614291757
2,E/e (34).csv,233,9,E,E,2.4124587380497937e-05,0.16581517452490074,0.0004692639780944089,8.078466446175431e-06,0.8336833584431781
2,E/e (34).csv,233,10,E,E,2.5929060088582126e-05,0.1367373124646342,0.0006584336483470459,9.374254039744677e-06,0.8625689505728904
2,E/e (34).csv,233,11,E,E,2.5081076314589657e-05,6.109576827177679e-05,0.08570751796097914,0.0006480954465000774,0.9135582097479344
2,E/e (34).csv,233,12,E,E,2.3889603709628544e-05,4.925486602972049e-05,0.12159589951591794,0.00043183522988409,0.8778991207844586
2,E/e (34).csv,233,13,E,E,2.827509675841586e-05,5.2298878567684945e-05,0.11678871825562709,0.0005430010527873639,0.8825877067162595
2,E/e (34).csv,233,14,E,E,0.0006763277698465407,1.7077749614740281e-06,0.05032283821976839,0.0005684694160154638,0.9484306568194081
2,E/e (34).csv,233,15,E,E,2.713723928028294e-05,4.566927065063965e-05,0.11689476510709243,0.0004669221364926418,0.882565506246484
2,E/e (34).csv,233,16,E,E,2.8727262681688424e-05,5.973972931155339e-05,0.08886607557278278,0.0006494994979167793,0.9103959579373072
2,E/e (34).csv,233,17,E,E,0.0005920453152615414,0.15496690090995058,1.591380237831094e-07,0.001258984029270572,0.8431819106074936
2,E/e (34).csv,233,18,E,E,0.0006892027893827958,0.08626849964456591,1.9733239057432507e-07,0.0012195454215253262,0.9118225548121354
2,C/c (4).csv,103,0,C,C,2.212305771282629e-05,0.0026516516560488334,0.8731114278617063,0.12419759179983218,1.7205624699940115e-05
2,C/c (4).csv,103,1,C,C,2.1809845876947802e-05,0.0016187186524533512,0.8714703687481713,0.12687782123396732,1.128151953101151e-05
2,C/c (4).csv,103,2,C,C,2.1323193024127964e-05,5.081725308868581e-05,0.8816222525957454,0.11768603916276733,0.0006195677953744538
2,C/c (4).csv,103,3,C,C,2.2249049062789902e-05,4.639372357427191e-05,0.9192581453222942,0.001629030925508543,0.07904418097956031
2,C/c (4).csv,103,4,C,C,2.3694527243526562e-05,4.563327236457426e-05,0.8732576539942432,0.12398070656526841,0.0026923116408804114
2,C/c (4).csv,103,5,C,D,2.32292497240063e-05,4.127206195235111e-05,0.14458489136357447,0.8531214717416217,0.0022291355831275256
2,C/c (4).csv,103,6,C,D,2.4884538844335367e-05,4.464489112904794e-05,0.13104867881819462,0.8683900938730419,0.0004916978787900091
2,C/c (4).csv,103,7,C,C,0.0005857912785924418,1.38388897023308e-06,0.8941494697885023,0.10472945868856459,0.0005338963553703411
2,C/c (4).csv,103,8,C,C,0.0005173769394567815,1.3334385733389265e-06,0.8767951339452017,0.12089983361495697,0.001786322061811153
2,C/c (4).csv,103,9,C,C,0.0005502660724534361,1.3791687307515606e-06,0.8845642139208912,0.1129173792667042,0.0019667615712204364
2,C/c (4).csv,103,10,C,C,2.602779870171502e-05,4.745128986189386e-05,0.9510987841260216,0.048149524043992385,0.0006782127414224793
2,C/c (4).csv,103,11,C,C,2.4450059797224353e-05,4.4999985284003454e-05,0.93326190702112,0.0005742181992888281,0.0660944247345099
2,C/c (4).csv,103,12,C,C,2.393600357291956e-05,4.259471523913232e-05,0.9016346856271802,0.09728081982513909,0.0010179638288686248
2,C/c (4).csv,103,13,C,C,2.299889708869757e-05,4.625257963513243e-05,0.8766591924323397,0.12272901643924979,0.0005425396516867796
2,C/c (4).csv,103,14,C,C,2.3042308027371104e-05,4.415802087874563e-05,0.8882711875295299,0.11111675921371728,0.0005448529278467386
2,C/c (4).csv,103,15,C,C,2.239098959270179e-05,4.379805260991958e-05,0.8728125044441698,0.1265755037194413,0.0005458027941863046
2,C/c (4).csv,103,16,C,C,2.39463653815248e-05,0.0017076177447104936,0.9252661334624668,0.07298811489118456,1.4187536256694254e-05
2,C/c (4).csv,103,17,C,C,2.156124847238671e-05,9.063600811929875e-05,0.8799823507578792,0.11823252988385442,0.001672922101674621
2,C/c (4).csv,103,18,C,C,2.429819610752132e-05,0.08230058998369702,0.9167225160445837,0.000940566964599734,1.2028811012141727e-05
2,E/e (5).csv,204,0,E,E,2.4257304626155428e-05,0.0019349682153233553,1.1452709615773562e-05,0.09766074701782156,0.9003685747526131
2,E/e (5).csv,204,1,E,E,2.4299348709306946e-05,0.004502639629501445,2.798924650355415e-05,0.08240029465337191,0.9130447771219138
2,E/e (5).csv,204,2,E,B,2.341205847899012e-05,0.8773787336170337,0.0012577350540279846,1.0344657217212245e-05,0.12132977461324213
2,E/e (5).csv,204,3,E,E,2.3052166500623258e-05,0.161832871167091,0.002423272103646187,9.704436894265236e-06,0.835711100125868
2,E/e (5).csv,204,4,E,C,2.147490445025726e-05,0.16091229363261406,0.8366826472606169,7.75652333476556e-06,0.0023758276789841103
2,E/e (5).csv,204,5,E,E,2.4942641263245405e-05,0.15842240730043425,0.0011244735577009694,1.064801228351952e-05,0.8404175284883181
2,E/e (5).csv,204,6,E,E,3.2645911059120496e-05,0.07614501333861518,0.0018333124457917103,1.225056548716184e-05,0.9219767777390468
2,E/e (5).csv,204,7,E,E,2.885814971293756e-05,0.13897830855805923,0.0013673455589204306,1.605498471288323e-05,0.8596094327485945
2,E/e (5).csv,204,8,E,E,2.6937443583424803e-05,0.13256081624908023,1.0542548632926736e-05,0.0006006923950519628,0.8668010113636514
2,E/e (5).csv,204,9,E,E,2.835096980690334e-05,0.0014310131594208197,9.269145287607038e-06,0.13040677132056466,0.86812459540492
2,E/e (5).csv,204,10,E,E,0.014629020341889913,5.2251823911974404e-05,1.6138747651297233e-07,0.12991153244248763,0.855407034004234
2,E/e (5).csv,204,11,E,E,2.5185696253456145e-05,4.787086629712606e-05,0.0005435297930961387,0.10379784012244613,0.8955855735219072
2,E/e (5).csv,204,12,E,E,2.602879309488254e-05,4.5414672685460275e-05,0.0004960777517226834,0.1252618550065058,0.8741706237759912
2,E/e (5).csv,204,13,E,E,2.6062312267657623e-05,4.449450047676148e-05,0.0007938127368059784,0.11529827993538914,0.8838373505150604
2,E/e (5).csv,204,14,E,E,2.5375842974388725e-05,4.800566675500052e-05,0.0006556758265313971,0.10825617109303765,0.8910147715707015
2,E/e (5).csv,204,15,E,E,2.5758191527601233e-05,4.392408730419093e-05,0.10433325240331545,0.00240790134342892,0.8931891639744238
2,E/e (5).csv,204,16,E,E,2.550285772093735e-05,4.458083199135865e-05,0.0007006217422466204,0.11500103817276824,0.8842282563952729
2,E/e (5).csv,204,17,E,E,2.6184606783360186e-05,0.0017149536140317822,9.254575685465237e-06,0.106280218209999,0.8919693889935004
2,E/e (5).csv,204,18,E,E,2.3561487003050056e-05,0.15963378483588234,8.81771230241276e-06,0.0015376135143419433,0.8387962224504701
2,C/c (49).csv,148,0,C,C,2.490667407525321e-05,0.0018899984901947894,0.9538509994992973,0.04422186065120304,1.2234685229639772e-05
2,C/c (49).csv,148,1,C,C,2.4203094033296593e-05,0.005647267750231936,0.9559251091708395,0.03839069647246959,1.2723512425562335e-05
2,C/c (49).csv,148,2,C,C,2.332187915882127e-05,0.0013230920449320974,0.9029501406254221,0.09569100187993658,1.244357055038984e-05
2,C/c (49).csv,148,3,C,C,2.3542473722711207e-05,0.09613075668366801,0.9032792391070599,0.000551612700492255,1.4849035056883384e-05
2,C/c (49).csv,148,4,C,C,2.434774599189084e-05,0.10471243050542958,0.8946224970050097,0.0006284821598487268,1.2242583720148522e-05
2,C/c (49).csv,148,5,C,C,2.4431526897800164e-05,0.004836295852007717,0.9450759520232018,0.05005035988742575,1.2960710466927754e-05
2,C/c (49).csv,148,6,C,C,2.628608942251869e-05,0.002150715447472476,0.9584404314584557,0.0393638274914069,1.8739513242371388e-05
2,C/c (49).csv,148,7,C,C,2.367433597248688e-05,0.0018987149394603857,0.8931233327452955,9.799166773299447e-06,0.10494447881249828
2,C/c (49).csv,148,8,C,C,2.3448525323595696e-05,5.3927673154346406e-05,0.9126792957613521,0.0005668527199464139,0.08667647532022343
2,C/c (49).csv,148,9,C,C,2.2750661084365317e-05,4.775295214125197e-05,0.9169610509235518,0.0004600525800588351,0.08250839288316388
2,C/c (49).csv,148,10,C,C,2.1598546957364527e-05,0.13986841723363364,0.8588890321366728,1.1023886920320533e-05,0.001209928195815878
2,C/c (49).csv,148,11,C,C,2.4825438441028245e-05,0.002031982156599726,0.9474350608689285,0.050496539209627093,1.159232640367862e-05
2,C/c (49).csv,148,12,C,C,2.494643252493758e-05,0.0017675500744257788,0.9970530199137824,0.0005315243373839754,0.0006229592418828961
2,C/c (49).csv,148,13,C,C,2.421418659461421e-05,0.004807460419599986,0.9569468544115616,0.03818757881857983,3.3892163664032996e-05
2,C/c (49).csv,148,14,C,C,2.2615361255713586e-05,0.0051344036195922526,0.8780364585785009,0.11679506915516266,1.1453285488644496e-05
2,C/c (49).csv,148,15,C,C,2.2412411666977696e-05,0.132749753458737,0.8659819949715477,8.584696600645525e-06,0.0012372544614477896
2,C/c (49).csv,148,16,C,C,2.211247841934732e-05,0.11451993554651575,0.8845260456369811,9.676605361365126e-06,0.0009222297327222707
2,C/c (49).csv,148,17,C,C,2.312858292466135e-05,0.11654374516168609,0.8829212777396092,1.0573181342434016e-05,0.0005012753344375745
2,C/c (49).csv,148,18,C,C,2.4602581267040654e-05,0.15791565620483478,0.8396807725236831,9.544006223789962e-06,0.0023694246839913204
2,D/d (17).csv,166,0,D,D,2.41875507900224e-05,4.456943725444275e-05,0.0797719041988151,0.91915820266719,0.0010011361459504621
2,D/d (17).csv,166,1,D,D,2.2955911900377763e-05,0.0015596230162574262,0.10225220482915671,0.8961523806154444,1.2835627241037366e-05
2,D/d (17).csv,166,2,D,D,2.1304166082814173e-05,4.1103112100097e-05,0.15120544482294815,0.8482758310329508,0.0004563168659181213
2,D/d (17).csv,166,3,D,D,2.1395208794836537e-05,4.036366127638129e-05,0.13908997422247987,0.8578563485816071,0.0029919183258418046
2,D/d (17).csv,166,4,D,D,2.443426880977237e-05,4.597103216076154e-05,0.0005317652299222208,0.9001941780666635,0.09920365140244382
2,D/d (17).csv,166,5,D,D,2.6766873731323922e-05,4.70346115648404e-05,0.035953947208881884,0.9632725877891949,0.0006996635166271184
2,D/d (17).csv,166,6,D,D,0.0006054511830759223,1.577636431989775e-06,0.043067569509831795,0.9557195194628082,0.0006058822078520369
2,D/d (17).csv,166,7,D,D,2.579200478250822e-05,5.006735735319213e-05,0.03392717056891406,0.9642299423492184,0.0017670277197317985
2,D/d (17).csv,166,8,D,D,2.208676136015203e-05,4.3464616833293e-05,0.13258589444261412,0.8646505955789787,0.0026979586002137614
2,D/d (17).csv,166,9,D,D,2.144578791626451e-05,4.942984904487922e-05,0.14145054118650713,0.8578145177004702,0.0006640654760613299
2,D/d (17).csv,166,10,D,D,2.306710538682687e-05,5.7840460496549714e-05,0.11618767907421695,0.8832228030227138,0.0005086103371859586
2,D/d (17).csv,166,11,D,D,2.5731522637151816e-05,0.08806472913645008,1.1328760581186268e-05,0.9112060334753619,0.000692177104969668
2,D/d (17).csv,166,12,D,D,2.4026829298841844e-05,0.15828052111830862,7.940896182495498e-06,0.8408152654687754,0.0008722456874345687
2,D/d (17).csv,166,13,D,D,2.2975667389707053e-05,0.14787052874835363,1.2453606310020691e-05,0.8514828137980118,0.0006112281799348794
2,D/d (17).csv,166,14,D,D,2.2431832859936795e-05,0.15123059678059206,0.001434957494789167,0.8472936288146716,1.8385077087065407e-05
2,D/d (17).csv,166,15,D,D,2.2360201112973605e-05,0.004898125357555036,0.12330203007123983,0.871762211030082,1.5273340010084376e-05
2,D/d (17).csv,166,16,D,D,2.2685623112372972e-05,5.129366889869685e-05,0.11264304108329716,0.8847214009148654,0.002561578709826226
2,D/d (17).csv,166,17,D,D,2.1852910509093862e-05,5.2622977500105184e-05,0.0009743101876124007,0.8810183038934853,0.11793291003089319
2,D/d (17).csv,166,18,D,D,2.228199198193826e-05,6.12297624259116e-05,0.13090925492527497,0.8683122403675114,0.0006949929528058217
2,B/b (50).csv,99,0,B,B,2.8589212521063238e-05,0.9021579080859832,0.0006452792628163051,1.1205474730055978e-05,0.09715701796394936
2,B/b (50).csv,99,1,B,B,2.642469516120388e-05,0.903252081483778,0.0006168990158324002,9.376759980163864e-06,0.0960952180452482
2,B/b (50).csv,99,2,B,D,0.0005417712458940084,0.16504935030499904,1.483791891795448e-07,0.8321872561547313,0.00222147391518637
2,B/b (50).csv,99,3,B,B,2.3816927583257248e-05,0.8875684564483074,8.540595222074226e-06,0.0021173683206734684,0.11028181770821374
2,B/b (50).csv,99,4,B,B,2.492942115944171e-05,0.9181287667337662,0.08109801353942764,1.6035975350435056e-05,0.0007322543302961666
2,B/b (50).csv,99,5,B,B,2.4087796992545905e-05,0.8760025935317318,0.12337742092739837,1.0528066601415628e-05,0.0005853696772758246
2,B/b (50).csv,99,6,B,B,2.689263917559785e-05,0.944044074515577,1.2397475743471744e-05,0.0017681212668329668,0.0541485141026709
2,B/b (50).csv,99,7,B,E,2.626755041625133e-05,0.15337890983653887,1.7097844553666262e-05,0.0017641980398534073,0.8448135267286379
2,B/b (50).csv,99,8,B,C,2.1662869610690905e-05,0.005654727845625912,0.8893206309997397,1.4343336492399738e-05,0.10498863494853118
2,B/b (50).csv,99,9,B,E,2.394565276804957e-05,8.069453847963805e-05,0.130303699892802,0.002024109474517156,0.8675675504414332
2,B/b (50).csv,99,10,B,E,2.6970146270025105e-05,6.0243590443430435e-05,0.08394021446447884,0.0017118267716812326,0.9142607450271265
2,B/b (50).csv,99,11,B,E,2.5246816854497138e-05,5.448249988767406e-05,0.13067338565136877,0.0006638018912430287,0.868583083140646
2,B/b (50).csv,99,12,B,E,2.57940059854595e-05,5.986307608154042e-05,0.07910812924782959,0.000727717269427002,0.9200784964006764
2,B/b (50).csv,99,13,B,E,2.4348795185196645e-05,0.00014216117312905354,0.13840224600725456,0.002456636176323795,0.8589746078481074
2,B/b (50).csv,99,14,B,B,2.3093993712146986e-05,0.8817032381176635,0.003356829039651177,1.0536661184629733e-05,0.1149063021877884
2,B/b (50).csv,99,15,B,B,2.3130348391861578e-05,0.8766210120828524,0.002971914414807757,1.2612579062057894e-05,0.12037133057488603
2,B/b (50).csv,99,16,B,B,2.448453459440127e-05,0.8863804781505342,0.0027258084484727404,1.2646933178418818e-05,0.1108565819332203
2,B/b (50).csv,99,17,B,B,2.3689439652666632e-05,0.8899637105674233,0.0026557509528111417,1.070675326155831e-05,0.1073461422868512
2,B/b (50).csv,99,18,B,B,2.57413759091111e-05,0.903246307948168,0.0012433210225330734,1.1319915180670379e-05,0.09547330973820926
2,A/a (30).csv,29,0,A,A,0.968878176024735,5.107987893398138e-05,1.602241036467972e-07,0.0005249366901316912,0.030545647182095598
2,A/a (30).csv,29,1,A,A,0.9362918180382632,0.0015553038062619744,1.6363380839637173e-07,9.417700678451218e-06,0.06214329682098785
2,A/a (30).csv,29,2,A,A,0.9011875241060583,0.0013482437686529875,1.4870290764003793e-07,8.090062618142127e-06,0.09745599335976297
2,A/a (30).csv,29,3,A,A,0.9648253737390882,1.6437484787913928e-06,9.350963780053549e-06,0.0005296595513852786,0.03463397199726772
2,A/a (30).csv,29,4,A,A,0.9675007920532765,0.0014467922368558855,1.6557100740523646e-07,9.323082770966595e-06,0.03104292705608923
2,A/a (30).csv,29,5,A,A,0.9708723806994033,1.5446483110869594e-06,8.805638289909106e-06,0.0006436407200182732,0.028473628293977444
2,A/a (30).csv,29,6,A,A,0.9356992869808509,1.51715596754357e-06,9.705175011572928e-06,0.0006074791429986053,0.06368201154517127
2,A/a (30).csv,29,7,A,A,0.9597729772087817,0.0016441667463710007,1.6250264910998896e-07,9.14167511978039e-06,0.03857355186707847
2,A/a (30).csv,29,8,A,A,0.9182114843541546,7.458199226306891e-05,0.0005966764326144733,1.7733729909566784e-07,0.08111707988366876
2,A/a (30).csv,29,9,A,A,0.8955946338001706,0.10252982320767744,2.313762406880043e-05,1.608352816698621e-07,0.0018522445328017713
2,A/a (30).csv,29,10,A,A,0.9966480148535681,0.001961705659786096,0.0008094482244957694,1.782133918883132e-07,0.0005806530487581034
2,A/a (30).csv,29,11,A,A,0.9632030209596907,5.1460254251645134e-05,0.0005759406928536955,0.036169292265836435,2.8582736745847785e-07
2,A/a (30).csv,29,12,A,A,0.9705207773973634,1.6530350930164414e-06,1.0244912180608163e-05,0.02894171302051133,0.00052561163485164
2,A/a (30).csv,29,13,A,A,0.9513476526611955,0.048199423958325424,9.184875705513807e-06,0.00044346598898626136,2.7251578727489176e-07
2,A/a (30).csv,29,14,A,A,0.9057918186308871,0.09355472231006186,1.0916605260482654e-05,1.5484662196771705e-07,0.0006423876071686607
2,A/a (30).csv,29,15,A,A,0.9141446998373204,0.0847847324903421,1.6459339561078476e-07,9.040524718570595e-06,0.0010613625542233215
2,A/a (30).csv,29,16,A,A,0.8624372813683013,0.1361386230040871,8.752380461839945e-06,1.4575801518308151e-07,0.0014151974891347108
2,A/a (30).csv,29,17,A,A,0.8768814035416924,0.12255367408523009,9.122308111148406e-06,1.5678018136186198e-07,0.000555643284784804
2,A/a (30).csv,29,18,A,A,0.871854380646041,0.12755326253437155,1.6289166655035088e-07,0.0005793923328155979,1.2801595105204315e-05
2,D/d (18).csv,167,0,D,D,0.0006968987608915085,1.634171846328121e-06,0.10828561652148756,0.8904221603481358,0.0005936901976387368
2,D/d (18).csv,167,1,D,D,2.4284734782878907e-05,4.7045334907003396e-05,0.0005801839658740245,0.884085375098896,0.11526311086554027
2,D/d (18).csv,167,2,D,D,2.3147269197404704e-05,4.230399716439259e-05,0.0007000739679046727,0.8741152037773344,0.1251192709883991
2,D/d (18).csv,167,3,D,E,2.6927538193371533e-05,7.592079119056144e-05,0.14047659087301242,0.0011576376555410995,0.8582629231420625
2,D/d (18).csv,167,4,D,C,2.8433188019507993e-05,5.222037357229067e-05,0.9254808294225183,0.07367573581110612,0.0007627812047838672
2,D/d (18).csv,167,5,D,D,0.0007239107481656953,1.6028049239012537e-06,0.08036402112732106,0.9182763028990809,0.0006341624205084192
2,D/d (18).csv,167,6,D,D,2.7712909025653905e-05,4.4831721640532526e-05,0.0005869223351956416,0.9308006685086526,0.06853986452548552
2,D/d (18).csv,167,7,D,D,2.843945286558981e-05,0.0021455958892471687,0.0006141755860165881,0.9964520406954758,0.0007597483763948563
2,D/d (18).csv,167,8,D,D,2.9295456389016358e-05,4.851149015461155e-05,0.05759103991717706,0.9418270156671252,0.000504137469154012
2,D/d (18).csv,167,9,D,D,0.0007224477381962121,0.0015980895476228965,0.036018222818591294,0.9616609334846798,3.0641090976589436e-07
2,D/d (18).csv,167,10,D,D,3.516540605842368e-05,6.272553442900144e-05,0.0006644006947849375,0.9696239125823926,0.029613795782335
2,D/d (18).csv,167,11,D,D,3.2303757642333405e-05,5.75148780422844e-05,0.0006840095775777289,0.9515923669207552,0.04763380486598236
2,D/d (18).csv,167,12,D,D,2.8436756772810216e-05,0.06028066025138429,1.0283287545602471e-05,0.9390977954482446,0.0005828242560526993
2,D/d (18).csv,167,13,D,D,0.0007111856740541758,0.05514614356443084,2.0966671702214327e-07,0.943393087928949,0.0007493731658489641
2,D/d (18).csv,167,14,D,D,2.4988501149708722e-05,0.001428597363278197,0.11816849709123484,0.8803664199424452,1.1497101892006839e-05
2,D/d (18).csv,167,15,D,D,2.308974570491471e-05,0.001553449601869824,0.13922060874411674,0.8591919093177498,1.094259055861799e-05
2,D/d (18).csv,167,16,D,D,2.9695035908359774e-05,0.0019426363319487588,0.0339248093129003,0.9640892166105206,1.3642708722048341e-05
2,D/d (18).csv,167,17,D,D,0.03454463681480058,6.783591018020921e-05,1.7535274789900313e-07,0.8652404684387791,0.10014688348349217
2,D/d (18).csv,167,18,D,A,0.8798263752834632,0.002494444383806012,1.4661218522327804e-07,0.11766292586055091,1.6107859994595316e-05
2,D/d (12).csv,161,0,D,D,0.018009814385757217,5.675559319427127e-05,2.105551623853673e-07,0.9018949347553616,0.08003828471052457
2,D/d (12).csv,161,1,D,D,0.016697750937813567,5.597527313654485e-05,1.942114958054218e-07,0.884888940609439,0.0983571389681151
2,D/d (12).csv,161,2,D,D,2.5066165635304196e-05,4.393495168864973e-05,0.0005819250286898679,0.8815995347180692,0.11774953913591713
2,D/d (12).csv,161,3,D,D,0.013710378514885787,4.899276699969851e-05,1.6481966775176482e-07,0.8947207194635641,0.09151974443488264
2,D/d (12).csv,161,4,D,D,0.21707935405557038,1.4085474936581524e-06,0.0005052206516287369,0.7824021852480679,1.1831497239162567e-05
2,D/d (12).csv,161,5,D,D,0.2864105975180447,1.2865694664370543e-06,0.0005075628589494926,0.7130692276961422,1.1325357397085858e-05
2,D/d (12).csv,161,6,D,D,0.0007143879034790413,1.5386327129050787e-06,0.05958071841788077,0.9371514184252686,0.0025519366206586385
2,D/d (12).csv,161,7,D,D,2.8710892619075423e-05,5.0454261735620314e-05,0.049388613681515876,0.9499950783179283,0.0005371428462010407
2,D/d (12).csv,161,8,D,D,0.0006243876356190884,0.11283757668917066,1.6092864892938296e-07,0.885949462791756,0.0005884119548052552
2,D/d (12).csv,161,9,D,D,2.8746813250674284e-05,0.1210444425702437,9.438859237082586e-06,0.8782432988719298,0.0006740728853388327
2,D/d (12).csv,161,10,D,D,0.01572492699428648,0.056829741091180656,9.805537767758462e-06,0.9274352240646094,3.0231215556253146e-07
2,D/d (12).csv,161,11,D,D,2.4244188116665125e-05,4.6370728991318176e-05,0.10010395950725567,0.8993603456280077,0.00046507994762870085
2,D/d (12).csv,161,12,D,D,2.348110347225816e-05,4.4094770244972975e-05,0.13515677673617404,0.8640810253467005,0.00069462204340809
2,D/d (12).csv,161,13,D,D,2.2744825536012493e-05,4.034506912221096e-05,0.16393844923127837,0.8355823133715858,0.00041614750247772855
2,D/d (12).csv,161,14,D,D,0.017949289516796394,6.0953712638257864e-05,0.06581955407460585,0.9161699066230712,2.9607288822799313e-07
2,D/d (12).csv,161,15,D,D,2.6018729575234865e-05,0.06632083648804556,9.450549967440567e-06,0.9329318381183768,0.0007118561140350983
2,D/d (12).csv,161,16,D,D,2.179839244542693e-05,4.385843909149492e-05,0.1467952002064717,0.8523163143700254,0.0008228285919659795
2,D/d (12).csv,161,17,D,D,2.9074538094989204e-05,4.670750288063872e-05,0.12932273586782958,0.8682058985393265,0.0023955835518683095
2,D/d (12).csv,161,18,D,A,0.9094563048891877,1.784398743108969e-06,1.2856364179361864e-05,0.0013511410068626278,0.08917791334102712
2,A/a (20).csv,19,0,A,A,0.969889431982031,5.45016116158305e-05,1.8030906288061684e-07,0.02938885740626592,0.0006670286910242999
2,A/a (20).csv,19,1,A,A,0.944940095014648,0.054367155636889805,1.7416206616649054e-07,1.1386011110681146e-05,0.0006811891752852753
2,A/a (20).csv,19,2,A,A,0.8832775768432755,0.1162534360331685,1.468935731274732e-07,8.263519917861378e-06,0.00046057671006510717
2,A/a (20).csv,19,3,A,A,0.8835656434470816,0.11512805530764358,1.4436195343067975e-07,9.796190487687258e-06,0.00129636069283372
2,A/a (20).csv,19,4,A,A,0.950221954690913,0.04796913847270296,1.5605673666189333e-07,1.0581073806817455e-05,0.0017981697058403964
2,A/a (20).csv,19,5,A,A,0.9739650130105617,0.0014442604968118405,1.79010575383057e-07,9.124545704150158e-06,0.024581422936346877
2,A/a (20).csv,19,6,A,A,0.9052420705794266,1.4970226330866503e-06,8.868694402317377e-06,0.09426837105819001,0.0004791926453479151
2,A/a (20).csv,19,7,A,A,0.8891012623195723,4.1810236530359434e-05,1.5526818783177434e-07,0.11035833258392379,0.0004984395917855065
2,A/a (20).csv,19,8,A,A,0.9375614466307942,0.06179783270925537,9.493730733875238e-06,0.0006309616507414598,2.652784749727822e-07
2,A/a (20).csv,19,9,A,A,0.9310146713035808,0.06823196105591005,0.000740153687688307,1.8014384107638102e-07,1.303380897968294e-05
2,A/a (20).csv,19,10,A,A,0.8846289634407212,0.1149042857792385,8.972544561412446e-06,0.0004575196192581691,2.5861622102683525e-07
2,A/a (20).csv,19,11,A,A,0.8906045963500375,0.10877686181263047,0.0006065134565256426,1.771817984533792e-07,1.1851199007833845e-05
2,A/a (20).csv,19,12,A,A,0.9200689847204115,4.4164281417175356e-05,0.07940495249141823,0.00048163937194571524,2.591348073375729e-07
2,A/a (20).csv,19,13,A,A,0.9658261683913371,0.0016606781194135006,0.0325030931230447,9.776727906813048e-06,2.836382978724397e-07
2,A/a (20).csv,19,14,A,A,0.9543979847404743,0.04506089390256115,1.08354794253135e-05,1.876580559960938e-07,0.0005300982194832137
2,A/a (20).csv,19,15,A,A,0.9203160544286769,0.07922854739722157,9.0915655285462e-06,1.6566936728190207e-07,0.00044614093920565117
2,A/a (20).csv,19,16,A,A,0.8777400735712179,0.12179540043696514,9.314958142428529e-06,1.507790196826847e-07,0.0004550602546550228
2,A/a (20).csv,19,17,A,A,0.9601198672149075,5.1021659172256904e-05,0.03929492536490552,0.0005339132906126907,2.7247040197989565e-07
2,A/a (20).csv,19,18,A,A,0.884997620891373,0.11455923088571862,8.217648781202436e-06,0.00043468019339665574,2.5038073049063213e-07
2,A/a (34).csv,33,0,A,A,0.9665432016992458,0.0015204274367747884,1.6289675538594875e-07,0.03192141562177491,1.47923454492074e-05
2,A/a (34).csv,33,1,A,A,0.8725010543641206,0.12654723876863924,1.3132934166952353e-07,8.284914948509252e-06,0.0009432906229498982
2,A/a (34).csv,33,2,A,A,0.9052787487177273,0.09316520056037735,1.4339956488740932e-07,8.706514537034405e-06,0.0015472008077934878
2,A/a (34).csv,33,3,A,A,0.9753987717013892,0.0014257628541150477,1.6590918549641056e-07,9.58750218155662e-06,0.02316571203312864
2,A/a (34).csv,33,4,A,A,0.9643610752309767,1.5518070208334512e-06,0.0350468447345873,1.0523617605789111e-05,0.0005800046098093656
2,A/a (34).csv,33,5,A,A,0.8965109957955893,1.4793785088304181e-06,8.119179511537958e-06,0.10297288565487156,0.0005065199915187363
2,A/a (34).csv,33,6,A,A,0.9034264880102121,4.512371909306848e-05,1.563249388119862e-07,0.09590849861124427,0.0006197333345118547
2,A/a (34).csv,33,7,A,A,0.9571917638427604,4.549049116051669e-05,0.0007106050387195557,0.04205186495497096,2.756723885657119e-07
2,A/a (34).csv,33,8,A,A,0.8845409375387118,0.11469398443003019,9.395548148539097e-06,1.8039622261593275e-07,0.0007555020868869344
2,A/a (34).csv,33,9,A,A,0.882935939611665,0.11645521737585494,1.4295091260823802e-07,9.696310241443028e-06,0.0005990037513260992
2,A/a (34).csv,33,10,A,A,0.8545745698954852,0.14381677588856986,1.2693283949162564e-07,2.0241498852788984e-05,0.0015882857842526256
2,A/a (34).csv,33,11,A,A,0.8845060853759877,0.11492048112239651,1.5117766911531866e-07,7.894210545178739e-06,0.0005653881134015448
2,A/a (34).csv,33,12,A,A,0.9065593001431993,0.0016115265539147238,0.09181836255744255,1.648442731926745e-07,1.0645901170542139e-05
2,A/a (34).csv,33,13,A,A,0.9139908623849696,0.08521096883191706,1.5660971986164245e-07,0.0007865888226399345,1.1423350753552981e-05
2,A/a (34).csv,33,14,A,A,0.8417642625894218,0.15766804907055396,1.291688665149145e-07,7.883027056961019e-06,0.0005596761441005545
2,A/a (34).csv,33,15,A,A,0.8495120871386529,0.15006365907068694,1.357151361302325e-07,0.00041372790560071423,1.0390169923302051e-05
2,A/a (34).csv,33,16,A,A,0.8401256877278661,0.15937789626291926,8.075497401010027e-06,1.4614845335154646e-07,0.0004881943633601598
2,A/a (34).csv,33,17,A,A,0.8447916508796958,0.15409379878848573,1.3145849532558036e-07,1.0941199574503776e-05,0.0011034776737486169
2,A/a (34).csv,33,18,A,B,0.3699506188350027,0.6281553462269797,1.0579304407217743e-07,7.774016074080481e-06,0.001886155128899646
2,B/b (33).csv,82,0,B,B,3.466257070082778e-05,0.9159420389079744,0.0008727601835415327,1.182926206594906e-05,0.08313870907571724
2,B/b (33).csv,82,1,B,B,2.717049197593209e-05,0.9003053259995616,0.0006072492269567887,1.0492605347147335e-05,0.09904976167615855
2,B/b (33).csv,82,2,B,B,2.7749110681025117e-05,0.9001350066199878,0.0005800391822192539,1.1109138113833827e-05,0.09924609594899807
2,B/b (33).csv,82,3,B,B,2.4590439760075208e-05,0.8831336589794293,0.11602254434226743,8.674812818317422e-06,0.0008105314257249035
2,B/b (33).csv,82,4,B,B,2.3635996094848918e-05,0.8573590444547905,0.14193416350921165,9.05699751366322e-06,0.0006740990423893677
2,B/b (33).csv,82,5,B,B,2.398684319917487e-05,0.9185480090890995,0.0012284638013847229,9.591728085828109e-06,0.08018994853823076
2,B/b (33).csv,82,6,B,B,2.4476826435963762e-05,0.8800569056824692,9.617349776096053e-06,0.0008034840662330966,0.1191055160750858
2,B/b (33).csv,82,7,B,B,2.3642102495004876e-05,0.878980601975773,8.873132587909774e-06,0.0005939055761295218,0.12039297721301451
2,B/b (33).csv,82,8,B,B,2.6168382957275796e-05,0.9003669498923149,1.049256786884567e-05,0.0006310666015626388,0.09896532255529626
2,B/b (33).csv,82,9,B,B,2.7659469423894627e-05,0.9238637382893838,0.0005773173136685133,9.197781120594508e-06,0.07552208714640303
2,B/b (33).csv,82,10,B,B,2.4991988658707438e-05,0.8892607566040855,0.11017826251032768,1.1534669712641241e-05,0.0005244542272154682
2,B/b (33).csv,82,11,B,B,2.5335411299070134e-05,0.91025533278025,0.0006329260117298885,9.280432560220257e-06,0.0890771253641607
2,B/b (33).csv,82,12,B,B,2.4427084736498493e-05,0.8840783395006171,8.191997264162726e-06,0.00046416369465730566,0.11542487772272499
2,B/b (33).csv,82,13,B,B,2.450691940473514e-05,0.8996212941255187,0.00046043112599710795,9.333355773634645e-06,0.09988443447330592
2,B/b (33).csv,82,14,B,B,2.4812545818471572e-05,0.896642705931372,0.0004906873444718669,8.570849136320744e-06,0.1028332233292013
2,B/b (33).csv,82,15,B,B,2.6319768871004184e-05,0.930567575127871,9.032806499838227e-06,0.0005243071098864646,0.06887276518687172
2,B/b (33).csv,82,16,B,B,2.3982124492738687e-05,0.892060377794541,8.550921975608134e-06,0.0004736035582040392,0.10743348560078668
2,B/b (33).csv,82,17,B,B,2.4855912148474775e-05,0.9239682700313991,9.30750780664345e-06,0.00046861346729348347,0.07552895308135224
2,B/b (33).csv,82,18,B,B,2.6042656213318773e-05,0.9416507607944886,9.210692628181404e-06,0.0005500601548443033,0.05776392570182558
2,E/e (42).csv,241,0,E,B,2.5192809137471918e-05,0.9001412106667421,1.0865272639550769e-05,0.001987668142842834,0.09783506310863803
2,E/e (42).csv,241,1,E,E,2.243184351057734e-05,0.16626608354829306,0.0005417437047323151,1.0778653180652626e-05,0.8331589622502834
2,E/e (42).csv,241,2,E,E,2.3907703511832052e-05,6.193224879274807e-05,0.11118443167271676,0.0005724765603067756,0.888157251814672
2,E/e (42).csv,241,3,E,B,0.0006471950940108959,0.8914027623509171,1.6118995575248596e-07,0.0005402307498925165,0.10740965061522384
2,E/e (42).csv,241,4,E,B,3.0875427775081184e-05,0.9067956200087298,1.0274273906999333e-05,0.0005116986927582548,0.09265153159683001
2,E/e (42).csv,241,5,E,E,2.4789878260152127e-05,0.13160725684622343,0.0009052491394233116,1.5183095301110245e-05,0.867447521040792
2,E/e (42).csv,241,6,E,E,2.5217314856049665e-05,0.11472359711043205,0.0010339415765294082,9.874151223359265e-06,0.8842073698469591
2,E/e (42).csv,241,7,E,E,3.027904232059964e-05,5.2043339922318405e-05,0.0007291665337192562,0.07217889658942021,0.9270096144946176
2,E/e (42).csv,241,8,E,E,2.670649034737538e-05,4.8379912880855664e-05,0.11729268471605112,0.00047878522054944363,0.8821534436601712
2,E/e (42).csv,241,9,E,E,2.4656375166525896e-05,4.633809149895857e-05,0.13494791405002451,0.00045344023421784634,0.8645276512490921
2,E/e (42).csv,241,10,E,E,2.6978439378557204e-05,4.9457863179145244e-05,0.10247011077680868,0.0005454525975365889,0.896908000323097
2,E/e (42).csv,241,11,E,E,2.464035478215231e-05,4.905863294058834e-05,0.11473223754479436,0.0005539367170496627,0.8846401267504332
2,E/e (42).csv,241,12,E,E,3.217739857310559e-05,5.7303109379582686e-05,0.0007830361877594948,0.04245099298095915,0.9566764903233287
2,E/e (42).csv,241,13,E,E,3.072029694710933e-05,6.0284064714713413e-05,0.0005994306729292392,0.05119662143590907,0.9481129435294998
2,E/e (42).csv,241,14,E,E,3.195640164492256e-05,6.0910484095568215e-05,0.0006590756420387694,0.0472808120718983,0.9519672454003224
2,E/e (42).csv,241,15,E,E,2.9954594832439857e-05,5.5832175289959824e-05,0.0006716742495264331,0.03888954232570573,0.9603529966546455
2,E/e (42).csv,241,16,E,E,2.6618285320407378e-05,4.8093854317826675e-05,0.08367393434618835,0.0007314923402812568,0.9155198611738922
2,E/e (42).csv,241,17,E,E,2.7355210031367232e-05,5.403388084902502e-05,0.03996482389132237,0.0005678167202490497,0.9593859702975482
2,E/e (42).csv,241,18,E,E,2.2421719153476516e-05,0.15896371357514266,0.0005317971260794936,8.772328623075434e-06,0.8404732952510013
2,C/c (32).csv,131,0,C,C,2.2457792943521765e-05,4.632449319481319e-05,0.8782499231240135,0.0005453954146211223,0.12113589917522707
2,C/c (32).csv,131,1,C,C,2.3404322685955757e-05,5.294858894982056e-05,0.8989388106096523,0.0005572691622563778,0.10042756731645558
2,C/c (32).csv,131,2,C,C,2.3599819940686547e-05,4.7289805662961605e-05,0.9006584990997057,0.0013881434850160858,0.0978824677896746
2,C/c (32).csv,131,3,C,E,2.6685663510896948e-05,4.554943789747838e-05,0.13692223114913477,0.0019409007787870012,0.8610646329706698
2,C/c (32).csv,131,4,C,E,2.3963784769432643e-05,4.533759209260237e-05,0.14584080973071942,0.0024250495400734194,0.8516648393523452
2,C/c (32).csv,131,5,C,C,2.276086824555682e-05,4.2023162872916055e-05,0.8816041453179337,0.002966726598868455,0.11536434405207949
2,C/c (32).csv,131,6,C,C,2.4123058578826214e-05,4.162653759022408e-05,0.8961383862556236,0.0017208355245039869,0.10207502862370332
2,C/c (32).csv,131,7,C,C,2.2532080812294984e-05,4.147318870328274e-05,0.884223459715443,0.0006129409594409145,0.11509959405560048
2,C/c (32).csv,131,8,C,C,2.3252756690339704e-05,4.34779393648182e-05,0.8966006666517856,0.0005304683723575094,0.10280213427980167
2,C/c (32).csv,131,9,C,C,2.218077467557674e-05,4.0144090762288094e-05,0.8828939170708632,0.0018057367313442341,0.11523802133235475
2,C/c (32).csv,131,10,C,E,2.3189658440097107e-05,4.2616238229876574e-05,0.15822809685965822,0.000892103155060188,0.8408139940886116
2,C/c (32).csv,131,11,C,E,2.4166702172788337e-05,4.389603104715983e-05,0.13858091051474825,0.0004848668668917546,0.8608661598851401
2,C/c (32).csv,131,12,C,E,2.3982955403774325e-05,4.6003147811809735e-05,0.15590207832272582,0.0004692030997633137,0.8435587324742954
2,C/c (32).csv,131,13,C,C,2.342839706562544e-05,4.517125440355482e-05,0.894960720170019,0.0016846772037460924,0.10328600297476559
2,C/c (32).csv,131,14,C,C,2.2054878479577164e-05,4.332710303600484e-05,0.8760126940823133,0.0004888424894215033,0.1234330814467495
2,C/c (32).csv,131,15,C,C,2.217864799518928e-05,4.457167398858353e-05,0.8826301001059113,0.0008141687182027102,0.11648898085390219
2,C/c (32).csv,131,16,C,C,2.681194102863137e-05,5.428912270189135e-05,0.957842691635359,0.0009490358427645568,0.041127171458146025
2,C/c (32).csv,131,17,C,C,2.348816177298341e-05,0.13222784589612913,0.8667982497615142,1.0119440913162427e-05,0.0009402967396705026
2,C/c (32).csv,131,18,C,B,2.539585195379354e-05,0.8880975634105378,0.0016374906673964974,0.1102266418194859,1.290825062600522e-05
2,C/c (36).csv,135,0,C,C,2.1527794369339255e-05,0.16164126759054315,0.837698616179182,0.0006283875385768982,1.0200897328634448e-05
2,C/c (36).csv,135,1,C,C,2.2427430257303693e-05,0.12337412632431,0.8760405767835021,0.0005514928375515685,1.1376624379011265e-05
2,C/c (36).csv,135,2,C,C,2.5528200670787506e-05,0.0019505978531817727,0.9965122529350613,0.0005881713250858033,0.0009234496860003617
2,C/c (36).csv,135,3,C,C,2.3818605158371e-05,6.152095058399693e-05,0.9215730079286119,0.0006536831686316417,0.07768796934701404
2,C/c (36).csv,135,4,C,C,2.23326353929935e-05,0.1374615611973654,0.8618357758813198,1.0633301649872307e-05,0.0006696969842718693
2,C/c (36).csv,135,5,C,C,2.3591540969562086e-05,4.543243860205687e-05,0.9173408460779243,0.0004800096109006693,0.08211012033160331
2,C/c (36).csv,135,6,C,C,2.4045387757126397e-05,4.706878660634251e-05,0.9390342724128853,0.0006625029768156928,0.06023211043593546
2,C/c (36).csv,135,7,C,C,2.2248849444466702e-05,4.940845064444782e-05,0.8890669494822379,0.0005025980463647,0.11035879517130852
2,C/c (36).csv,135,8,C,C,2.260590142291168e-05,4.986848832300751e-05,0.9024539568971603,0.0005653157536698371,0.09690825295942394
2,C/c (36).csv,135,9,C,C,2.2466093434545326e-05,4.9467730330004005e-05,0.9091293914911454,0.08881561248990193,0.001983062195188176
2,C/c (36).csv,135,10,C,C,2.1838380206442644e-05,5.002269691115763e-05,0.887187327769992,0.0005589700010137524,0.11218184115187661
2,C/c (36).csv,135,11,C,C,2.2633944909662483e-05,0.11590731052671097,0.8824770653444318,8.471178913945422e-06,0.001584519005033709
2,C/c (36).csv,135,12,C,C,2.3832625772328224e-05,8.778617406246128e-05,0.8899457738281683,0.0006169288064875915,0.10932567856550932
2,C/c (36).csv,135,13,C,C,2.307723213925119e-05,5.399227283398467e-05,0.8914723791020389,0.0005233143931796607,0.10792723699980819
2,C/c (36).csv,135,14,C,C,2.3110969548304862e-05,5.329256309007917e-05,0.9151028168762991,0.0006726349744453215,0.08414814461661722
2,C/c (36).csv,135,15,C,C,2.1424058358340174e-05,0.15155520969019312,0.8468712845287572,9.800083325838545e-06,0.0015422816393657712
2,C/c (36).csv,135,16,C,C,2.2648050649883865e-05,0.11938131647532073,0.8794384824278635,8.130527537663813e-06,0.0011494225186281426
2,C/c (36).csv,135,17,C,C,2.674695763800762e-05,0.0047562747056014544,0.9087570861297409,1.1360569033822369e-05,0.08644853163798574
2,C/c (36).csv,135,18,C,C,2.930552316666608e-05,0.12112406403100257,0.878180431994057,1.045299063640978e-05,0.0006557454611374535
2,D/d (39).csv,188,0,D,D,2.2748448191238916e-05,4.036134104139096e-05,0.12629910247432408,0.8723129401599076,0.0013248475765358697
2,D/d (39).csv,188,1,D,D,2.215008672519536e-05,4.101329965439799e-05,0.14074677571499508,0.8566740418250994,0.0025160190735258247
2,D/d (39).csv,188,2,D,D,2.3204620441423014e-05,4.535059916746812e-05,0.001887050171823694,0.87981533170074,0.11822906290782738
2,D/d (39).csv,188,3,D,D,2.2914660648454116e-05,4.741027271012944e-05,0.14459760954355594,0.8532620301811437,0.0020700353419418763
2,D/d (39).csv,188,4,D,D,2.3763765619117545e-05,5.2585023022410285e-05,0.08942825932236519,0.908207344227096,0.002288047661897157
2,D/d (39).csv,188,5,D,D,2.2523105353404604e-05,4.613013188369831e-05,0.1206399401407929,0.8775237896163764,0.0017676170055935738
2,D/d (39).csv,188,6,D,D,2.4132152647339683e-05,4.5977205177354934e-05,0.10082470149534926,0.8982261569657302,0.0008790321810959012
2,D/d (39).csv,188,7,D,D,2.336051291928414e-05,4.12450028623672e-05,0.14216895432550603,0.855286672456329,0.0024797677023834595
2,D/d (39).csv,188,8,D,C,2.275763172396277e-05,5.227470352574833e-05,0.8740854018490481,0.12460362330425774,0.0012359425114444452
2,D/d (39).csv,188,9,D,D,2.3935517272363364e-05,0.15099468797179105,0.0005394187978270094,0.8484299448153398,1.2012897769758546e-05
2,D/d (39).csv,188,10,D,D,2.7309048353956268e-05,0.15091814298454861,1.045576850507203e-05,0.8484715474537361,0.0005725447448562949
2,D/d (39).csv,188,11,D,D,0.000832100041236348,0.0022708639579697458,0.04623527790329356,0.9506614070765425,3.510209578657979e-07
2,D/d (39).csv,188,12,D,D,0.0007111059015441764,0.061178390703290654,0.000590165221514891,0.9375200317739654,3.063996848527771e-07
2,D/d (39).csv,188,13,D,D,0.0006259271490728908,0.002591418084059324,0.07680943043045625,0.9199729403968576,2.8393955395514056e-07
2,D/d (39).csv,188,14,D,D,0.0005817773969289489,0.12809498574387415,1.6941121306063023e-07,0.8708022039597471,0.0005208634882366666
2,D/d (39).csv,188,15,D,E,2.2844776127705355e-05,0.007129834318864731,8.406809722768947e-06,0.13635544435209054,0.8564834697431942
2,D/d (39).csv,188,16,D,D,2.2490746847598468e-05,4.843459344403894e-05,0.13164039559342763,0.8660761345156652,0.0022125445506154446
2,D/d (39).csv,188,17,D,C,2.0985528028649244e-05,4.350421930877288e-05,0.8611336800959634,0.13742899661996102,0.0013728335367381593
2,D/d (39).csv,188,18,D,D,2.2412321007063262e-05,0.0020805013203671193,0.14168846335079982,0.856196517006077,1.2106001748911607e-05
2,E/e (43).csv,242,0,E,E,2.3463503687784124e-05,5.5935750149470636e-05,0.11454801820909534,0.0008076244506476563,0.8845649580864198
2,E/e (43).csv,242,1,E,E,2.673357387264547e-05,0.0036774172293194945,0.001597093884237799,0.0006449336429741623,0.9940538216695959
2,E/e (43).csv,242,2,E,E,2.2795190294642204e-05,0.16623507843619467,0.002739819857909051,8.583269431199166e-06,0.8309937232461705
2,E/e (43).csv,242,3,E,E,2.381116140801076e-05,0.15396226060970658,0.0020359687460014004,8.665262165830265e-06,0.8439692942207182
2,E/e (43).csv,242,4,E,E,2.605056342784919e-05,0.07614500918964655,0.000565382176661283,1.1452846151924777e-05,0.9232521052241124
2,E/e (43).csv,242,5,E,E,2.8591004999114608e-05,0.0020757309921571724,0.08700939606752035,1.0908845911373327e-05,0.910875373089412
2,E/e (43).csv,242,6,E,E,3.5242079438699934e-05,0.001978143754213958,1.0640630455278244e-05,0.02806917954287291,0.9699067939930192
2,E/e (43).csv,242,7,E,E,2.7226592889993316e-05,0.002215208279341667,1.0002799280579693e-05,0.03173299389714848,0.9660145684313393
2,E/e (43).csv,242,8,E,E,2.817762145714041e-05,0.0015754847589029412,1.0154218385529917e-05,0.10296359565848064,0.8954225877427737
2,E/e (43).csv,242,9,E,E,3.0511404037901392e-05,0.0017012964466048908,1.0081842643320282e-05,0.03192862911254282,0.9663294811941712
2,E/e (43).csv,242,10,E,E,3.061754550780812e-05,0.0016906914418973287,1.132653313300762e-05,0.03017872644238778,0.9680886380370741
2,E/e (43).csv,242,11,E,E,2.9607609036695692e-05,0.0018403771585150106,1.2205671386586149e-05,0.06031415283037662,0.9378036567306851
2,E/e (43).csv,242,12,E,E,2.8646750210925605e-05,0.0020175461204481123,0.0006394974422051176,0.0006211902348265457,0.9966931194523093
2,E/e (43).csv,242,13,E,E,2.441209799423658e-05,0.1472248708618571,0.0007650496701869164,8.861512052675078e-06,0.8519768058579089
2,E/e (43).csv,242,14,E,E,2.6172819168154773e-05,0.116281583091895,0.0014249632459729202,9.422684865941357e-06,0.882257858158098
2,E/e (43).csv,242,15,E,E,2.806355305464667e-05,5.6489153406855416e-05,0.0006658659691219206,0.05698926053363055,0.942260320790786
2,E/e (43).csv,242,16,E,E,3.0119739692759857e-05,6.027726599167105e-05,0.0006406942863843138,0.0921848859621093,0.9070840227458219
2,E/e (43).csv,242,17,E,E,2.7266055784440113e-05,5.6961170602615564e-05,0.0005960817058947865,0.06593120736253512,0.9333884837051831
2,E/e (43).csv,242,18,E,B,2.2717996691830298e-05,0.8753164175831187,0.0005228807975162298,8.854559873308214e-06,0.12412912906279987
2,C/c (43).csv,142,0,C,C,2.4504303778779104e-05,0.0021386363726584993,0.9128458653637334,0.08497932845521042,1.1665504618767656e-05
2,C/c (43).csv,142,1,C,C,2.3708697213442986e-05,0.004080162160858778,0.9187077299132059,0.07717528746315633,1.3111765565487054e-05
2,C/c (43).csv,142,2,C,C,2.4421532010783892e-05,0.002129784999907311,0.9535187308712056,0.04431440886233647,1.265373453974918e-05
2,C/c (43).csv,142,3,C,C,2.4399878391197105e-05,0.0024150099247645636,0.9666590593462916,0.030888585189652176,1.2945660900457212e-05
2,C/c (43).csv,142,4,C,C,2.40563092874868e-05,0.0024879923081196718,0.9488171188302995,0.04865869926304806,1.2133289245152773e-05
2,C/c (43).csv,142,5,C,E,2.780327278894748e-05,5.6045214963494565e-05,0.09450409748053933,0.0005569946370274331,0.9048550593946809
2,C/c (43).csv,142,6,C,C,0.0006221941559075031,1.4968326763221643e-06,0.8810774147404955,0.11676388317279777,0.0015350110981227855
2,C/c (43).csv,142,7,C,C,2.3098047188183575e-05,4.50390020009441e-05,0.8981325948654528,0.002184877325968162,0.09961439075938988
2,C/c (43).csv,142,8,C,C,2.2764295787976375e-05,4.171674565399761e-05,0.8796285697748923,0.0026804058933990976,0.11762654329026653
2,C/c (43).csv,142,9,C,C,2.224246499091435e-05,4.674392469508941e-05,0.9014124517287264,0.0016879129580823365,0.0968306489235053
2,C/c (43).csv,142,10,C,C,2.4242803186902098e-05,0.0025323811248691296,0.9596733046816365,0.037750200328942024,1.9871061365496147e-05
2,C/c (43).csv,142,11,C,C,2.391664574920945e-05,0.002175987225595681,0.9461187739965488,1.0894697917577405e-05,0.05167042743418869
2,C/c (43).csv,142,12,C,C,2.4333999702418255e-05,0.0031367836450429416,0.9560318434234671,0.04079352956954233,1.3509362245200203e-05
2,C/c (43).csv,142,13,C,C,2.2519267444037188e-05,4.783929001312225e-05,0.9093574240288259,0.0005181932421788486,0.09005402417153814
2,C/c (43).csv,142,14,C,C,2.2561326161543764e-05,4.7645832942132106e-05,0.8864992342400715,0.0004821763573536062,0.11294838224347123
2,C/c (43).csv,142,15,C,C,2.432461218930968e-05,0.0017969107760075489,0.9313830978158445,9.111731417387165e-06,0.06678655506454126
2,C/c (43).csv,142,16,C,C,2.679120404800573e-05,5.800615789800687e-05,0.9655986342774905,0.0008484502365812103,0.03346811812398218
2,C/c (43).csv,142,17,C,C,2.2909140989245964e-05,0.15569408992215789,0.8436227823715141,8.604076984002261e-06,0.000651614488354827
2,C/c (43).csv,142,18,C,C,2.5754091671497803e-05,0.12745565115129068,0.8719652631992751,9.763996140761659e-06,0.0005435675616220544
2,E/e (11).csv,210,0,E,E,2.430511072622222e-05,0.15528729275614447,9.014857256803184e-06,0.0004787890584535302,0.8442005982174189
2,E/e (11).csv,210,1,E,E,2.6736876316149128e-05,0.10877661820183865,0.0007239474060318962,1.0237873165450587e-05,0.8904624596426479
2,E/e (11).csv,210,2,E,D,3.064295438209155e-05,0.005260927971722581,1.0425124273876645e-05,0.8986199810021417,0.09607802294747979
2,E/e (11).csv,210,3,E,E,2.391764989363153e-05,0.1529953891747654,0.0006626075532527759,7.979010738295992e-06,0.8463101066113499
2,E/e (11).csv,210,4,E,E,2.338590551006026e-05,0.17737397890145915,0.0008031976936222887,7.634390629904344e-06,0.8217918031087786
2,E/e (11).csv,210,5,E,C,0.0006905234378009786,1.6345437722348093e-06,0.9085223064117627,0.0009540255482433923,0.0898315100584206
2,E/e (11).csv,210,6,E,D,0.0006249102909755565,1.5412151979845629e-06,0.10941820504179393,0.8876796831274919,0.0022756603245405816
2,E/e (11).csv,210,7,E,D,0.0006539618589063407,0.0023260210459117876,1.6904908595695086e-07,0.8883055403859716,0.10871430766012434
2,E/e (11).csv,210,8,E,E,0.0007126297161002944,1.692447591644333e-06,0.0005133377100523792,0.13570632345201064,0.8630660166742451
2,E/e (11).csv,210,9,E,E,2.580462638127745e-05,4.504788455489222e-05,0.0012420640224829905,0.13298083467794428,0.8657062487886366
2,E/e (11).csv,210,10,E,E,2.4480912226553647e-05,5.025727519990635e-05,0.0013469276394926066,0.10634716325732751,0.8922311709157533
2,E/e (11).csv,210,11,E,E,2.527791140308668e-05,5.01778872555034e-05,0.12092952906443158,0.0005408950831245776,0.8784541200537853
2,E/e (11).csv,210,12,E,E,2.873733516229898e-05,5.775607638905815e-05,0.000679217149165594,0.03485666464076292,0.9643776247985202
2,E/e (11).csv,210,13,E,E,2.8619333248536247e-05,0.0016459511312343074,1.0582158499452767e-05,0.03050667293410536,0.9678081744429123
2,E/e (11).csv,210,14,E,E,2.758285618802423e-05,4.872699097194662e-05,0.08605809032414626,0.0006376888460195063,0.9132279109826742
2,E/e (11).csv,210,15,E,E,2.558835554260018e-05,5.2958947188071496e-05,0.0005970979628885234,0.10479273669026688,0.8945316180441139
2,E/e (11).csv,210,16,E,E,3.0159000830713594e-05,5.5443944485351e-05,0.0006223383264046178,0.071878180997577,0.9274138777307024
2,E/e (11).csv,210,17,E,B,2.8151837286658228e-05,0.8923122425428215,9.629184572330424e-06,0.0010557306681460287,0.10659424576717348
2,E/e (11).csv,210,18,E,E,3.102949131328885e-05,0.1128206511311823,1.2396433517173881e-05,0.0009561814289475114,0.8861797415150398
2,B/b (23).csv,72,0,B,B,2.467811497566465e-05,0.9076282656194533,1.0244437880330679e-05,0.0005063076455811368,0.09183050418210967
2,B/b (23).csv,72,1,B,B,2.6907782694473265e-05,0.9196578081242979,0.07955598402431054,1.3201768643228301e-05,0.000746098300053833
2,B/b (23).csv,72,2,B,B,2.8492967535253434e-05,0.9240589014644607,0.07498966954305793,9.95891231434108e-06,0.0009129771126316939
2,B/b (23).csv,72,3,B,B,2.8534313987953288e-05,0.9383770340355052,0.0007446157839914154,1.0189534399174587e-05,0.06083962633211624
2,B/b (23).csv,72,4,B,E,2.601359431158164e-05,0.16636732291587034,8.244091884074105e-06,0.0008273715132665791,0.8327710478846674
2,B/b (23).csv,72,5,B,B,2.4679449991625365e-05,0.8744381299497646,1.134433734221456e-05,0.12317175204021337,0.002354094222688215
2,B/b (23).csv,72,6,B,B,2.3596448774415276e-05,0.8673978196022333,0.0007175898595864857,0.13184667106219244,1.4323027213292756e-05
2,B/b (23).csv,72,7,B,C,2.2087294885716672e-05,0.1468188495946881,0.8514212557847857,0.0016975779247268698,4.022940091360662e-05
2,B/b (23).csv,72,8,B,B,2.2596425549733796e-05,0.8627780754889577,0.13571491880597647,1.511528076552087e-05,0.00146929399875068
2,B/b (23).csv,72,9,B,B,2.4118992278386443e-05,0.9217198011752818,1.0116179743162992e-05,0.0009844482551489633,0.07726151539754753
2,B/b (23).csv,72,10,B,B,2.417597002154471e-05,0.9255887265799195,0.001581134481233109,1.095362479356848e-05,0.07279500934403228
2,B/b (23).csv,72,11,B,B,2.3488218562665585e-05,0.9000119116331503,9.204089045907462e-06,0.09888375192341434,0.0010716441358266835
2,B/b (23).csv,72,12,B,B,2.3286402845388182e-05,0.8902870547212328,9.10532141879231e-06,0.000501772500322481,0.10917878105418052
2,B/b (23).csv,72,13,B,B,2.572313995814113e-05,0.9057002404888125,0.0005399509634570637,9.942444817642224e-06,0.09372414296295477
2,B/b (23).csv,72,14,B,B,2.567327773058527e-05,0.9604916181122747,0.0005982043653818106,9.832168407080067e-06,0.038874672076205846
2,B/b (23).csv,72,15,B,B,2.4494795596330315e-05,0.9357780287447178,1.1564758378937562e-05,0.0005355204556008595,0.0636503912457061
2,B/b (23).csv,72,16,B,B,2.4169816763821837e-05,0.9232383829548528,0.0007906135707937836,1.0700356149867287e-05,0.07593613330143982
2,B/b (23).csv,72,17,B,B,2.3799105963040707e-05,0.8964830682859121,0.0005894622594807105,9.120009030910465e-06,0.10289455033961338
2,B/b (23).csv,72,18,B,B,2.5320474679996097e-05,0.9018572188875456,0.0005786654437115377,9.518008531236831e-06,0.09752927718553168
2,C/c (11).csv,110,0,C,C,2.2626148759288684e-05,0.12612042766270423,0.8730602431766966,0.0007835057465414753,1.3197265298375698e-05
2,C/c (11).csv,110,1,C,C,2.454565407204109e-05,0.0023956584968855437,0.93511018132435,0.06245673650014321,1.287802454928892e-05
2,C/c (11).csv,110,2,C,C,2.1770239208159994e-05,0.1610133133098078,0.8384778082852873,0.00047667416601558524,1.0433999681287274e-05
2,C/c (11).csv,110,3,C,B,2.92528060020931e-05,0.8710928594513082,0.1280779238910882,0.0007879969560675828,1.1966895533989069e-05
2,C/c (11).csv,110,4,C,C,2.5020345418482145e-05,0.004495270436672354,0.8977202407095943,9.022824494453338e-06,0.09775044568382046
2,C/c (11).csv,110,5,C,C,2.54821290861289e-05,4.7161964684164126e-05,0.9456892871996575,0.05193744751908981,0.0023006211874825305
2,C/c (11).csv,110,6,C,C,2.355640549472683e-05,4.1078318965054024e-05,0.8812323277244926,0.0009725448622088932,0.11773049268883876
2,C/c (11).csv,110,7,C,C,2.3193680502510112e-05,4.000978668715411e-05,0.8702531574944207,0.12878586722311358,0.0008977718152761881
2,C/c (11).csv,110,8,C,D,2.484674246718809e-05,4.056929675700517e-05,0.15408475249658282,0.8452280861440833,0.0006217453201096986
2,C/c (11).csv,110,9,C,C,2.2827488110854077e-05,4.103558870270238e-05,0.8829237803835442,0.11543665630740883,0.0015757002322334176
2,C/c (11).csv,110,10,C,C,2.3299386821845726e-05,4.2115700913856434e-05,0.8876657279598571,0.000551805938619178,0.11171705101378798
2,C/c (11).csv,110,11,C,C,2.3909905721623224e-05,4.654941878300866e-05,0.9124132121830822,0.08519545121883741,0.0023208772735757496
2,C/c (11).csv,110,12,C,C,2.3561592253768374e-05,4.6466726168825326e-05,0.889436572831982,0.0019902232560746686,0.10850317559352078
2,C/c (11).csv,110,13,C,C,2.3884828790490986e-05,4.5923258776596025e-05,0.8989691611509056,0.0005480031018398181,0.10041302765968745
2,C/c (11).csv,110,14,C,C,2.5879563908119985e-05,5.190510681458479e-05,0.966566001503609,0.03259142751311099,0.0007647863125572449
2,C/c (11).csv,110,15,C,C,2.305445301992705e-05,4.392514152426701e-05,0.9196733416135551,0.0006236874855394831,0.07963599130636109
2,C/c (11).csv,110,16,C,C,2.2120965810072324e-05,3.956702859062763e-05,0.8726057088324781,0.12513602672730387,0.0021965764458172473
2,C/c (11).csv,110,17,C,C,2.3409004604140774e-05,4.022667757996196e-05,0.8710510545156006,0.12648715489251533,0.0023981549097000536
2,C/c (11).csv,110,18,C,C,2.4185109409012387e-05,0.0016025592203321017,0.8850276196358151,0.11333399744544509,1.1638588998798938e-05
2,B/b (9).csv,58,0,B,B,2.3965669233528883e-05,0.8702391586149991,8.058889550758617e-06,0.12775775036944895,0.0019710664567677504
2,B/b (9).csv,58,1,B,B,2.4097042248147438e-05,0.8882526567718873,0.0005291595645549773,1.0065442796595149e-05,0.11118402117851302
2,B/b (9).csv,58,2,B,B,2.459519126332651e-05,0.8877630863605958,0.0006296692325740304,9.368633961095897e-06,0.11157328058160577
2,B/b (9).csv,58,3,B,B,2.5821721677683317e-05,0.9003257522428699,0.0005693677891060421,9.345086363149774e-06,0.09906971315998318
2,B/b (9).csv,58,4,B,B,2.7002781982605876e-05,0.8992061740687942,0.0006220184307549894,1.0334565052019189e-05,0.10013447015341616
2,B/b (9).csv,58,5,B,B,2.364684313991381e-05,0.8752025861598322,8.418750038654775e-06,0.0004733618119680605,0.12429198643502123
2,B/b (9).csv,58,6,B,B,0.0005944141645463982,0.8710688756128356,1.5612648581279947e-07,0.125672866549027,0.0026636875471051404
2,B/b (9).csv,58,7,B,B,0.0006608416457376027,0.8603787281562764,1.512104605397968e-07,0.13831547289733598,0.0006448060901895283
2,B/b (9).csv,58,8,B,B,2.564884947935621e-05,0.8856366619979295,8.498832852596664e-06,0.0005287692272009492,0.11380042109253768
2,B/b (9).csv,58,9,B,B,2.406671656366058e-05,0.8966181174632761,0.0023269453985337754,9.100232710433925e-06,0.10102177018891598
2,B/b (9).csv,58,10,B,B,2.527462524481162e-05,0.8943781255764913,0.000681181512933124,1.0871357448475565e-05,0.10490454692788237
2,B/b (9).csv,58,11,B,B,3.720517226598617e-05,0.9633009265570686,0.0009891163253185253,1.2181276316111738e-05,0.03566057066903096
2,B/b (9).csv,58,12,B,B,2.7313253892487286e-05,0.891927697307526,9.244180487043595e-06,0.000503234505873658,0.10753251075222081
2,B/b (9).csv,58,13,B,E,2.3496255118573694e-05,0.16848615115774,1.3002558471281444e-05,0.00078581615798947,0.8306915338706807
2,B/b (9).csv,58,14,B,B,2.6241415460662067e-05,0.9251832289780868,0.0013006939456631898,1.2271643801194115e-05,0.07347756401698807
2,B/b (9).csv,58,15,B,C,2.2173818751578087e-05,0.16701103913578091,0.8321768471413277,7.973625144124886e-06,0.0007819662789957505
2,B/b (9).csv,58,16,B,B,2.5071836274931036e-05,0.8921114932220633,0.0022209266327305878,8.621199531402969e-06,0.10563388710939987
2,B/b (9).csv,58,17,B,B,2.5043032116036207e-05,0.8839201445060088,0.0005998005382901013,1.017074994392258e-05,0.11544484117364126
2,B/b (9).csv,58,18,B,B,2.3219898294476038e-05,0.8805661897636201,0.0008668163556067941,7.955024154943082e-06,0.11853581895832366
2,A/a (17).csv,16,0,A,A,0.9395869295631321,5.711762809547863e-05,1.7811218751419783e-07,0.0006248553433754943,0.05973091935320955
2,A/a (17).csv,16,1,A,A,0.9212330239020858,5.1779391769655616e-05,1.9183876098505821e-07,0.0008500308038398586,0.07786497406354366
2,A/a (17).csv,16,2,A,A,0.9396504083621833,0.05989881594707131,1.6987906243205223e-07,0.0004391761738365158,1.1429637846438206e-05
2,A/a (17).csv,16,3,A,A,0.997110881640285,0.0017347053773236272,1.764237246668406e-07,0.0005354695382191582,0.0006187670204475186
2,A/a (17).csv,16,4,A,A,0.9205435459927982,4.385495265650745e-05,0.00045914860258457354,1.653657305965749e-07,0.07895328508623005
2,A/a (17).csv,16,5,A,A,0.9131675240610414,1.602113978461426e-06,1.0965139292955189e-05,0.08611529852690639,0.0007046101587808057
2,A/a (17).csv,16,6,A,D,0.3681497751024275,3.713582761517771e-05,1.379365847373759e-07,0.6311097391939596,0.0007032119394128497
2,A/a (17).csv,16,7,A,A,0.889907602263582,4.735790471940485e-05,1.80279802646649e-07,0.10897032120951149,0.0010745383423842716
2,A/a (17).csv,16,8,A,A,0.9666690784523371,1.5215067834395168e-06,0.0005099070164039516,0.032807776885088354,1.1716139387199012e-05
2,A/a (17).csv,16,9,A,A,0.9696014192036209,0.0014124541855840538,1.7514061077799622e-07,0.02897360579996185,1.2345670222465052e-05
2,A/a (17).csv,16,10,A,A,0.880754542307346,0.001238247696216412,0.1179956841864887,1.590474585287254e-07,1.1366762490484e-05
2,A/a (17).csv,16,11,A,A,0.953911056287837,0.00136985194827851,0.0447065551658745,1.7709548255966957e-07,1.2359502527600983e-05
2,A/a (17).csv,16,12,A,A,0.9979864107593723,0.0014758523484783143,9.664835764280075e-06,0.000515002848634069,1.3069207751048294e-05
2,A/a (17).csv,16,13,A,A,0.956573826024376,0.04290466740957923,1.687305653748919e-07,9.352370512393384e-06,0.0005119854649668846
2,A/a (17).csv,16,14,A,A,0.9680077908894634,0.0015757907182919846,1.6823260688688687e-07,0.030404737368170214,1.1512791467279308e-05
2,A/a (17).csv,16,15,A,A,0.9150137248464143,0.08448587790705447,1.507004479833561e-07,8.630976607646427e-06,0.0004916155694755667
2,A/a (17).csv,16,16,A,A,0.9972846224227243,0.0016150824107180278,0.0005618578676633761,1.8742908969041842e-07,0.0005382498698045462
2,A/a (17).csv,16,17,A,A,0.9504000693137213,0.049116474549314226,1.6441331536260965e-07,0.0004718345400491802,1.145718359985396e-05
2,A/a (17).csv,16,18,A,A,0.9075496744032694,0.09191285329999524,1.442838777422557e-07,0.0005262056836841797,1.1122329173582046e-05
2,A/a (6).csv,5,0,A,A,0.9254711921783847,6.603490694887254e-05,1.5301471308310769e-07,0.00063955381418405,0.0738230660857692
2,A/a (6).csv,5,1,A,A,0.8951621025673201,0.10428791228282001,1.534072937686791e-07,0.0005373588142042118,1.24729283618413e-05
2,A/a (6).csv,5,2,A,A,0.9951662878294937,0.0030939017822712144,0.0011197040062871787,1.7132159856898515e-07,0.000619935060349351
2,A/a (6).csv,5,3,A,A,0.9404835469671251,0.05901806054669288,1.6495826019448618e-07,0.00048579333749270353,1.2434190429069242e-05
2,A/a (6).csv,5,4,A,A,0.9419842632327493,0.05676714819143662,1.5454583836927127e-07,0.0012354471538920141,1.2986876083922178e-05
2,A/a (6).csv,5,5,A,A,0.9117489376374327,5.488217423208943e-05,8.916841700032617e-06,0.08817038630828909,1.6877038345994384e-05
2,A/a (6).csv,5,6,A,A,0.9983257844078242,5.811679885617737e-05,0.0010284816313134004,0.0005735202242081966,1.4096937798103865e-05
2,A/a (6).csv,5,7,A,A,0.9347221053378628,0.06468790505097124,1.6739039065321982e-07,0.0005765679946318318,1.3254226143521087e-05
2,A/a (6).csv,5,8,A,A,0.9354986259288371,0.0014832856066038503,0.06300572898382183,1.7468109363188075e-07,1.2184799643528194e-05
2,A/a (6).csv,5,9,A,A,0.8707766455192478,0.0014783424227636436,0.12773639350230653,8.357406305076455e-06,2.6114937683709195e-07
2,A/a (6).csv,5,10,A,A,0.9482574005819712,0.05111868958524864,0.0006105556912317631,1.9115242744487608e-07,1.3162989121079095e-05
2,A/a (6).csv,5,11,A,A,0.968958356450806,5.5403977930132874e-05,0.0008726035908571988,2.0466247292493332e-07,0.030113431317933766
2,A/a (6).csv,5,12,A,A,0.9596783647387213,0.039748090529862175,1.5384893368432976e-07,9.776925615391093e-06,0.0005636139568675798
2,A/a (6).csv,5,13,A,A,0.8660449580573629,0.13345825361393193,1.478768683305156e-07,7.816928732423741e-06,0.0004888235231043849
2,A/a (6).csv,5,14,A,A,0.8841573811376932,0.11538221986652997,1.5164094067883303e-07,8.28987039914995e-06,0.0004519574844371205
2,A/a (6).csv,5,15,A,A,0.9380170307728531,0.001446641479010299,8.877804681671583e-06,0.060527193522315705,2.5642113916314523e-07
2,A/a (6).csv,5,16,A,A,0.9481045478884342,0.05132266831114634,1.639387076149343e-07,0.000560375138561161,1.2244723150547568e-05
2,A/a (6).csv,5,17,A,A,0.9301736085719943,0.06928455341977077,1.5591936590596702e-07,9.758724303795593e-06,0.0005319233645651252
2,A/a (6).csv,5,18,A,A,0.9319260682191025,0.06760790822950245,1.5166296832150829e-07,0.0004541116154808773,1.1760272945730046e-05
2,A/a (47).csv,46,0,A,A,0.8553091236676329,0.1441271339763786,1.358062911734443e-07,8.94484154811457e-06,0.0005546617081492372
2,A/a (47).csv,46,1,A,A,0.9696743682496347,5.596207551097653e-05,0.000629961437766015,2.0396179191701253e-07,0.029639504275296435
2,A/a (47).csv,46,2,A,A,0.8906247194915227,1.4197776227760119e-06,0.0005671459816433944,8.353014760283878e-06,0.10879836173445097
2,A/a (47).csv,46,3,A,A,0.9246347236531168,1.4495490226934576e-06,0.0007273315119329198,1.1113095556308526e-05,0.07462538219037113
2,A/a (47).csv,46,4,A,A,0.9658595818806052,1.5799613087394726e-06,1.0234015479234304e-05,0.0004919517231148584,0.03363665241949221
2,A/a (47).csv,46,5,A,A,0.9191515192312855,1.4493712352278629e-06,8.83426183302154e-06,0.08029175958517114,0.0005464375504750359
2,A/a (47).csv,46,6,A,A,0.936911193077891,1.4713970020021546e-06,8.429160805045246e-06,0.06251395073193665,0.00056495563236534
2,A/a (47).csv,46,7,A,A,0.9563659669434899,0.04303478948629969,1.8914517818680849e-07,9.906300759488643e-06,0.0005891481242726856
2,A/a (47).csv,46,8,A,A,0.9653584888235158,0.0016286687311234357,1.7160142453774642e-07,0.03299989208273766,1.2778761198493085e-05
2,A/a (47).csv,46,9,A,A,0.9482354721487477,0.05106509898013859,1.8962251493099457e-07,1.2952724369688237e-05,0.000686286524229131
2,A/a (47).csv,46,10,A,A,0.9112182052828462,0.001454750715757573,0.0873161254035379,1.06392153596149e-05,2.7938249857472055e-07
2,A/a (47).csv,46,11,A,A,0.9464561852220258,0.0020096097644873327,1.0787447030625706e-05,0.0515231415219374,2.760445188064444e-07
2,A/a (47).csv,46,12,A,A,0.9968845107137543,0.0016747417130773008,0.0007126576462485599,2.3344585694795459e-07,0.0007278564810629638
2,A/a (47).csv,46,13,A,A,0.9566030893946931,0.0428651869427272,1.757793534091334e-07,9.336288845705783e-06,0.0005222115943807144
2,A/a (47).csv,46,14,A,A,0.9462565253435179,0.05296515737847198,2.0249186484090667e-07,1.222444393151805e-05,0.0007658903422134783
2,A/a (47).csv,46,15,A,A,0.932586869275293,0.06650265265543913,1.9754713115170187e-07,1.361683247166744e-05,0.0008966636896650553
2,A/a (47).csv,46,16,A,A,0.9662002861988054,0.0016208010877834269,1.52206909498555e-07,8.790045091482806e-06,0.0321699704614103
2,A/a (47).csv,46,17,A,A,0.9506743444110214,5.52650865445615e-05,1.5947705843295498e-07,0.04846734761859938,0.0008028834067763506
2,A/a (47).csv,46,18,A,A,0.9573995498828373,0.0018648257205094824,1.515064289295402e-07,0.04072293378524933,1.253910497497322e-05
2,A/a (13).csv,12,0,A,A,0.8974081427064539,0.0020589403821767278,1.52955467527584e-07,0.10051719747291088,1.556648299086231e-05
2,A/a (13).csv,12,1,A,A,0.9067662678576485,5.539054164620338e-05,1.6826292067658126e-07,0.09236428853710094,0.0008138848006836887
2,A/a (13).csv,12,2,A,A,0.9068399741140162,0.002001856132582432,0.09114635074744545,1.6270287931231837e-07,1.1656303076555572e-05
2,A/a (13).csv,12,3,A,A,0.8896077864169838,0.0022620900126239575,0.10811765981171699,1.5416908172685733e-07,1.2309589593517387e-05
2,A/a (13).csv,12,4,A,A,0.88089743675304,0.0013104554658386277,0.11778330041893238,8.54845620372078e-06,2.5890598510267593e-07
2,A/a (13).csv,12,5,A,A,0.9177987888485551,1.4451981433992448e-06,0.0005934627346229829,0.08159447132934314,1.1831889335248045e-05
2,A/a (13).csv,12,6,A,A,0.8999842673560734,1.4040358331755877e-06,9.319652599770273e-06,0.09951951654655777,0.00048549240893601983
2,A/a (13).csv,12,7,A,A,0.9003180552518563,1.389697030085533e-06,9.283834969532608e-06,0.09919333269467344,0.00047793852147066994
2,A/a (13).csv,12,8,A,A,0.8925868743451699,1.3840480683609513e-06,0.0005473338746724289,0.10685295381264769,1.1453919441696509e-05
2,A/a (13).csv,12,9,A,A,0.9607907485342363,1.5340122283484833e-06,0.0006927885505117391,0.038503378927358216,1.1549975665359743e-05
2,A/a (13).csv,12,10,A,A,0.9749667629789411,5.100571443512813e-05,0.0005827648856789607,1.8914383431944894e-07,0.024399277277110356
2,A/a (13).csv,12,11,A,A,0.9096300463758524,1.521716089534046e-06,8.864557355036905e-06,0.08986512789320394,0.0004944394574991159
2,A/a (13).csv,12,12,A,A,0.9599322028177173,4.826982865371569e-05,0.0005958565413499284,0.03942338300893522,2.878033438319819e-07
2,A/a (13).csv,12,13,A,A,0.9657916027465246,0.0014613965720586765,1.6763884795277533e-07,0.03273565367114208,1.1179371426519728e-05
2,A/a (13).csv,12,14,A,A,0.9478394449444019,0.051612405407435356,0.0005388739894641407,9.003723752482459e-06,2.7193494633793197e-07
2,A/a (13).csv,12,15,A,A,0.9972601649052549,0.001618068023946726,0.0006209719856076917,0.0005005059059545128,2.891792361905618e-07
2,A/a (13).csv,12,16,A,A,0.957573732480896,0.041793821015734284,1.6409691254278643e-07,8.904423190536621e-06,0.0006233779832669044
2,A/a (13).csv,12,17,A,A,0.9240510698118922,0.0018311966411182663,0.07410599652296083,1.5806664362413446e-07,1.1578957384897912e-05
2,A/a (13).csv,12,18,A,A,0.868707510642858,0.13082052693798135,1.3633972873038109e-07,8.168191959093185e-06,0.0004636578874728759
2,D/d (48).csv,197,0,D,D,0.284063139913355,4.192055786696719e-05,1.367701992983065e-07,0.7152235745233431,0.0006712282352356678
2,D/d (48).csv,197,1,D,D,2.5930507677577024e-05,4.8161324982584716e-05,0.04718053313836593,0.9518967839699157,0.0008485910590581326
2,D/d (48).csv,197,2,D,D,2.3516868368192894e-05,4.2537214228003856e-05,0.1191384675340164,0.8779764714099889,0.0028190069733986106
2,D/d (48).csv,197,3,D,D,2.090544260151074e-05,4.306809333670593e-05,0.16013707512099135,0.8391473118460573,0.0006516394970130367
2,D/d (48).csv,197,4,D,D,2.115881718157392e-05,4.0319693817291405e-05,0.15218340575513173,0.8464620552248943,0.001293060508975219
2,D/d (48).csv,197,5,D,D,0.0006797467333936424,5.854694439007627e-05,1.051893966100579e-05,0.9572956632312698,0.041955524151285575
2,D/d (48).csv,197,6,D,D,0.0006811479070528368,0.001722802730027245,1.7520517594434863e-07,0.9609321881937178,0.03666368596402614
2,D/d (48).csv,197,7,D,D,0.0006254646889435954,0.002382127987291025,1.7365213380606027e-07,0.909393198055927,0.08759903561570465
2,D/d (48).csv,197,8,D,D,2.2019928686584533e-05,0.002277317790144081,0.1330638195968663,0.8646256668191776,1.1175865125466142e-05
2,D/d (48).csv,197,9,D,D,2.2153525308069897e-05,0.002204194222489916,0.15387137013155738,0.8438905124778682,1.1769642776524266e-05
2,D/d (48).csv,197,10,D,D,2.207286514682765e-05,4.551643664475014e-05,0.1553197575680328,0.8436764814781019,0.0009361716520736881
2,D/d (48).csv,197,11,D,D,0.0007438105332934938,1.7764187658169997e-06,0.11980110597598558,0.8788520227054993,0.0006012843664559066
2,D/d (48).csv,197,12,D,A,0.9184157477373509,1.8504266880548417e-06,1.5593169258849827e-05,0.08040299684404316,0.0011638118226591572
2,D/d (48).csv,197,13,D,D,2.5146914648384405e-05,0.09313788254299905,0.0006154435722159674,0.906207051736171,1.4475233965615381e-05
2,D/d (48).csv,197,14,D,D,2.1787273811346396e-05,0.006028787519102207,0.14639049450360214,0.8475461357404859,1.2794962998528816e-05
2,D/d (48).csv,197,15,D,D,2.1857258241438922e-05,0.0034109563385264826,0.15253698479705186,0.8440168678963677,1.3333709812750351e-05
2,D/d (48).csv,197,16,D,D,2.2709880083726482e-05,5.116547516897299e-05,0.12933278406712956,0.8699084323867047,0.0006849081909129388
2,D/d (48).csv,197,17,D,D,2.2517209731939062e-05,0.15154152903551307,1.2094975121708697e-05,0.8476935438595404,0.0007303149200928733
2,D/d (48).csv,197,18,D,B,2.412754355213163e-05,0.8660289013023412,9.609081639437753e-06,0.13334472760752913,0.0005926344649379063
2,E/e (30).csv,229,0,E,E,2.7616975305855532e-05,0.002119298780790103,0.0010892706339459526,0.0005488170391782129,0.9962149965707798
2,E/e (30).csv,229,1,E,E,2.4101848183956757e-05,0.0016279492147378012,0.1419184466096978,1.1041510971072774e-05,0.8564184608164094
2,E/e (30).csv,229,2,E,E,2.8730844127404224e-05,0.0020364739334187737,0.0017154759438338875,0.0007489197165135193,0.9954703995621065
2,E/e (30).csv,229,3,E,E,2.762894271055539e-05,0.0026046895871508534,0.001470546152781977,0.0011970031690450205,0.9947001321483117
2,E/e (30).csv,229,4,E,E,2.2592232600170014e-05,0.15434758058363535,1.1491344583914022e-05,0.0008112040648881861,0.8448071317742923
2,E/e (30).csv,229,5,E,E,2.725430228357487e-05,4.973221286282578e-05,0.036343333497095655,0.0006468195746667063,0.9629328604130912
2,E/e (30).csv,229,6,E,E,2.4981796034039684e-05,4.354744280020224e-05,0.12321696270602289,0.0010700170841061634,0.8756444909710367
2,E/e (30).csv,229,7,E,E,2.9535699435381785e-05,5.3676010601302e-05,0.0007254565132468559,0.04126188572552288,0.9579294460511936
2,E/e (30).csv,229,8,E,E,2.7225779002482564e-05,5.3418350331226596e-05,0.0007012446317744991,0.10227636518604552,0.8969417460528463
2,E/e (30).csv,229,9,E,E,2.463848698731665e-05,4.4942744851953056e-05,0.0004642531709541983,0.13460920729982945,0.8648569582973771
2,E/e (30).csv,229,10,E,E,2.901220309524226e-05,5.4250569474606154e-05,0.0005382567551692906,0.08808505931230706,0.9112934211599538
2,E/e (30).csv,229,11,E,E,3.0742596183254645e-05,5.8121784710162485e-05,0.0006049389980961139,0.047146146214626865,0.9521600504063836
2,E/e (30).csv,229,12,E,E,2.933242134875818e-05,0.0018511143159061555,1.2385791367108141e-05,0.05437554263817648,0.9437316248332015
2,E/e (30).csv,229,13,E,E,2.6785497922427924e-05,6.54525307753241e-05,0.041450982259184956,0.0007679500876744955,0.9576888296244428
2,E/e (30).csv,229,14,E,E,2.555378687728736e-05,0.001625248864374045,1.0283083269323888e-05,0.1128017229521086,0.8855371913133707
2,E/e (30).csv,229,15,E,E,2.5970664380164687e-05,4.926622326839281e-05,0.0005396690630486822,0.11186137904103584,0.8875237150082669
2,E/e (30).csv,229,16,E,E,2.6467875988054002e-05,5.0876910198741666e-05,0.0482747248891222,0.0015815197760396392,0.9500664105486514
2,E/e (30).csv,229,17,E,E,2.521582797215058e-05,4.770659211301103e-05,0.0006170217922272206,0.10101038719786715,0.8982996685898205
2,E/e (30).csv,229,18,E,E,3.395976164369975e-05,7.312350300527969e-05,0.0008892191902637035,0.06383694982092006,0.9351667477241673
2,A/a (15).csv,14,0,A,A,0.9163054100425846,4.7983552852656075e-05,1.5837330885506215e-07,0.08305677185907852,0.0005896761721753524
2,A/a (15).csv,14,1,A,A,0.9973081428075177,0.0015891983608793128,1.6757362030119739e-07,0.0005424303212252114,0.0005600609367574013
2,A/a (15).csv,14,2,A,A,0.93789456097151,0.06120414916315502,1.5177480412707627e-07,0.0008876000378672616,1.3538052663350233e-05
2,A/a (15).csv,14,3,A,A,0.9148867808189899,0.0014113273620189536,1.572878816282918e-07,0.08368848999513519,1.3244535974474056e-05
2,A/a (15).csv,14,4,A,A,0.9117482689162363,0.0016168385979594435,1.4318681108320413e-07,0.08662227101291324,1.2478286079942113e-05
2,A/a (15).csv,14,5,A,A,0.8933959758383354,4.379016410999934e-05,1.4656391196252415e-07,0.10600100955192251,0.0005590778817202479
2,A/a (15).csv,14,6,A,A,0.9181090863797464,5.968840720588056e-05,2.0096055658822288e-07,0.0012883627974215606,0.08054266145506969
2,A/a (15).csv,14,7,A,A,0.9203782865838123,5.543853590685327e-05,2.0424655568444607e-07,0.0010056114448397677,0.07856045918888532
2,A/a (15).csv,14,8,A,A,0.9197247433121352,1.4840988767243212e-06,0.0020960604497199005,0.07816583093569081,1.1881203577338813e-05
2,A/a (15).csv,14,9,A,A,0.918284244950238,4.623307571786662e-05,0.0005974407305241048,0.0810718097701576,2.714733626192494e-07
2,A/a (15).csv,14,10,A,A,0.9552065234093257,1.5079085811290943e-06,0.0005653801276240489,0.04421510271865477,1.1485835814501273e-05
2,A/a (15).csv,14,11,A,A,0.9064601489521052,0.09295966215501748,1.4635434116202428e-07,0.0005672842137652242,1.275832477087062e-05
2,A/a (15).csv,14,12,A,A,0.9295392210481943,0.06991467170958393,9.825236006897444e-06,1.5943719939705078e-07,0.0005361225690152904
2,A/a (15).csv,14,13,A,A,0.997183073699284,0.0017797656222284673,0.000538418154139892,0.00049845021265034,2.923116972175173e-07
2,A/a (15).csv,14,14,A,A,0.9351350629581577,0.06431550691365856,8.89698230743234e-06,0.0005402547103137302,2.7843556288504894e-07
2,A/a (15).csv,14,15,A,A,0.9252016327704153,0.0739197690664438,1.5238935593267546e-07,0.0008671253468952492,1.132042688960493e-05
2,A/a (15).csv,14,16,A,A,0.9623580686642045,0.001782837489060697,0.03584562603795943,1.6179968764433366e-07,1.33060090875868e-05
2,A/a (15).csv,14,17,A,A,0.9401807871887553,0.05902129237083684,9.061106829020478e-06,1.686887664275357e-07,0.0007886906448121212
2,A/a (15).csv,14,18,A,A,0.849498469877623,0.15003109267162823,1.3788627296173677e-07,7.901697412004392e-06,0.00046239786706368937
2,B/b (42).csv,91,0,B,B,2.9952919933204144e-05,0.9038659519574591,0.0006913881695390166,1.3220393791350405e-05,0.0953994865592773
2,B/b (42).csv,91,1,B,B,3.0317058668709567e-05,0.9043617220838263,1.186965867051446e-05,0.0007316020979432709,0.09486448910089121
2,B/b (42).csv,91,2,B,B,3.0202254156090166e-05,0.9099216808774231,1.2323327274853452e-05,0.0007349365113595443,0.0893008570297865
2,B/b (42).csv,91,3,B,B,2.9785448361537354e-05,0.9020869129596528,0.000615667397273862,1.3351851912085472e-05,0.09725428234279969
2,B/b (42).csv,91,4,B,B,0.0007601319431017061,0.908004398933876,2.0107138847957448e-07,0.0005842515832657357,0.09065101646836805
2,B/b (42).csv,91,5,B,B,0.0007048836141184193,0.9193984595538913,9.768662713514115e-06,9.617592845354428e-06,0.07987727057643147
2,B/b (42).csv,91,6,B,E,0.03003940548268615,0.13501869271226183,1.6477647079531852e-07,9.552200594949501e-06,0.8349321848279864
2,B/b (42).csv,91,7,B,E,3.812257603237518e-05,0.0022833231396760076,1.208559300933221e-05,0.04087254045635542,0.9567939282349268
2,B/b (42).csv,91,8,B,B,0.027146333799811403,0.8604669070261126,1.6694911101779156e-07,9.656772257958972e-06,0.11237693545270715
2,B/b (42).csv,91,9,B,B,0.01928708043646116,0.9797602371547196,1.403636896364475e-05,1.0631894305973089e-05,0.0009280141455496431
2,B/b (42).csv,91,10,B,B,0.0007128497167929964,0.8964440036419471,0.0008246001523141542,1.9455108252610147e-07,0.10201835193786325
2,B/b (42).csv,91,11,B,B,2.714394695742882e-05,0.9140222053353713,0.08458622526891398,1.0674736329806677e-05,0.0013537507124274583
2,B/b (42).csv,91,12,B,B,2.6925814239862855e-05,0.9122092023217785,0.0005493513466670707,8.463007061045633e-06,0.0872060575102535
2,B/b (42).csv,91,13,B,B,2.640913293210772e-05,0.8817750168052262,0.00044401930208985815,8.081971771791069e-06,0.1177464727879802
2,B/b (42).csv,91,14,B,B,2.6295088798589668e-05,0.881243442533073,8.27609816567562e-06,0.0004200335213343552,0.11830195275862851
2,B/b (42).csv,91,15,B,B,2.533769839346986e-05,0.883755758177948,0.0004734328011044495,8.380286195098903e-06,0.11573709103635893
2,B/b (42).csv,91,16,B,B,2.5547158258101964e-05,0.8871257192828488,0.0006357699961870623,8.072286220464071e-06,0.11220489127648559
2,B/b (42).csv,91,17,B,E,4.0128576281243285e-05,8.329915675459889e-05,0.07664011253062095,0.0012843152701643703,0.9219521444661788
2,B/b (42).csv,91,18,B,E,3.315265884419519e-05,0.1393195856572489,1.5403574755127723e-05,0.0008033666659021096,0.8598284914432497
2,E/e (8).csv,207,0,E,E,0.0007050494327693973,0.14760159410215049,1.7093576361995633e-07,0.0004880952152869848,0.8512050903140296
2,E/e (8).csv,207,1,E,E,2.6723538703919385e-05,0.0819750132643132,0.0005788675365468043,1.1870030553289575e-05,0.9174075256298828
2,E/e (8).csv,207,2,E,E,2.8672243850691314e-05,0.09800541922454394,0.0007756308844695815,1.178924802993303e-05,0.9011784883991059
2,E/e (8).csv,207,3,E,E,2.581063676931987e-05,0.1529570214859051,8.454392145288453e-06,0.0020659200369584265,0.8449427934482219
2,E/e (8).csv,207,4,E,E,2.3367856158131226e-05,0.14668052121850897,8.15128041519047e-06,0.0011514024935440814,0.8521365571513736
2,E/e (8).csv,207,5,E,D,0.0008071583587693067,0.0025122588742476602,1.7315780091479726e-07,0.8914945216753405,0.10518588793384158
2,E/e (8).csv,207,6,E,D,2.7752115290158298e-05,0.0015195385060439441,8.57946818912864e-06,0.8779570222031624,0.12048710770731447
2,E/e (8).csv,207,7,E,E,2.9162806248014907e-05,4.983007184914444e-05,0.08944492278708567,0.0006846789392057448,0.9097914053956113
2,E/e (8).csv,207,8,E,E,3.0875894207415964e-05,4.951241843525863e-05,0.11108942230872246,0.0004660085677241586,0.8883641808109107
2,E/e (8).csv,207,9,E,E,2.804732289360189e-05,5.133071818595094e-05,0.03807103579203621,0.000608629117397943,0.9612409570494863
2,E/e (8).csv,207,10,E,E,2.6038303999356894e-05,4.8598418239528884e-05,0.0006571095231442703,0.10324519376694108,0.8960230599876757
2,E/e (8).csv,207,11,E,E,0.00073445275978399,1.706000551250525e-06,0.0684603172867437,0.0008053406710938784,0.9299981832818273
2,E/e (8).csv,207,12,E,E,0.0006521795819698491,1.6838781204568706e-06,0.04037520110423047,0.0005810661390736438,0.9583898692966056
2,E/e (8).csv,207,13,E,E,2.93717039726384e-05,5.780392494274597e-05,0.03410561767575254,0.0006572210200214443,0.9651499856753106
2,E/e (8).csv,207,14,E,E,2.640150597213123e-05,0.056420568105600574,0.0012912476320287416,9.583869289410609e-06,0.9422521988871092
2,E/e (8).csv,207,15,E,E,2.504999173435059e-05,0.0018090998159951152,0.14158844034818416,9.359415800703066e-06,0.8565680504282857
2,E/e (8).csv,207,16,E,E,2.7787853896140882e-05,0.0016883048897840855,1.162470528369803e-05,0.04961928842249614,0.94865299412854
2,E/e (8).csv,207,17,E,D,2.277457332668326e-05,0.16656323202458917,8.586282011784753e-06,0.8324948617507107,0.0009105453693616667
2,E/e (8).csv,207,18,E,E,3.0886509587303875e-05,0.12758833894758104,1.4143084531263855e-05,0.0013273165652217783,0.8710393148930786
2,D/d (34).csv,183,0,D,D,0.0006047704516807787,1.5494434944652955e-06,0.0006242310477348549,0.9104160244451299,0.08835342461196004
2,D/d (34).csv,183,1,D,D,2.3202569869329184e-05,4.051207389773163e-05,0.13104750249930527,0.8661159171706158,0.0027728656863117793
2,D/d (34).csv,183,2,D,D,2.5586121751703732e-05,5.057601102814231e-05,0.03969631074176402,0.9595293697989855,0.0006981573264707156
2,D/d (34).csv,183,3,D,D,2.660811281893765e-05,5.108334019299533e-05,0.03403799849311041,0.9653421737504184,0.000542136303459141
2,D/d (34).csv,183,4,D,D,0.02131604921814449,1.7980426633785126e-06,1.0041231180218487e-05,0.9241157164353176,0.05455639507269434
2,D/d (34).csv,183,5,D,D,0.2669521698839332,4.239618317997637e-05,1.3626653872863834e-07,0.7324513615339318,0.0005539361324163779
2,D/d (34).csv,183,6,D,D,0.22144489590139088,1.465083417540002e-06,8.731530988509196e-06,0.778063012651083,0.0004818948331199632
2,D/d (34).csv,183,7,D,D,0.0006661283337072571,1.7239160123066225e-06,0.000631802786686784,0.9622970955011059,0.03640324946248775
2,D/d (34).csv,183,8,D,D,3.059989376021512e-05,0.0015046923575110377,0.06013175701720316,0.938320325829979,1.2624901546579478e-05
2,D/d (34).csv,183,9,D,D,2.8318642785471262e-05,0.09115265177692197,9.794847551345382e-06,0.9081272515142638,0.0006819832184774909
2,D/d (34).csv,183,10,D,D,0.0006933714357762592,0.11548567772253658,1.8363597466581073e-07,0.8830207881185307,0.0007999790871818125
2,D/d (34).csv,183,11,D,D,0.3155471997492916,0.0017346584141187547,1.3787438497656816e-07,0.6827003435051096,1.7660457095238796e-05
2,D/d (34).csv,183,12,D,D,0.3326997543757552,0.001319377567727378,1.382900980015357e-07,0.6659707106934797,1.0019072939664478e-05
2,D/d (34).csv,183,13,D,D,0.0006886242623141052,0.09624676531293051,0.0005441638887869463,0.9025201329725957,3.1356337267933907e-07
2,D/d (34).csv,183,14,D,D,0.0006610779329761838,5.295972505097222e-05,0.10253606972171316,0.8967357464037113,1.4146216548289632e-05
2,D/d (34).csv,183,15,D,D,2.5775136886965325e-05,0.005758009024560646,0.04766903467780498,0.9465351581265262,1.2023034221305916e-05
2,D/d (34).csv,183,16,D,D,2.817300042049538e-05,0.004171213796056636,0.0589254492974366,0.9368629809328088,1.2182973277391572e-05
2,D/d (34).csv,183,17,D,D,2.639211516449188e-05,4.7130194247045496e-05,0.07185782974219736,0.9254995773381829,0.002569070610208311
2,D/d (34).csv,183,18,D,D,2.3459567730333082e-05,7.303005577703717e-05,0.10198262803816928,0.8971495785566667,0.0007713037816565277
2,C/c (34).csv,133,0,C,C,2.4130882462017188e-05,0.0024990209437276765,0.8963345123388374,0.10112892206514945,1.3413769823532842e-05
2,C/c (34).csv,133,1,C,C,2.1366279216704582e-05,0.15179812690032693,0.8466969742773784,0.0014711202288034723,1.241231427463425e-05
2,C/c (34).csv,133,2,C,C,2.182783508992104e-05,0.13370245354937274,0.8657045620460287,9.348108864331203e-06,0.0005618084606441921
2,C/c (34).csv,133,3,C,C,2.4088147074112475e-05,5.074240270832089e-05,0.922143748229925,0.0006082062162534628,0.07717321500403916
2,C/c (34).csv,133,4,C,C,2.202561932025726e-05,4.4502155469715276e-05,0.8843287901328096,0.0029072665524620643,0.11269741553993848
2,C/c (34).csv,133,5,C,E,2.344664901558526e-05,4.505559240863427e-05,0.14027680101020032,0.002373777697735508,0.85728091905064
2,C/c (34).csv,133,6,C,C,2.2374010184804348e-05,5.505080053234579e-05,0.8881963268788572,0.11004056975533393,0.0016856785550917435
2,C/c (34).csv,133,7,C,C,2.1769094877624452e-05,4.994903782894762e-05,0.8955157905468886,0.10212156726267012,0.002290924057734843
2,C/c (34).csv,133,8,C,C,2.2420889549193975e-05,5.0280830884463974e-05,0.8882737123141845,0.002719470095899794,0.1089341158694821
2,C/c (34).csv,133,9,C,C,2.3224964996348417e-05,8.314237391820636e-05,0.9241825912498521,0.07473322214745981,0.00097781926377357
2,C/c (34).csv,133,10,C,C,2.2685603510830852e-05,4.839136788213172e-05,0.9018147558109261,0.09669436924106113,0.001419797976619794
2,C/c (34).csv,133,11,C,C,2.2022629157489416e-05,5.052152841043696e-05,0.8894571470110146,0.0011347194484628699,0.10933558938295462
2,C/c (34).csv,133,12,C,C,2.301804019742005e-05,0.0035994671988382166,0.9037558649909259,1.113989619607095e-05,0.09261050987384238
2,C/c (34).csv,133,13,C,C,2.352566721023786e-05,0.00014365706809220348,0.898070987464772,0.002622266873776752,0.09913956292614887
2,C/c (34).csv,133,14,C,C,2.2547959859772742e-05,0.00487610279740549,0.8971738482840325,2.3561914740410995e-05,0.09790393904396201
2,C/c (34).csv,133,15,C,C,2.1645200966102914e-05,0.1437343730214293,0.8555735221688517,1.4485763352104398e-05,0.0006559738454010089
2,C/c (34).csv,133,16,C,C,2.3070745912670464e-05,0.10602340679819995,0.8932447063366904,0.0006973555191970498,1.1460600000043351e-05
2,C/c (34).csv,133,17,C,C,2.4658261331592756e-05,0.12928884579134067,0.8700727322637893,9.390947486137144e-06,0.0006043727360520583
2,C/c (34).csv,133,18,C,C,2.780170798671879e-05,0.10357349906808488,0.8956660062669908,1.0995197135804633e-05,0.0007216977598018726
2,E/e (46).csv,245,0,E,E,2.4028096719582943e-05,0.14926735199902566,0.000689129194685789,8.547638489660165e-06,0.8500109430710793
2,E/e (46).csv,245,1,E,E,2.4586072906611054e-05,0.11535874713913473,0.003110329342186221,9.080887755361359e-06,0.881497256558017
2,E/e (46).csv,245,2,E,E,2.731228690437844e-05,0.09643471707516856,0.0019035833685216229,1.0812856537723223e-05,0.9016235744128677
2,E/e (46).csv,245,3,E,E,0.000753694602540908,0.002487883816680882,2.146843799324086e-07,0.08537187514980062,0.9113863317465977
2,E/e (46).csv,245,4,E,E,3.146295099241764e-05,0.0019673794318201035,1.0511396141979352e-05,0.07110759150790269,0.9268830547131428
2,E/e (46).csv,245,5,E,E,2.9961882944227182e-05,0.002282703326561342,1.1369763429461247e-05,0.034847055743608614,0.9628289092834563
2,E/e (46).csv,245,6,E,E,2.631428333014811e-05,5.173791041484845e-05,0.03289716253775071,0.0007343859681696388,0.9662903993003346
2,E/e (46).csv,245,7,E,E,2.3786838818235444e-05,0.1234613737019779,0.0012379276334766986,1.1267974271156975e-05,0.875265643851456
2,E/e (46).csv,245,8,E,E,2.558288376400214e-05,0.001637545249989971,0.08274278677315887,9.766610448176872e-06,0.915584318482639
2,E/e (46).csv,245,9,E,E,0.0007086133210040914,1.986733763474608e-06,0.03580124191237672,0.0006353187436391075,0.9628528392892166
2,E/e (46).csv,245,10,E,E,2.7538223007457196e-05,5.403625835233263e-05,0.05757636816375872,0.00048486363421619327,0.9418571937206652
2,E/e (46).csv,245,11,E,E,2.560636480815787e-05,5.418313010912697e-05,0.05584904170665233,0.0004679077248489896,0.9436032610735815
2,E/e (46).csv,245,12,E,E,2.427539634100885e-05,4.601819357180424e-05,0.1399325044604042,0.0007004039423408946,0.8592967980073422
2,E/e (46).csv,245,13,E,E,2.712050392805002e-05,5.340363586532482e-05,0.045315269939500885,0.0006597999093257368,0.9539444060113801
2,E/e (46).csv,245,14,E,E,2.787704447694951e-05,0.002011996979622909,1.1051575705808968e-05,0.0305085422456271,0.9674405321545673
2,E/e (46).csv,245,15,E,E,2.833042045099103e-05,0.002029303016582716,0.0416423561620083,9.820900589409253e-06,0.9562901895003686
2,E/e (46).csv,245,16,E,E,3.014522891997364e-05,0.0016171727091042214,9.24738463909635e-06,0.0998779203289387,0.898465514348398
2,E/e (46).csv,245,17,E,E,0.0014094526646762347,0.08413190468856761,0.0009126345120980654,1.9490666974263675e-07,0.9135458132279883
2,E/e (46).csv,245,18,E,B,2.817084055652413e-05,0.9230002563923855,1.0164593939397887e-05,0.0005409314566425364,0.07642047671647607
2,D/d (40).csv,189,0,D,D,2.3998036695172454e-05,4.4048838166169685e-05,0.0008852255785366816,0.8989372930343282,0.10010943451227362
2,D/d (40).csv,189,1,D,D,2.57988319544106e-05,4.5234632669477857e-05,0.0005684573026689577,0.8930094721455858,0.10635103708712135
2,D/d (40).csv,189,2,D,D,2.1921413760795075e-05,4.4294207252677646e-05,0.14732193304168667,0.8498944687603198,0.0027173825769801164
2,D/d (40).csv,189,3,D,D,2.209887574441056e-05,4.416275582735042e-05,0.0027465182119602058,0.8751281645984714,0.12205905555799657
2,D/d (40).csv,189,4,D,D,2.2335768912288748e-05,5.5580636116509144e-05,0.1296147408618981,0.8687749387930949,0.0015324039399782006
2,D/d (40).csv,189,5,D,D,2.3227799823093596e-05,4.0145569214685257e-05,0.15290610325919451,0.8465309689872045,0.0004995543845632717
2,D/d (40).csv,189,6,D,D,2.194280018049167e-05,4.246775963150008e-05,0.13989106818871028,0.8582624021510546,0.0017821191004230674
2,D/d (40).csv,189,7,D,D,2.1536849302512214e-05,4.52120409546817e-05,0.1463004493640774,0.85154059756003,0.0020922041856354014
2,D/d (40).csv,189,8,D,C,2.2301790293720418e-05,4.309754111289756e-05,0.8835420988971435,0.11569721652374515,0.0006952852477047915
2,D/d (40).csv,189,9,D,C,2.1755197134110882e-05,4.4134942761167176e-05,0.8621548914971527,0.13728941971941108,0.0004897986435409199
2,D/d (40).csv,189,10,D,D,2.2130139544505525e-05,4.443620069347719e-05,0.15072559457814455,0.8469870718767755,0.002220767204841933
2,D/d (40).csv,189,11,D,D,2.1479489343929068e-05,4.2853997014683735e-05,0.14289328510415114,0.8548021842727195,0.0022401971367707685
2,D/d (40).csv,189,12,D,D,2.1545688861762623e-05,4.820189854001456e-05,0.15513714619233934,0.8442812549143413,0.00051185130591763
2,D/d (40).csv,189,13,D,D,2.1649139057188608e-05,0.15142443119806828,0.0006912987121722499,0.8478496091926333,1.3011758069043793e-05
2,D/d (40).csv,189,14,D,C,2.2482093380848165e-05,0.00017449909634201818,0.883636738396801,0.11388806304037052,0.002278217373105698
2,D/d (40).csv,189,15,D,E,2.2430472363372118e-05,5.136909339775382e-05,0.1500295945528555,0.0025882958383546826,0.8473083100430285
2,D/d (40).csv,189,16,D,E,2.2569777507644073e-05,4.765505958803684e-05,0.1452006325124829,0.0011103327636831136,0.8536188098867383
2,D/d (40).csv,189,17,D,D,2.5652892847565658e-05,0.006550197862289551,0.00327106667472532,0.9870139963878217,0.0031390861823157776
2,D/d (40).csv,189,18,D,B,2.53180002866696e-05,0.8986297458888861,3.2208306236875906e-05,0.1001548741381843,0.001157853666406154
2,B/b (46).csv,95,0,B,B,2.5715067725399887e-05,0.9162941931724977,0.0010953160376681842,9.85733129220807e-06,0.08257491839081643
2,B/b (46).csv,95,1,B,B,2.632597152511124e-05,0.9054064425913991,0.0005994797354988149,1.021555497510169e-05,0.09395753614660174
2,B/b (46).csv,95,2,B,B,2.806510624724787e-05,0.9415047271184166,0.05745440068024937,1.1081171466868644e-05,0.0010017259236198613
2,B/b (46).csv,95,3,B,B,3.0599584921655385e-05,0.9522798804824009,0.04711569964233239,1.0195371637669843e-05,0.0005636249187073453
2,B/b (46).csv,95,4,B,B,2.5898594038221145e-05,0.9293011586585472,0.001001683722712,0.06965662296962183,1.4636055080738666e-05
2,B/b (46).csv,95,5,B,E,2.4303817674590506e-05,0.005074358662002031,1.4452766095581202e-05,0.059732399279781224,0.9351544854744466
2,B/b (46).csv,95,6,B,B,2.4307989167139443e-05,0.908223621508423,1.854734956642773e-05,0.0024181675550599127,0.08931535559778368
2,B/b (46).csv,95,7,B,B,2.5721466401984213e-05,0.8877310421284222,0.0025619871600732823,0.10966202069348044,1.9228551622031293e-05
2,B/b (46).csv,95,8,B,B,2.3534447428373677e-05,0.8934540407111374,1.288974609839588e-05,0.001700858916369587,0.10480867617896622
2,B/b (46).csv,95,9,B,E,2.372235718917518e-05,0.005672048085771315,1.0846858882263375e-05,0.11330045525975611,0.8809929274384011
2,B/b (46).csv,95,10,B,B,2.312740219402121e-05,0.8844314647827662,0.0009072881485155479,1.1207648009394526e-05,0.11462691201851495
2,B/b (46).csv,95,11,B,B,2.34582902966936e-05,0.878792782611887,0.0007829447053135308,9.017039533708813e-06,0.12039179735296908
2,B/b (46).csv,95,12,B,B,2.4324336151646523e-05,0.8893129647210228,0.0005896558467069088,1.0448303500618248e-05,0.11006260679261806
2,B/b (46).csv,95,13,B,B,2.347092840289162e-05,0.8755285972923122,0.0019199955895303849,8.668966927283098e-06,0.12251926722282733
2,B/b (46).csv,95,14,B,B,2.3988381731610854e-05,0.8791694350665638,0.0008194861446958299,9.162327913797801e-06,0.11997792807909498
2,B/b (46).csv,95,15,B,E,2.2799091775496592e-05,0.16689756644727458,8.742968308706536e-06,0.0005805511597824957,0.8324903403328586
2,B/b (46).csv,95,16,B,E,2.2324046154535656e-05,0.16319432162948272,0.0008871944823699217,1.042071835215765e-05,0.8358857391236407
2,B/b (46).csv,95,17,B,B,2.287958664988708e-05,0.8731636983747647,0.000593903866675899,8.546577749124223e-06,0.12621097159416048
2,B/b (46).csv,95,18,B,B,2.5038203776594008e-05,0.8893234563319693,9.106024027662547e-06,0.0005013401799925449,0.11014105926023403
2,C/c (25).csv,124,0,C,D,2.8656304974931866e-05,0.006464379324010705,0.0025246579072066683,0.9896061408064332,0.0013761656573745777
2,C/c (25).csv,124,1,C,C,2.3206662416831217e-05,0.004926027704957456,0.8803135823406668,0.1147202593869838,1.6923904975048808e-05
2,C/c (25).csv,124,2,C,C,2.2561692675489347e-05,5.3770381346921504e-05,0.9189502129235726,0.08019312150338266,0.0007803334990225082
2,C/c (25).csv,124,3,C,E,3.569911744470263e-05,0.11277907464937634,1.824195970212126e-05,0.0010690005019433368,0.8860979837715335
2,C/c (25).csv,124,4,C,E,0.0012036232264416417,0.13057331057897806,2.038888305986843e-07,0.0010532944044916591,0.867169567901258
2,C/c (25).csv,124,5,C,C,2.37319126501557e-05,3.9987077172428145e-05,0.8828362841884742,0.11558967558775309,0.001510321233950061
2,C/c (25).csv,124,6,C,D,2.5738459235512245e-05,4.252142705605091e-05,0.15678255553922718,0.8427253437083648,0.0004238408661164994
2,C/c (25).csv,124,7,C,C,2.5354105996011232e-05,4.3598530786187604e-05,0.8897895360314809,0.10958269621214409,0.0005588151195928136
2,C/c (25).csv,124,8,C,C,0.0006011810566150536,1.5322994782676302e-06,0.9624322719197049,0.035614381180182626,0.001350633544018987
2,C/c (25).csv,124,9,C,C,2.8228303332013456e-05,4.7465410262440665e-05,0.9701494547099502,0.02904768764774564,0.000727163928709701
2,C/c (25).csv,124,10,C,C,2.649901528451226e-05,4.383420667392095e-05,0.9182939043221845,0.0005560407944537919,0.08107972166140329
2,C/c (25).csv,124,11,C,C,2.2782618891194284e-05,3.9986258312434336e-05,0.8858698468537506,0.0007866369363483736,0.11328074733269744
2,C/c (25).csv,124,12,C,C,2.3532976514676786e-05,4.454331904060046e-05,0.9159357301439952,0.08297935977741608,0.0010168337830333528
2,C/c (25).csv,124,13,C,C,2.34668364233869e-05,0.00178159602510344,0.9164402574137468,9.102431174848918e-06,0.08174557729355166
2,C/c (25).csv,124,14,C,C,2.501896965487659e-05,0.08767831624713274,0.9117093575266384,9.519615806264618e-06,0.0005777876407676436
2,C/c (25).csv,124,15,C,C,2.7078832482671686e-05,0.0015406008928128818,0.8866666668688866,0.11175351992790536,1.2133477912526667e-05
2,C/c (25).csv,124,16,C,C,2.6764319795398557e-05,0.0014973782631732232,0.9286973486280746,0.0697667235354072,1.178525354955129e-05
2,C/c (25).csv,124,17,C,C,2.6094735658081694e-05,0.12544352309065684,0.8739983380523102,1.0025712958093809e-05,0.0005220184084169499
2,C/c (25).csv,124,18,C,C,2.494189383785621e-05,0.15751447930740844,0.8419865282478278,9.925074162980479e-06,0.0004641254767629348
2,B/b (37).csv,86,0,B,B,3.0868096028634416e-05,0.9046840361443345,0.0006792446125142831,1.4404379856749306e-05,0.09459144676726589
2,B/b (37).csv,86,1,B,B,3.0105150166097158e-05,0.8988922365461709,1.2568370460257657e-05,0.0007036784251252835,0.10036141150807751
2,B/b (37).csv,86,2,B,B,2.7385624563129536e-05,0.914074498323441,0.001540001336942026,9.614641049531217e-06,0.08434850007400432
2,B/b (37).csv,86,3,B,B,2.6373499002051383e-05,0.9510030150906519,0.04787539439287155,9.683594534533613e-06,0.0010855334229399462
2,B/b (37).csv,86,4,B,B,2.7678079581813743e-05,0.9203645618172546,1.1899694170103138e-05,0.0007132760952827232,0.07888258431371087
2,B/b (37).csv,86,5,B,B,2.4213718088058803e-05,0.8812678760311204,7.921340538710535e-06,0.0005740318676432829,0.1181259570426096
2,B/b (37).csv,86,6,B,B,0.34944993943071484,0.6497940944407486,1.1864454389046644e-07,1.0942414079210022e-05,0.0007449050699131163
2,B/b (37).csv,86,7,B,B,0.034939117688886044,0.8465429877108291,1.4465393620263193e-07,9.11607882106491e-06,0.11850863386752758
2,B/b (37).csv,86,8,B,B,0.01530151049684968,0.8832942927905215,1.9186391107606303e-07,9.395201366515605e-06,0.10139460964735103
2,B/b (37).csv,86,9,B,B,2.5301665762302544e-05,0.8861450766981025,0.0006801286052982741,8.735575005945197e-06,0.11314075745583087
2,B/b (37).csv,86,10,B,B,2.5203462399765337e-05,0.880605048542316,0.0007775760426237486,9.73708178088281e-06,0.1185824348708795
2,B/b (37).csv,86,11,B,B,2.6992114962061408e-05,0.9309156134634039,0.0007217517387062819,9.17757904815504e-06,0.06832646510387955
2,B/b (37).csv,86,12,B,B,0.0007694159542701092,0.9605504370226714,1.0323333204201934e-05,1.0026724424091666e-05,0.03865979696543007
2,B/b (37).csv,86,13,B,B,2.8146197551592985e-05,0.9492016144730826,0.000637804446321143,8.932911799347395e-06,0.05012350197124543
2,B/b (37).csv,86,14,B,B,2.4993799878277125e-05,0.9106728841103271,0.0005272712875950691,9.274124657753607e-06,0.0887655766775419
2,B/b (37).csv,86,15,B,B,2.5062937987173283e-05,0.899505421984393,0.0005891027220808793,9.011975578925433e-06,0.09987140037995998
2,B/b (37).csv,86,16,B,B,2.4052525904634487e-05,0.8734888345785677,0.12498259325797105,9.085543868577653e-06,0.0014954340936880234
2,B/b (37).csv,86,17,B,B,2.3609687366405802e-05,0.8847455123633862,0.0011979823571385234,8.542865608879073e-06,0.11402435272649995
2,B/b (37).csv,86,18,B,B,2.7679183728418324e-05,0.8919493861331316,1.2447138524385647e-05,0.0006616552621108224,0.10734883228250479
2,D/d (16).csv,165,0,D,E,2.9004978893298972e-05,4.9784795134584494e-05,0.0005682982793701003,0.11400562380626482,0.8853472881403371
2,D/d (16).csv,165,1,D,D,2.3912107818075042e-05,4.557481149767295e-05,0.0007892300749614434,0.8984551596157679,0.10068612338995488
2,D/d (16).csv,165,2,D,D,2.4026426827421684e-05,6.719399489415598e-05,0.0986276202564917,0.9005320879719919,0.0007490713497947619
2,D/d (16).csv,165,3,D,D,2.278199522212808e-05,5.4514554313080707e-05,0.0010452777770643608,0.8836374981416969,0.11523992753170365
2,D/d (16).csv,165,4,D,D,2.614433986909786e-05,5.038179864891177e-05,0.0009201031703589341,0.9134203425150215,0.0855830281761016
2,D/d (16).csv,165,5,D,D,0.01898885087603573,1.5074976390512105e-06,0.09539386161823722,0.8856016047585537,1.417524953418147e-05
2,D/d (16).csv,165,6,D,D,0.2585558129594145,1.292314453212992e-06,0.0005317743003937811,0.7409003629124954,1.0757513243024722e-05
2,D/d (16).csv,165,7,D,D,2.3414668144603185e-05,4.194704886878467e-05,0.11987475430349433,0.8771423421372069,0.00291754184228545
2,D/d (16).csv,165,8,D,D,2.239577080103004e-05,4.308410195039294e-05,0.13040583962432464,0.8674003982404576,0.002128282262466384
2,D/d (16).csv,165,9,D,D,2.1632456390288133e-05,4.291687372920013e-05,0.13779254201610647,0.859547553883345,0.0025953547704290958
2,D/d (16).csv,165,10,D,D,2.2673424530009387e-05,4.118028617706021e-05,0.1522996219881353,0.8453374148988747,0.0022991094022829805
2,D/d (16).csv,165,11,D,D,2.3244515206066702e-05,0.004889870050180492,0.14141328028334837,0.8536572884657289,1.6316685536273125e-05
2,D/d (16).csv,165,12,D,C,2.2226212589286266e-05,0.004467397839496779,0.8832549303447627,0.1122161856146123,3.925998853899004e-05
2,D/d (16).csv,165,13,D,D,2.3536408030197418e-05,5.784840081650097e-05,0.1254066797996038,0.8735755584651832,0.0009363769263663961
2,D/d (16).csv,165,14,D,D,2.6996565783708472e-05,0.0021334149160792512,1.2039153688378424e-05,0.9606885444568999,0.03713900490754872
2,D/d (16).csv,165,15,D,D,2.167337171053381e-05,0.003053662594317585,0.14511338804090984,0.85179565683203,1.5619161031978036e-05
2,D/d (16).csv,165,16,D,C,2.24680364896119e-05,0.005713752564692763,0.8708717837704886,0.12337834220080346,1.365342752561706e-05
2,D/d (16).csv,165,17,D,B,2.3509482266675496e-05,0.8765103073961836,0.0010014974172370319,0.12242855062894434,3.6135075368377716e-05
2,D/d (16).csv,165,18,D,A,0.7254283962492328,0.00015260803822334768,3.127256894921796e-07,0.13850962514601725,0.13590905784083704
3,C/c (29).csv,128,0,C,C,5.019854136779948e-06,0.15651684869168045,0.8418083185666156,0.0016384806671632807,3.133222040389418e-05
3,C/c (29).csv,128,1,C,C,6.105594291276198e-06,0.002926602539150294,0.9192790332517327,8.48753228650628e-06,0.07777977108253932
3,C/c (29).csv,128,2,C,C,6.7411509558096195e-06,0.0031681830024985905,0.9950275173933388,0.0006259050438028178,0.0011716534094038634
3,C/c (29).csv,128,3,C,C,5.981866824902328e-06,0.057665138566400834,0.9411394571869771,7.799456630136499e-06,0.001181622923167054
3,C/c (29).csv,128,4,C,E,5.207460492895074e-06,6.579474847397121e-05,0.18103642127246455,0.002357103889091699,0.8165354726294768
3,C/c (29).csv,128,5,C,D,5.091200605255005e-06,6.32866873947136e-05,0.16836215406985872,0.8279619843036052,0.003607483738536021
3,C/c (29).csv,128,6,C,D,5.079014018894278e-06,5.9709050788484496e-05,0.17089689235109823,0.8254677654764719,0.0035705541076223256
3,C/c (29).csv,128,7,C,C,5.277653566031632e-06,6.117160967020209e-05,0.8736829816186031,0.12231355345748554,0.003937015660674893
3,C/c (29).csv,128,8,C,C,5.3607529621788635e-06,7.238052943159792e-05,0.8843471792257438,0.0008122855509977108,0.1147627939408645
3,C/c (29).csv,128,9,C,C,5.539026788666244e-06,8.053657429280908e-05,0.8913426784612014,0.10725507031643898,0.0013161756212781625
3,C/c (29).csv,128,10,C,C,5.433432819768057e-06,7.068066466450098e-05,0.8926496074683842,0.10442558373184929,0.002848694702282231
3,C/c (29).csv,128,11,C,C,5.177055476500706e-06,6.252427232020915e-05,0.8814481246384428,0.0005049623640644632,0.11797921166969594
3,C/c (29).csv,128,12,C,C,5.791755609478268e-06,7.57344657172199e-05,0.961846925443792,0.036398151006928274,0.0016733973279529494
3,C/c (29).csv,128,13,C,C,5.788071956587148e-06,7.876032139933694e-05,0.9457868436621302,0.053252534620938714,0.0008760733235752748
3,C/c (29).csv,128,14,C,C,5.830975606181406e-06,8.429196932907062e-05,0.9559816830237515,0.04175719614317172,0.0021709978881415035
3,C/c (29).csv,128,15,C,C,6.23558423644331e-06,8.532916360744932e-05,0.9620463747043919,0.00046923656011058914,0.03739282398765365
3,C/c (29).csv,128,16,C,C,6.5351038109165265e-06,0.002336141129061467,0.9604105803025348,0.03721642629072337,3.031717386960504e-05
3,C/c (29).csv,128,17,C,C,6.019836483385076e-06,0.08917007945524771,0.9102955597807973,0.0005006880137646393,2.765291370680599e-05
3,C/c (29).csv,128,18,C,C,6.098784264889619e-06,0.11859975944490853,0.880363777765112,6.996514868678301e-06,0.0010233674908458367
3,D/d (23).csv,172,0,D,D,6.4374326482259116e-06,7.22245349148798e-05,0.08267532424842995,0.9164448104824893,0.000801203301517626
3,D/d (23).csv,172,1,D,D,5.314878084707328e-06,6.195276455493749e-05,0.15139082858329148,0.8476028940395125,0.0009390097345562755
3,D/d (23).csv,172,2,D,D,5.23873836836825e-06,6.042301475610527e-05,0.15541287119456967,0.8434022105641477,0.0011192564881581338
3,D/d (23).csv,172,3,D,D,4.9665815084141e-06,5.826782662802548e-05,0.17682399838635016,0.8205949224907412,0.0025178447147722245
3,D/d (23).csv,172,4,D,D,5.0020527844946306e-06,5.885858042802966e-05,0.18723191092003538,0.8111477588528869,0.00155646959386511
3,D/d (23).csv,172,5,D,D,5.0206203290511246e-06,5.739376788091952e-05,0.18601049698767835,0.8124611593449675,0.001465929279144136
3,D/d (23).csv,172,6,D,D,0.00018529703505979568,2.360739456002532e-06,0.1524071673406263,0.8465152848404807,0.0008898900443770698
3,D/d (23).csv,172,7,D,D,0.00021103365433355501,2.7594388671677687e-06,0.001443971665718373,0.9342166111004536,0.06412562414062722
3,D/d (23).csv,172,8,D,D,5.004318064994539e-06,6.598081046824344e-05,0.19008275901775237,0.8090938859157708,0.0007523699379435871
3,D/d (23).csv,172,9,D,D,5.3175375707457075e-06,7.894670926700106e-05,0.15806718647698437,0.8409944599487106,0.0008540893274671792
3,D/d (23).csv,172,10,D,D,5.242357829257214e-06,7.974074027984363e-05,0.15838930929169656,0.8407853407519992,0.0007403668581951886
3,D/d (23).csv,172,11,D,D,5.121696915947974e-06,0.0018003175274821288,0.18222974087926055,0.8159455072522347,1.931264410667908e-05
3,D/d (23).csv,172,12,D,D,5.724166062254544e-06,0.006388990471869078,0.14690241248233674,0.8466808519390034,2.202094072833312e-05
3,D/d (23).csv,172,13,D,D,5.196408282015186e-06,0.003473084185628855,0.1524557120545059,0.8440454263728376,2.0580978745561126e-05
3,D/d (23).csv,172,14,D,D,5.141398115106528e-06,6.316555741582206e-05,0.1799994688595723,0.8186554758061809,0.0012767483787158222
3,D/d (23).csv,172,15,D,D,5.2133848663961496e-06,6.370163491362251e-05,0.17901118412951464,0.8185264006003108,0.0023935002503944554
3,D/d (23).csv,172,16,D,D,5.079898726317622e-06,6.533990880783342e-05,0.17718831978290867,0.8197526891058868,0.0029885713036704492
3,D/d (23).csv,172,17,D,D,4.9953680023437635e-06,7.979141807673676e-05,0.1714701495832086,0.8266464718832729,0.0017985917474394703
3,D/d (23).csv,172,18,D,D,5.3602721651335854e-06,0.004280375204470019,0.1666614198019177,0.8289871132182459,6.573150320126784e-05
3,B/b (26).csv,75,0,B,B,5.8179969114648885e-06,0.880547765254984,5.218760179217764e-05,0.000542634908108008,0.11885159423820432
3,B/b (26).csv,75,1,B,B,5.802966159106339e-06,0.8952855831877383,0.0015895594871801356,6.152459371012359e-06,0.10311290189955141
3,B/b (26).csv,75,2,B,B,5.876068827059377e-06,0.8850803288304377,3.476826165555324e-05,0.0003561419551562014,0.11452288488392344
3,B/b (26).csv,75,3,B,B,5.803185229613796e-06,0.8642240714920215,0.13475469839276172,6.256505610749998e-06,0.0010091704243763418
3,B/b (26).csv,75,4,B,B,5.8661251152773366e-06,0.8993245097172027,0.0016920438967415947,6.572335706232578e-06,0.09897100792523415
3,B/b (26).csv,75,5,B,B,0.00018970221758537393,0.8793464284477644,9.562874868117356e-07,0.0003695852923104163,0.12009332775485292
3,B/b (26).csv,75,6,B,B,0.3138150807283464,0.6854527526515517,7.401414989534373e-07,6.291262086700456e-06,0.000725135216516427
3,B/b (26).csv,75,7,B,B,0.00028039629610227473,0.9657045145542867,1.018095426548802e-06,0.0006039524082436069,0.03341011864594069
3,B/b (26).csv,75,8,B,B,6.968840624091988e-06,0.9963980766260734,0.0020731819427990805,0.0004358620442891723,0.0010859105462142052
3,B/b (26).csv,75,9,B,B,5.645106142937683e-06,0.8337274207494549,0.1651809871278573,5.582063545406024e-06,0.0010803649529995065
3,B/b (26).csv,75,10,B,B,5.587450543950543e-06,0.855767321094128,0.14298939573710784,5.764876852682424e-06,0.0012319308413675705
3,B/b (26).csv,75,11,B,B,5.624291039096104e-06,0.8415780073088013,0.15719567421744257,5.716617953726665e-06,0.0012149775647633996
3,B/b (26).csv,75,12,B,B,6.916917016854569e-06,0.9590036250295417,0.001343117728224377,7.468242991894538e-06,0.03963887208222515
3,B/b (26).csv,75,13,B,B,6.879956112721024e-06,0.9617094614872803,0.0014734966064317194,6.733425118244866e-06,0.03680342852505702
3,B/b (26).csv,75,14,B,B,6.4709534925013866e-06,0.8996304928071708,0.001235529606979233,6.157165275899045e-06,0.09912134946708152
3,B/b (26).csv,75,15,B,B,6.7968824719028615e-06,0.9384837162453615,0.0012572170875284525,6.779029614695968e-06,0.06024549075502344
3,B/b (26).csv,75,16,B,B,5.992474018015939e-06,0.8929376432133922,0.0011944186738301417,5.887498875710359e-06,0.10585605813988383
3,B/b (26).csv,75,17,B,B,5.999044368788338e-06,0.8945138838469611,0.0012007989344489504,6.209418712327648e-06,0.10427310875550887
3,B/b (26).csv,75,18,B,B,0.00018659555382946006,0.8894289744953802,0.0013064082820291151,1.1280677093994521e-07,0.10907790886199038
3,C/c (40).csv,139,0,C,C,6.306942112307812e-06,0.0026308569505477898,0.8941974799342565,0.10313166806887256,3.3688104210838716e-05
3,C/c (40).csv,139,1,C,C,6.323130824185408e-06,0.0026318519705223423,0.9342819281424025,0.06304815412668523,3.174262956567783e-05
3,C/c (40).csv,139,2,C,C,5.844242008922377e-06,0.002665203872042524,0.9071878777012727,0.09011433244197728,2.674174269856514e-05
3,C/c (40).csv,139,3,C,C,5.15120281294015e-06,0.0024302960934940595,0.8729104543075427,0.12463057994898276,2.351844716767339e-05
3,C/c (40).csv,139,4,C,C,5.53423278941521e-06,8.802290556022447e-05,0.9472318220709901,0.0008116526758206494,0.0518629681148396
3,C/c (40).csv,139,5,C,D,5.498362101804055e-06,7.267766026426513e-05,0.1655482700408056,0.8311846186614097,0.0031889352754186154
3,C/c (40).csv,139,6,C,C,5.470976164097246e-06,6.923260893014221e-05,0.8690854867981911,0.0017891809146121773,0.12905062870210254
3,C/c (40).csv,139,7,C,C,5.524272103948141e-06,6.590828871224913e-05,0.8771731770261938,0.0005865447770836012,0.1221688456359064
3,C/c (40).csv,139,8,C,C,5.434531414661961e-06,6.552779693175161e-05,0.889915863906063,0.10759009245323359,0.002423081312357152
3,C/c (40).csv,139,9,C,C,5.421207111012611e-06,8.467363984393233e-05,0.8976581089570846,0.09910244372570845,0.0031493524702519474
3,C/c (40).csv,139,10,C,C,5.731749467537242e-06,6.891973611735306e-05,0.9291635979671552,0.06877702895781845,0.001984721589441478
3,C/c (40).csv,139,11,C,C,5.3609892809163474e-06,6.744870041659921e-05,0.8910257557008282,0.10775178548077755,0.0011496491286967947
3,C/c (40).csv,139,12,C,C,5.354799556590893e-06,7.401836190911492e-05,0.8890891983196043,0.10804001232309962,0.002791416195830406
3,C/c (40).csv,139,13,C,C,5.387123544327591e-06,7.589942022747346e-05,0.8918168040755544,0.10675435578919538,0.0013475535914783236
3,C/c (40).csv,139,14,C,C,5.5950901896217145e-06,7.573671676682231e-05,0.9152090749585282,0.0837754998800208,0.0009340933544944894
3,C/c (40).csv,139,15,C,C,5.551701046464983e-06,0.0001100174260591331,0.9069999756679268,0.09161187461680942,0.0012725805881581879
3,C/c (40).csv,139,16,C,C,5.026995772696311e-06,0.1571360398703119,0.841086519965327,7.031026068448322e-06,0.0017653821425201801
3,C/c (40).csv,139,17,C,C,5.095696087111543e-06,0.17207051840911164,0.8251778681436447,6.264663222162387e-06,0.0027402530879343913
3,C/c (40).csv,139,18,C,C,5.8430970835494674e-06,0.114774984760724,0.8842390499680467,8.778018961688386e-06,0.0009713441551840566
3,E/e (4).csv,203,0,E,E,7.760604583238355e-06,0.002842418966780607,0.0016227912242616437,0.0007196385462200413,0.9948073906581545
3,E/e (4).csv,203,1,E,E,5.730110141191098e-06,0.15761008699725085,0.004812854792960384,7.0099675178093845e-06,0.8375643181321296
3,E/e (4).csv,203,2,E,E,5.528635188840943e-06,0.15952993864013354,0.005022817649413695,6.930878785565824e-06,0.8354347841964783
3,E/e (4).csv,203,3,E,E,5.2948610498542196e-06,0.0035669466189122124,0.1743357864581514,6.8379650964783864e-06,0.82208513409679
3,E/e (4).csv,203,4,E,E,6.224806059794521e-06,0.07230022829550133,0.001946798017876707,6.81675829518511e-06,0.925739932122267
3,E/e (4).csv,203,5,E,E,6.494547180296765e-06,7.530746045468191e-05,0.0878815452328194,0.0013797020232639958,0.9106569507362816
3,E/e (4).csv,203,6,E,D,5.835285164122132e-06,6.338125281927856e-05,0.003087694094825613,0.8648941584616532,0.13194893090553783
3,E/e (4).csv,203,7,E,D,0.009769197040443425,2.7278194856243126e-06,3.275519408856509e-05,0.8754174009451149,0.11477791900086746
3,E/e (4).csv,203,8,E,E,0.00018264157765242856,0.008031968287058903,8.773911927411158e-07,0.11871859014308216,0.8730659226010138
3,E/e (4).csv,203,9,E,E,6.150472611274604e-06,8.805017317611792e-05,0.0014596949657384754,0.08970974666917214,0.908736357719302
3,E/e (4).csv,203,10,E,E,6.197707655779646e-06,8.316311202701416e-05,0.001883192440474304,0.09855430352315007,0.8994731432166929
3,E/e (4).csv,203,11,E,D,5.456691589587384e-06,7.101545748379142e-05,0.0015147448267540944,0.8678748590940746,0.1305339239300979
3,E/e (4).csv,203,12,E,E,5.589414090825281e-06,6.928406000019917e-05,0.006315130020331475,0.12346619865649577,0.8701437978490818
3,E/e (4).csv,203,13,E,E,5.568321791828384e-06,6.777793937889586e-05,0.14974448557025874,0.0003711081470992665,0.8498110600214713
3,E/e (4).csv,203,14,E,E,6.145493938792894e-06,7.16946053841873e-05,0.14964228217319087,0.0009497100709845943,0.8493301676565015
3,E/e (4).csv,203,15,E,E,6.410582385016591e-06,8.434276385541504e-05,0.0020469411251574704,0.04873784999998784,0.9491244555286142
3,E/e (4).csv,203,16,E,E,6.893369202218795e-06,0.002961413482024371,0.09016972822531644,7.595704958872826e-06,0.906854369218498
3,E/e (4).csv,203,17,E,E,5.872278196848441e-06,0.16553004282070832,0.0013948915521460568,6.660331397655611e-06,0.8330625330175511
3,E/e (4).csv,203,18,E,B,6.360954466390693e-06,0.8670370419523205,3.316717217371959e-05,0.0003375753058456743,0.13258585461519382
3,E/e (7).csv,206,0,E,E,6.583462848917769e-06,0.06211634625614159,4.601209386232392e-05,0.0006491615148954167,0.9371818966722517
3,E/e (7).csv,206,1,E,E,6.4534770960300875e-06,0.0826921178903292,0.0014680655474611833,7.663751614238437e-06,0.9158256993334993
3,E/e (7).csv,206,2,E,E,5.583288308467408e-06,7.189343375106704e-05,0.16117829645886533,0.0003723451876196652,0.8383718816314554
3,E/e (7).csv,206,3,E,E,6.8444101954092904e-06,9.591495647170928e-05,0.08154832351434564,0.0004920146860767672,0.9178569024329105
3,E/e (7).csv,206,4,E,E,6.75694128794617e-06,0.06392741730700281,0.0017620627796758274,9.5761490308841e-06,0.9342941868230026
3,E/e (7).csv,206,5,E,E,6.410833869043247e-06,0.0021647539428947438,3.6539821582934637e-05,0.06278477844193966,0.9350075169597136
3,E/e (7).csv,206,6,E,E,6.031519735312079e-06,7.599929184360927e-05,0.0011903751824168284,0.12482157637760728,0.873906017628397
3,E/e (7).csv,206,7,E,D,5.773394786472377e-06,6.601630627526543e-05,0.0012791853703433107,0.8647541339233785,0.13389489100521637
3,E/e (7).csv,206,8,E,E,5.819709805582148e-06,6.835235192046842e-05,0.1419776558920548,0.0015756125210725184,0.8563725595251466
3,E/e (7).csv,206,9,E,E,6.014334085569498e-06,8.933264932055389e-05,0.0014075403594914883,0.07177675877803605,0.9267203538790663
3,E/e (7).csv,206,10,E,E,5.962258323172624e-06,0.003547151653048795,3.456713874308049e-05,0.09720092305280847,0.8992113958970765
3,E/e (7).csv,206,11,E,E,6.012129612668207e-06,7.503497008025313e-05,0.0015778818851877486,0.11914256635957045,0.8791985046555488
3,E/e (7).csv,206,12,E,E,5.839527434277046e-06,6.65416334868938e-05,0.1578488853579274,0.00044542872409679657,0.8416333047570547
3,E/e (7).csv,206,13,E,E,6.83894758750458e-06,8.57625456927473e-05,0.0014455096517700882,0.04122496986192065,0.957236918993029
3,E/e (7).csv,206,14,E,E,6.767253335063948e-06,0.002814084376299262,4.1501508442643505e-05,0.027922380497435412,0.9692152663644876
3,E/e (7).csv,206,15,E,E,6.099771227771553e-06,0.004001647657667275,3.7806188424454184e-05,0.08427655364550594,0.9116778927371746
3,E/e (7).csv,206,16,E,E,6.613383099806216e-06,9.435101778499508e-05,0.0015753109827075097,0.06892005520386268,0.929403669412545
3,E/e (7).csv,206,17,E,E,6.6101162035695e-06,9.64929517276846e-05,0.09128168141657174,0.0006473136503885724,0.9079679018651083
3,E/e (7).csv,206,18,E,E,8.960058508282597e-06,0.003184495473575486,5.892364889411116e-05,0.0450044873578715,0.9517431334611506
3,B/b (5).csv,54,0,B,B,6.272807533736248e-06,0.9241859007684347,3.566040991049943e-05,0.0006094242476722469,0.07516274176644892
3,B/b (5).csv,54,1,B,B,5.86768272569426e-06,0.8771683991227718,0.001530462355490159,6.3984273898310805e-06,0.12128887241162252
3,B/b (5).csv,54,2,B,B,5.500301475108983e-06,0.8641727004760343,0.0011596726270641027,6.2347897433993826e-06,0.1346558918056829
3,B/b (5).csv,54,3,B,B,5.46177828220789e-06,0.8603282437901038,0.001657986322806696,6.307109097266801e-06,0.1380020009997101
3,B/b (5).csv,54,4,B,B,5.065192655217222e-06,0.8251602345397749,0.17220508097549642,8.16274349330404e-06,0.002621456548580079
3,B/b (5).csv,54,5,B,B,6.088872169139039e-06,0.8797657004647719,3.918081388045276e-05,0.0003638624528038324,0.11982516739637465
3,B/b (5).csv,54,6,B,B,7.432246526788808e-06,0.9095263235104529,4.343224886704495e-05,0.0007816237946659698,0.08964118819948734
3,B/b (5).csv,54,7,B,B,0.00019986613157102804,0.878410998233153,1.024470088216101e-06,0.0011301164327063953,0.12025799473248142
3,B/b (5).csv,54,8,B,B,8.479268984947273e-06,0.9421723586310317,4.087810096198147e-05,0.0566371546616418,0.0011411293373795245
3,B/b (5).csv,54,9,B,B,7.336728807632849e-06,0.9587177778404019,5.520618445553019e-05,0.0006429014909721917,0.04057677775536266
3,B/b (5).csv,54,10,B,B,0.0001873232501910061,0.8215308779008972,0.17726337075332327,1.0775125646761719e-07,0.0010183203443321486
3,B/b (5).csv,54,11,B,B,5.831972985851991e-06,0.8423641783984558,0.1556691596910091,5.68653714816241e-06,0.001955143400401162
3,B/b (5).csv,54,12,B,B,5.737657941938807e-06,0.8353641644647306,0.163721349393504,5.813098869501076e-06,0.0009029353849539184
3,B/b (5).csv,54,13,B,B,5.817873041841437e-06,0.8224774320280629,0.1766177835103272,7.138626148967954e-06,0.0008918279624190305
3,B/b (5).csv,54,14,B,C,5.591436275307044e-06,0.16945057858548507,0.8297538061495717,6.261515154176965e-06,0.0007837623135136976
3,B/b (5).csv,54,15,B,B,6.540489434451802e-06,0.9093543320192647,0.00153338045917388,7.046281928230418e-06,0.08909870075019877
3,B/b (5).csv,54,16,B,B,6.071463851368722e-06,0.8716169601296486,0.12700114322299322,6.667815444554853e-06,0.0013691573680622467
3,B/b (5).csv,54,17,B,B,5.95279186221055e-06,0.8891042617318576,0.11002516522067507,6.2985087280482074e-06,0.0008583217468771305
3,B/b (5).csv,54,18,B,B,6.048827552244822e-06,0.8855415398605092,3.4567704777823046e-05,0.00034333352521015046,0.11407451008195064
3,B/b (45).csv,94,0,B,B,5.966707753929323e-06,0.8896831524405622,0.005042700263329549,6.555715003541045e-06,0.10526162487335078
3,B/b (45).csv,94,1,B,B,6.0551422761528084e-06,0.899973954209162,0.0016896596279850392,6.3817306382805625e-06,0.09832394928993844
3,B/b (45).csv,94,2,B,B,6.0142709068064045e-06,0.9063228747615557,0.0021774701062135895,6.475570461087157e-06,0.09148716529086282
3,B/b (45).csv,94,3,B,B,6.031237350606262e-06,0.8975674714363955,0.0013819283400338808,6.536690510895637e-06,0.10103803229570918
3,B/b (45).csv,94,4,B,B,5.861854723785158e-06,0.9002185818190542,0.0015433901061660416,6.86235073981533e-06,0.09822530386931615
3,B/b (45).csv,94,5,B,D,6.4895795373099025e-06,8.624331905317619e-05,0.0019504698752619055,0.8791393852268835,0.1188174119992642
3,B/b (45).csv,94,6,B,D,6.573099743935185e-06,7.654494883183061e-05,0.0013955510047664267,0.8980956902052106,0.10042564074144715
3,B/b (45).csv,94,7,B,E,6.154561330672128e-06,0.007364079064468851,3.6677257460455314e-05,0.09884120210279515,0.8937518870139448
3,B/b (45).csv,94,8,B,C,5.638870168230879e-06,0.1452671472005446,0.8516843578529972,2.7026343388850976e-05,0.0030158297329011337
3,B/b (45).csv,94,9,B,B,6.362828520802636e-06,0.8852328140741822,0.004523757811128108,6.2236821214644985e-06,0.11023084160404732
3,B/b (45).csv,94,10,B,B,6.636606914437385e-06,0.9105781405274388,3.676974857031412e-05,0.08851294595872153,0.0008655071583549524
3,B/b (45).csv,94,11,B,B,6.730462461530429e-06,0.955254581610704,0.00010057927371662697,0.0005489095881552379,0.0440891990649626
3,B/b (45).csv,94,12,B,B,5.484462803928475e-06,0.8252657581060462,0.17135843019408184,6.187522264353191e-06,0.0033641397148039035
3,B/b (45).csv,94,13,B,B,6.350420145584293e-06,0.9048858677345197,5.6595076871802885e-05,0.0012151408781679288,0.09383604589029493
3,B/b (45).csv,94,14,B,B,0.00025049192342823366,0.9153812015102109,0.08432858084856497,7.76442588811251e-06,3.196129190772423e-05
3,B/b (45).csv,94,15,B,B,7.685656125906224e-06,0.9583180013804184,3.7683680959489044e-05,0.0004725080991836871,0.04116412118331243
3,B/b (45).csv,94,16,B,B,5.723559030088671e-06,0.8788044160642767,0.0032150458434137825,7.864085501760965e-06,0.11796695044777779
3,B/b (45).csv,94,17,B,B,6.52649614148718e-06,0.9150401184861544,4.225304653732435e-05,0.0004001671328161035,0.08451093483835065
3,B/b (45).csv,94,18,B,B,6.254472413250222e-06,0.8831100289966582,3.3091805067485853e-05,0.0004237506305306969,0.11642687409533042
3,D/d (14).csv,163,0,D,D,0.00017708087877508325,2.5243457660501845e-06,0.0013273308442397725,0.8725158139950826,0.12597724993613652
3,D/d (14).csv,163,1,D,D,5.836543043124085e-06,6.557955424732801e-05,0.0013226168019599236,0.8715938451937477,0.12701212190700195
3,D/d (14).csv,163,2,D,D,5.50426065249356e-06,6.466374995837707e-05,0.0022485086178968207,0.8754489988002465,0.12223232457124589
3,D/d (14).csv,163,3,D,D,5.329878246716916e-06,6.146013342823676e-05,0.16536371944662562,0.8318659830781714,0.0027035074635279053
3,D/d (14).csv,163,4,D,D,6.067461800145019e-06,7.09837689297832e-05,0.004602358919834463,0.8872669876778306,0.108053602171605
3,D/d (14).csv,163,5,D,D,0.3230051875269237,1.93865501674349e-06,0.0038855891659707806,0.6730900384715947,1.724618049404065e-05
3,D/d (14).csv,163,6,D,D,0.008155784312287575,2.8573397295176275e-06,5.21583484985854e-05,0.9370227927836539,0.05476640721583045
3,D/d (14).csv,163,7,D,D,5.646416026930535e-06,7.044503800121881e-05,0.0016789021114070185,0.8734691502351376,0.12477585619942716
3,D/d (14).csv,163,8,D,D,5.3097153614234465e-06,6.076460566478929e-05,0.170488102747925,0.8273327552972654,0.002113067633783403
3,D/d (14).csv,163,9,D,D,5.532254522871827e-06,6.10979052067794e-05,0.17952684357407434,0.8181389650374584,0.002267561228737503
3,D/d (14).csv,163,10,D,D,5.018579456647277e-06,6.506507312303981e-05,0.1721645179904461,0.8255776827079153,0.00218771564905891
3,D/d (14).csv,163,11,D,D,5.6857709985311505e-06,8.127934841331517e-05,0.1078637323968856,0.891131052260521,0.0009182502231815413
3,D/d (14).csv,163,12,D,D,6.1780044244370766e-06,9.503593345441011e-05,0.062487257913612274,0.9362030324793542,0.0012084956691546132
3,D/d (14).csv,163,13,D,D,5.486963684720427e-06,6.787665706555183e-05,0.15899852898812394,0.8401810923164359,0.0007470150746897491
3,D/d (14).csv,163,14,D,D,5.864763343837161e-06,9.880880945899542e-05,0.1426207714350382,0.8562866386060587,0.0009879163861002231
3,D/d (14).csv,163,15,D,D,5.459432132716242e-06,0.004548069122846604,0.1604881872490813,0.8349352211710472,2.3063024892331797e-05
3,D/d (14).csv,163,16,D,D,5.06537977847639e-06,0.006989713593053283,0.16389996980602384,0.8290366253043933,6.862591675122494e-05
3,D/d (14).csv,163,17,D,B,5.68916643523847e-06,0.8855449125076149,7.582366777394505e-05,0.11100612119088411,0.0033674534672917178
3,D/d (14).csv,163,18,D,E,0.00019056064422660768,0.1559157489231647,9.665901075996817e-07,0.001955182246339621,0.8419375415961615
3,B/b (38).csv,87,0,B,B,5.9111734970766355e-06,0.8810757448072105,3.491799836603195e-05,0.0003950709798451117,0.11848835504108131
3,B/b (38).csv,87,1,B,B,6.293388321902653e-06,0.9064839114497013,0.001542034007642369,6.9245682479602705e-06,0.09196083658608661
3,B/b (38).csv,87,2,B,B,5.999570386769805e-06,0.8464587687553901,0.15134246928986417,6.4520947204677535e-06,0.0021863102896385275
3,B/b (38).csv,87,3,B,B,5.743906142833818e-06,0.8460372548235371,0.15146981153615044,6.556625168797428e-06,0.0024806331090007927
3,B/b (38).csv,87,4,B,B,5.714311075013413e-06,0.8811797187780795,3.159456908416049e-05,0.00043586282575167203,0.11834710951600964
3,B/b (38).csv,87,5,B,E,8.978924525857415e-06,0.003416768128696051,5.4462338056858665e-05,0.08089044840716095,0.9156293422015603
3,B/b (38).csv,87,6,B,E,7.431756245185726e-06,0.1434360558958444,4.6807350108603995e-05,0.0007241239981211874,0.8557855809996806
3,B/b (38).csv,87,7,B,B,0.000204781753629922,0.878240573451463,9.356514894465146e-07,0.0005628936810508259,0.12099081546236681
3,B/b (38).csv,87,8,B,B,6.298564970631934e-06,0.9571140433911657,3.7807395120526134e-05,0.0011096552595446958,0.04173219538919855
3,B/b (38).csv,87,9,B,B,6.4135639989476706e-06,0.936516858068621,3.554688337262522e-05,0.0005341866933847579,0.06290699479062271
3,B/b (38).csv,87,10,B,B,6.097536151294485e-06,0.9246023383835891,4.0249241644016016e-05,0.00039538187382405596,0.07495593296479156
3,B/b (38).csv,87,11,B,B,6.209452374794893e-06,0.9215347911609579,3.440353236997415e-05,0.0010937422846165198,0.07733085356968078
3,B/b (38).csv,87,12,B,B,6.387602993939873e-06,0.9199255587584574,4.193022712825865e-05,0.0004677897861804281,0.07955833362523992
3,B/b (38).csv,87,13,B,B,5.9189020869459795e-06,0.9057920004674908,0.002213548215054033,6.11661442483957e-06,0.09198241580094342
3,B/b (38).csv,87,14,B,B,5.526407992620426e-06,0.8757377004649892,0.001283252040822043,6.288213097944774e-06,0.12296723287309819
3,B/b (38).csv,87,15,B,B,5.615091903494708e-06,0.8794129400149754,0.0011854067123592477,5.974540004346005e-06,0.1193900636407576
3,B/b (38).csv,87,16,B,B,5.637969853020642e-06,0.872128702740893,0.00111580171521933,6.235861927267026e-06,0.12674362171210746
3,B/b (38).csv,87,17,B,B,5.59416620862809e-06,0.8792670445041983,3.3040245617625694e-05,0.00040296556608653125,0.12029135551788886
3,B/b (38).csv,87,18,B,B,6.450073625470974e-06,0.9217089882281827,0.07623545735364305,1.0264271053652214e-05,0.0020388400734950925
3,E/e (12).csv,211,0,E,E,5.64086177821866e-06,0.1752973222808877,0.0018322226319992055,8.497533889927363e-06,0.8228563166914449
3,E/e (12).csv,211,1,E,B,5.6361553523646606e-06,0.8827501459798832,0.005473274121725889,6.086472742723148e-06,0.11176485727029575
3,E/e (12).csv,211,2,E,B,5.695969360956117e-06,0.8639740996001294,0.002317754502385431,6.0277322766378815e-06,0.13369642219584754
3,E/e (12).csv,211,3,E,B,5.4475311129763555e-06,0.8722219089929495,0.0012702345061713263,6.595117623951873e-06,0.1264958138521423
3,E/e (12).csv,211,4,E,B,5.763550128051187e-06,0.8747012656325664,0.0050150533462672425,6.15176427985055e-06,0.12027176570675842
3,E/e (12).csv,211,5,E,E,5.862073514971678e-06,6.956998439829116e-05,0.16391943122105837,0.0003973465831286987,0.8356077901378997
3,E/e (12).csv,211,6,E,E,5.648850371052388e-06,6.42533265039232e-05,0.18699860401193777,0.0004072663297133837,0.8125242274814738
3,E/e (12).csv,211,7,E,E,0.0002260015559497728,0.06599241402965396,1.0890980088266659e-06,0.0003985733381547468,0.9333819219782328
3,E/e (12).csv,211,8,E,E,6.785656030804253e-06,0.0019503634912862455,3.852935066220831e-05,0.09946859237833665,0.8985357291236841
3,E/e (12).csv,211,9,E,E,6.5051647450403614e-06,8.52874841597531e-05,0.0567654051788722,0.000494705917650827,0.9426480962545722
3,E/e (12).csv,211,10,E,E,0.00018119112257582054,0.14472982957684116,8.799912403065986e-07,0.000418038480476877,0.8546700608288659
3,E/e (12).csv,211,11,E,E,6.789176992204674e-06,0.002665895497676846,4.3185559730089264e-05,0.059952755322682134,0.9373313744429188
3,E/e (12).csv,211,12,E,E,6.5174135279728064e-06,8.856105744912241e-05,0.06275553756678541,0.0005141259595899686,0.9366352580026476
3,E/e (12).csv,211,13,E,E,6.173140935919348e-06,8.32756124927106e-05,0.0020442285891172684,0.08479664843399079,0.9130696742234633
3,E/e (12).csv,211,14,E,E,6.144009007557843e-06,9.557040369460594e-05,0.003481405547258708,0.1014847451560372,0.8949321348840019
3,E/e (12).csv,211,15,E,E,6.3060763241561325e-06,0.006149098303317142,5.5487949187155116e-05,0.04378061306278659,0.950008494608385
3,E/e (12).csv,211,16,E,E,5.710797096665117e-06,0.002362125237228359,0.13760271630027296,6.5305339510890575e-06,0.860022917131451
3,E/e (12).csv,211,17,E,E,6.022897708935116e-06,0.00011449875754869279,0.11010106863510946,0.0004337877088384087,0.8893446220007946
3,E/e (12).csv,211,18,E,E,5.512965057036256e-06,0.18694780075120596,0.0014080852559637317,5.645627608916945e-06,0.8116329554001644
3,A/a (7).csv,6,0,A,A,0.9400336241209698,6.912018773141763e-05,9.642348480313741e-07,0.05910636103355303,0.0007899304228978075
3,A/a (7).csv,6,1,A,A,0.9673803951764516,7.04212238503654e-05,9.623160156783362e-07,0.03175353300356972,0.0007946882801127195
3,A/a (7).csv,6,2,A,A,0.9435921959219529,0.05550978995521313,3.42179191976479e-05,1.1281710665425369e-07,0.0008636833865296882
3,A/a (7).csv,6,3,A,A,0.9132944467339329,0.0018282579502651342,0.08485638000709005,1.1758043134424119e-07,2.0797728280520066e-05
3,A/a (7).csv,6,4,A,A,0.9558717548506789,7.433188347372426e-05,3.775383971913464e-05,6.8308444227015935e-06,0.04400932858170552
3,A/a (7).csv,6,5,A,A,0.8977166438348773,6.379390340868199e-05,0.0018790181803437491,9.949096692581712e-08,0.10034044459040328
3,A/a (7).csv,6,6,A,A,0.976192104703624,2.7262681747458362e-06,3.761457760114802e-05,0.02289802863136717,0.000869525819232685
3,A/a (7).csv,6,7,A,A,0.9687173626850729,2.6345784172283195e-06,3.5762359791193326e-05,0.030329325974893816,0.0009149144018248692
3,A/a (7).csv,6,8,A,A,0.8878708085735499,2.442908601925084e-06,0.0013739943234861009,5.786202650368411e-06,0.11074696799171174
3,A/a (7).csv,6,9,A,A,0.9732413045019963,2.813172592094198e-06,4.639643896572264e-05,0.02580584116844423,0.0009036447180016179
3,A/a (7).csv,6,10,A,A,0.9146760180342695,0.0019883416750028277,8.946468555021638e-07,0.08331311558550115,2.1630058371010297e-05
3,A/a (7).csv,6,11,A,A,0.9229138209268982,8.020901889310154e-05,8.318827558668926e-07,0.000534273936572044,0.07647086423488082
3,A/a (7).csv,6,12,A,A,0.9270815449360875,0.002738534809822075,8.92649027459218e-07,0.07015852066648039,2.0506938582629386e-05
3,A/a (7).csv,6,13,A,A,0.9503145159393505,0.048838598763443715,8.850288337953572e-07,7.193029728748397e-06,0.000838807238643213
3,A/a (7).csv,6,14,A,A,0.9756478169069601,7.412369825080285e-05,9.419816681458381e-07,0.02349578377292996,0.0007813336401910265
3,A/a (7).csv,6,15,A,A,0.8672045776817672,0.1321209529764466,3.34080505623364e-05,1.0333971892146953e-07,0.0006409579515049461
3,A/a (7).csv,6,16,A,A,0.9285616925169262,0.07017910027991352,0.0012525411703963908,6.102830086663473e-06,5.632026772808564e-07
3,A/a (7).csv,6,17,A,A,0.870638569532056,0.12863113510367935,8.645821044121455e-07,6.150882821166052e-06,0.0007232798993391295
3,A/a (7).csv,6,18,A,A,0.8311001083654141,0.16604323549570638,7.352200077558299e-07,5.012714234807717e-06,0.002850908204637087
3,A/a (5).csv,4,0,A,A,0.9376935697385651,0.06132928277191743,9.284955009495161e-07,6.836419480247369e-06,0.0009693825745363643
3,A/a (5).csv,4,1,A,A,0.8948258920428599,0.104468455192274,8.771697967401437e-07,6.04991595544946e-06,0.0006987256791139135
3,A/a (5).csv,4,2,A,A,0.8854748722525677,0.11384395116411121,8.203981942379769e-07,0.0006599574969368723,2.039868819010528e-05
3,A/a (5).csv,4,3,A,A,0.9056957235563028,8.652217603124974e-05,9.274069221909534e-07,0.09287128556342003,0.0013455412973237242
3,A/a (5).csv,4,4,A,A,0.8805977474072978,0.001789880754326854,8.623389256938236e-07,6.260523666694591e-06,0.11760524897578295
3,A/a (5).csv,4,5,A,A,0.9362103698340324,6.700022014671191e-05,8.969858986662067e-07,0.06286379393208831,0.0008579390278337243
3,A/a (5).csv,4,6,A,A,0.9093973976139668,6.482386494914775e-05,8.982503574491176e-07,0.08981862339070878,0.000718256880017888
3,A/a (5).csv,4,7,A,A,0.967557084084921,0.0018940715316616706,9.822918612528907e-07,7.068480826605595e-06,0.030540793610729526
3,A/a (5).csv,4,8,A,A,0.9499927673599786,2.7661364269054146e-06,3.5761842976274944e-05,0.04905920841006793,0.0009094962505503435
3,A/a (5).csv,4,9,A,A,0.9407727764804313,6.984850801394661e-05,3.310780295908991e-05,0.05910294525699699,2.132195159844819e-05
3,A/a (5).csv,4,10,A,A,0.9967466126890028,0.0019887181361101284,9.961089007582185e-07,0.0004685132964347574,0.000795159769551481
3,A/a (5).csv,4,11,A,A,0.9482800218800602,7.90801509818668e-05,0.0012361774611283,0.05040411504542984,6.054623995330092e-07
3,A/a (5).csv,4,12,A,A,0.8599480000876194,0.002097058228415928,0.13793606659052182,1.0376933641149849e-07,1.877132410634228e-05
3,A/a (5).csv,4,13,A,A,0.9256560622486867,0.07310126604205715,3.7037060162023304e-05,1.110362109447787e-07,0.0012055236128831754
3,A/a (5).csv,4,14,A,A,0.8574561486851627,0.14191560265599182,8.805734019337389e-07,5.766871750268462e-06,0.0006216012136931768
3,A/a (5).csv,4,15,A,A,0.8621084603731403,0.13724357799106932,8.839073094167677e-07,5.9930196047223925e-06,0.000641084708876396
3,A/a (5).csv,4,16,A,A,0.9045121040110371,0.0036218920524861667,8.554579626391117e-07,0.09184067199132576,2.4476487188130076e-05
3,A/a (5).csv,4,17,A,A,0.9176833154638997,0.004580571580240066,8.892342000756549e-07,0.07770738796683677,2.7835754823258094e-05
3,A/a (5).csv,4,18,A,A,0.9077900750312722,0.00010000644902999396,9.140336529932031e-07,0.08907871314007841,0.0030302913459665983
3,A/a (2).csv,1,0,A,A,0.9223187607803963,0.0764869207249684,9.120773192265577e-07,8.823412234656136e-06,0.0011845830050814135
3,A/a (2).csv,1,1,A,A,0.909974264441839,6.63904406923259e-05,9.359148806822816e-07,0.08865567152575062,0.0013027376768373867
3,A/a (2).csv,1,2,A,A,0.8472580037687024,0.15144830955207347,2.7947831745855622e-05,9.050171077906077e-08,0.0012656483457675247
3,A/a (2).csv,1,3,A,A,0.8626076642721436,0.1363727887361914,3.2587458850307906e-05,9.916368869383458e-08,0.0009868603691260275
3,A/a (2).csv,1,4,A,A,0.9579894645886785,2.650243682733708e-06,4.161292801063002e-05,0.0005023808535434485,0.04146389138608477
3,A/a (2).csv,1,5,A,A,0.8922530794080642,2.464084792748178e-06,0.0020221864452501064,7.70856305371657e-06,0.10571456149883918
3,A/a (2).csv,1,6,A,A,0.9130560762394802,2.5833009499683508e-06,3.3476466621620754e-05,0.08595888104221493,0.0009489829507333331
3,A/a (2).csv,1,7,A,A,0.9304583496993618,2.501236533385696e-06,3.251313108100753e-05,0.0684880022339859,0.001018633699037854
3,A/a (2).csv,1,8,A,A,0.9604474655166509,2.735279312078881e-06,3.381544633015546e-05,0.0005536379061337014,0.03896234585157324
3,A/a (2).csv,1,9,A,A,0.8904053470779237,6.43332945746637e-05,0.0012116083983352117,1.0529500269320308e-07,0.10831860593416381
3,A/a (2).csv,1,10,A,A,0.9753287249384145,2.8803747590087617e-06,4.0087177905436874e-05,0.023799704667506142,0.0008286028414149055
3,A/a (2).csv,1,11,A,A,0.883411989386546,2.5543040207263994e-06,0.11574703236395995,6.725578336184324e-06,0.0008316983671370641
3,A/a (2).csv,1,12,A,A,0.953193541551192,2.570871094805708e-06,0.0014928306533244851,0.04528531101494291,2.5745909445757528e-05
3,A/a (2).csv,1,13,A,A,0.9962654074833224,0.0019448904469799597,0.0013997372306612465,0.0003893306331507992,6.342058856253059e-07
3,A/a (2).csv,1,14,A,A,0.9741106027680362,7.637180241281124e-05,0.0015057584742986904,0.02430668523262746,5.817226248567356e-07
3,A/a (2).csv,1,15,A,A,0.9280067132379791,6.74973891414206e-05,0.07118350816906024,1.2061076744975535e-07,0.0007421605930517332
3,A/a (2).csv,1,16,A,A,0.9463171317928403,0.0021941141182722653,0.05146717045665758,1.1190747789591272e-07,2.147172475205643e-05
3,A/a (2).csv,1,17,A,A,0.8864786933507192,0.11229310194164405,0.0012218072725628465,5.878644306257751e-06,5.187907675098629e-07
3,A/a (2).csv,1,18,A,A,0.8549307175666733,0.14448495082475268,9.122377869571734e-07,0.0005637988723271424,1.9620498459871433e-05
3,E/e (24).csv,223,0,E,E,5.6869724206067045e-06,0.141743938239554,0.0028504261440489382,7.1006860294774594e-06,0.8553928479579469
3,E/e (24).csv,223,1,E,E,5.460952802572582e-06,0.16670305769592422,0.001345801389744351,7.7049437697886e-06,0.8319379750177591
3,E/e (24).csv,223,2,E,E,5.944657530881768e-06,0.1577157629557857,0.0017727127504437495,6.594296302332123e-06,0.8404989853399373
3,E/e (24).csv,223,3,E,E,5.1198467853030916e-06,0.18534596215804422,0.0013013917532491627,6.051350038414173e-06,0.8133414748918829
3,E/e (24).csv,223,4,E,E,6.5174856718157606e-06,0.002580810925544933,4.523147081677984e-05,0.07465298540061101,0.9227144547173556
3,E/e (24).csv,223,5,E,E,6.087246995516284e-06,0.0023760681561705733,3.856054309810856e-05,0.11062529508389068,0.8869539889698451
3,E/e (24).csv,223,6,E,E,6.089784045268236e-06,8.12352572650913e-05,0.0764849077060598,0.000588191421523616,0.9228395758311062
3,E/e (24).csv,223,7,E,E,6.275390206531944e-06,8.415107269139227e-05,0.001381685333148217,0.09004851483646219,0.9084793733674917
3,E/e (24).csv,223,8,E,E,6.133441889476427e-06,0.002116543743234697,3.839652548345926e-05,0.08701076069751501,0.9108281655918773
3,E/e (24).csv,223,9,E,E,6.580656282214502e-06,0.00010383229461879933,0.0019384451221912825,0.03506693173648223,0.9628842101904255
3,E/e (24).csv,223,10,E,E,6.612463291723819e-06,0.0028209138278334103,4.625714462130222e-05,0.033645042103195244,0.9634811744610583
3,E/e (24).csv,223,11,E,E,6.2027193267059545e-06,9.47558129325676e-05,0.06313245575773983,0.0005725813804560401,0.9361940043295448
3,E/e (24).csv,223,12,E,E,6.2079139117727825e-06,0.0029955186007703384,5.3218594811465874e-05,0.08383027805986204,0.9131147768306443
3,E/e (24).csv,223,13,E,E,5.739030874802504e-06,0.007586267874093532,4.1571887380540345e-05,0.0830707585056875,0.9092956627019636
3,E/e (24).csv,223,14,E,E,5.595327049505214e-06,0.16652291231701985,0.0023648058270740627,6.909003878734142e-06,0.8310997775249779
3,E/e (24).csv,223,15,E,E,6.414293575883913e-06,0.11972910137666148,4.283040252297986e-05,0.0006208418173393139,0.8796008121099004
3,E/e (24).csv,223,16,E,E,7.607397617070155e-06,0.08692898308687905,0.0013018099346084368,7.471811603150263e-06,0.9117541277692922
3,E/e (24).csv,223,17,E,E,0.00018450036064785846,0.18788769117663243,8.601546939376265e-07,0.0003090538929793969,0.8116178944150463
3,E/e (24).csv,223,18,E,E,0.00019792376766455567,0.16038583538220993,1.0786563481728034e-06,0.0005008790005743167,0.838914283193203
3,E/e (41).csv,240,0,E,B,6.2246913002085294e-06,0.8693956003859316,0.0014764566386961677,6.29933898313409e-06,0.1291154189450889
3,E/e (41).csv,240,1,E,E,5.224445928524877e-06,0.18583169090694926,0.0018116887211567243,6.632791051913917e-06,0.8123447631349137
3,E/e (41).csv,240,2,E,E,5.458750245798684e-06,0.16530161061127438,0.001911719291715794,6.378762199188087e-06,0.8327748325845649
3,E/e (41).csv,240,3,E,E,5.497989161789248e-06,0.1584917753220444,0.0013608508483222055,9.341523838711277e-06,0.8401325343166328
3,E/e (41).csv,240,4,E,E,5.68159192538577e-06,0.13557015083790674,0.0015307711490383437,1.0676445484335775e-05,0.8628827199756451
3,E/e (41).csv,240,5,E,E,5.591489886642009e-06,0.0034591951178040586,5.2013980639320864e-05,0.11944461107760697,0.8770385883340629
3,E/e (41).csv,240,6,E,E,5.938973265220163e-06,7.69892218118305e-05,0.004585171196592017,0.11416776398478147,0.8811641366235495
3,E/e (41).csv,240,7,E,E,6.401391336890535e-06,0.002459831467215094,0.05578227856042017,8.464842426721621e-06,0.9417430237386012
3,E/e (41).csv,240,8,E,E,6.1960231184986625e-06,0.06909145935068313,0.0042669701146287155,8.363062364602192e-06,0.926627011449205
3,E/e (41).csv,240,9,E,E,6.426138953478924e-06,0.0034933570550432416,0.0016084885590436652,0.0005147274171601874,0.9943770008297994
3,E/e (41).csv,240,10,E,E,5.899759411696526e-06,0.13032629603302676,0.0013699499662832007,7.974045634026369e-06,0.8682898801956443
3,E/e (41).csv,240,11,E,E,6.1386996228106265e-06,0.07864446967357812,0.0016839080517054726,1.039208642607933e-05,0.9196550914886675
3,E/e (41).csv,240,12,E,E,6.322476815744425e-06,0.0831654017665016,0.001470340503612597,8.72629435888696e-06,0.9153492089587112
3,E/e (41).csv,240,13,E,E,6.410989264003659e-06,0.0875169095415698,0.001495575217927917,9.343411809979163e-06,0.9109717608394282
3,E/e (41).csv,240,14,E,E,6.051176425361418e-06,0.16148596413823518,0.0015770353008210322,5.909881692912298e-06,0.8369250395028256
3,E/e (41).csv,240,15,E,E,6.567214939444242e-06,0.12324536240456951,0.0015461695432927626,7.674406410697154e-06,0.8751942264307877
3,E/e (41).csv,240,16,E,E,6.98314129423865e-06,0.08910728637389566,0.0014363290529281567,8.208688487329783e-06,0.9094411927433945
3,E/e (41).csv,240,17,E,E,6.575459986299465e-06,0.12165806078654279,0.0014046399358224227,6.732215567421922e-06,0.876923991602081
3,E/e (41).csv,240,18,E,B,0.00018808859263738016,0.8666119112862432,9.479279824811549e-07,0.00035174198354758244,0.13284731020958943
3,D/d (20).csv,169,0,D,D,5.391945763674566e-06,0.0021103692921600943,3.232060813215535e-05,0.8680441440494906,0.12980777410445335
3,D/d (20).csv,169,1,D,D,5.253254748945868e-06,6.939659751972518e-05,0.00412059098855187,0.8763798336209742,0.11942492553820527
3,D/d (20).csv,169,2,D,D,4.763264840131149e-06,5.6742581485568585e-05,0.1867305961874267,0.8104064052934532,0.0028014926727944795
3,D/d (20).csv,169,3,D,D,5.489742194587981e-06,7.055619120154934e-05,0.12095861531015063,0.878055415397028,0.0009099233594252265
3,D/d (20).csv,169,4,D,D,0.00017071001824649706,2.4370535200680937e-06,0.1708834243164682,0.8282681998154802,0.0006752287962851903
3,D/d (20).csv,169,5,D,D,0.00021084909350670584,2.5689998969034343e-06,0.10872561589334385,0.890263263966872,0.0007977020463805393
3,D/d (20).csv,169,6,D,D,6.537087897741285e-06,7.201730376842967e-05,0.0013472308091413672,0.9556835444959548,0.042890670303237656
3,D/d (20).csv,169,7,D,D,4.9595078092783185e-06,8.435547883663006e-05,0.16829101395735865,0.8307199607979411,0.0008997102580541511
3,D/d (20).csv,169,8,D,D,5.0828632276331976e-06,0.00010290536869912572,0.17160228569912322,0.8258112030646583,0.002478523004291675
3,D/d (20).csv,169,9,D,D,4.960212945892015e-06,6.120498701878058e-05,0.18502203430776662,0.8140926220665266,0.0008191784257420923
3,D/d (20).csv,169,10,D,D,5.1357976142370354e-06,0.0018309805549659717,0.1822556018721586,0.8158864564646208,2.182531064047162e-05
3,D/d (20).csv,169,11,D,D,5.400448427770822e-06,7.94489396976288e-05,0.1431587965190611,0.8559598509045012,0.0007965031883123692
3,D/d (20).csv,169,12,D,D,4.969260929659052e-06,6.905648512708013e-05,0.1700692794390689,0.8291573636200424,0.0006993311948320126
3,D/d (20).csv,169,13,D,D,4.987067210320305e-06,0.0021485123741128856,0.16813058009295156,0.8296935866424636,2.2333823261561574e-05
3,D/d (20).csv,169,14,D,D,5.003441565470158e-06,0.001836504138369708,0.17982856237019307,0.8183104089703759,1.9521079495866214e-05
3,D/d (20).csv,169,15,D,D,5.153758635968211e-06,8.393964899276515e-05,0.16370725740789782,0.83453298858798,0.0016706605964935028
3,D/d (20).csv,169,16,D,D,5.343685103794316e-06,8.162223446290714e-05,0.12622951037199298,0.8728165600645195,0.0008669636439206896
3,D/d (20).csv,169,17,D,D,5.209065470250485e-06,0.17097184763676626,0.0032012926007480625,0.8257875264282216,3.412426879374618e-05
3,D/d (20).csv,169,18,D,B,0.0002121312931357792,0.883049506015706,3.310004772866e-05,6.367257299149441e-06,0.1166988953861305
3,C/c (15).csv,114,0,C,C,5.5880814196433244e-06,0.14668042686392865,0.8525544725090854,6.655270464668443e-06,0.0007528572751015321
3,C/c (15).csv,114,1,C,C,5.612663782919233e-06,0.005251282829916929,0.8999462391725542,0.09477512505320733,2.1740280538416674e-05
3,C/c (15).csv,114,2,C,C,5.5858418828457286e-06,0.0020591503038288592,0.8955154384205329,0.10239624327194742,2.3582161807915857e-05
3,C/c (15).csv,114,3,C,C,6.284228893302849e-06,0.0028339981883060096,0.9956381506204616,0.0004827882367874178,0.0010387787255516894
3,C/c (15).csv,114,4,C,C,6.998054719798462e-06,0.000104056268157224,0.9264636952952975,0.0010272819165611496,0.07239796846526439
3,C/c (15).csv,114,5,C,C,6.481062217108382e-06,6.841767593835191e-05,0.8901639133216711,0.10674021953474444,0.003020968405428925
3,C/c (15).csv,114,6,C,C,6.084774602118208e-06,6.385029645750024e-05,0.8772422710561645,0.1219681795985277,0.0007196142742481606
3,C/c (15).csv,114,7,C,C,6.127579518836189e-06,7.076059202379416e-05,0.8791347119843932,0.11989543501779094,0.0008929648262732555
3,C/c (15).csv,114,8,C,C,0.00018153644323457628,2.4601255221414693e-06,0.8783052449863948,0.11912835768156876,0.0023824007632795613
3,C/c (15).csv,114,9,C,C,5.975688381952385e-06,6.219978593407058e-05,0.8855717202541404,0.11340771149834086,0.0009523927732026827
3,C/c (15).csv,114,10,C,C,5.896498497035294e-06,6.524567492477739e-05,0.9076086103980981,0.09126638383161655,0.0010538635968634646
3,C/c (15).csv,114,11,C,C,5.801109237477616e-06,8.155670048744567e-05,0.9006711708763117,0.0006277269324733852,0.09861374438149008
3,C/c (15).csv,114,12,C,D,5.4192506571761625e-06,8.97336394299858e-05,0.1830687174251186,0.8159847688945926,0.0008513607902015545
3,C/c (15).csv,114,13,C,C,5.8705214400073105e-06,0.002881830652965881,0.916397860693577,0.08068951966554493,2.4918466472238113e-05
3,C/c (15).csv,114,14,C,C,5.807352182273565e-06,0.15366753797008678,0.8439443329710069,6.839888761844525e-06,0.002375481817962324
3,C/c (15).csv,114,15,C,C,5.979512947504833e-06,0.002198775553155358,0.9269705074725854,6.706000105885698e-06,0.0708180314612058
3,C/c (15).csv,114,16,C,C,6.244377649078378e-06,0.001990732131989785,0.9447440450470502,6.7180735286919385e-06,0.053252260369782194
3,C/c (15).csv,114,17,C,C,5.913020092537789e-06,0.14559473907362366,0.8529464185572985,5.585300840451441e-06,0.0014473440481449357
3,C/c (15).csv,114,18,C,C,5.460869607652225e-06,0.14052274853990532,0.8587161207165187,6.2056800406385554e-06,0.0007494641939277482
3,D/d (31).csv,180,0,D,E,6.080947848029684e-06,7.781825282900662e-05,0.001213027532600985,0.12063672613575116,0.8780663471309708
3,D/d (31).csv,180,1,D,D,5.842231072297387e-06,6.715137294574351e-05,0.0019807733243551277,0.8701703668755126,0.1277758661961142
3,D/d (31).csv,180,2,D,D,5.621409066546627e-06,6.625563413511865e-05,0.004053558067140697,0.8675935175932323,0.1282810472964253
3,D/d (31).csv,180,3,D,D,5.428562823163062e-06,6.41144396944462e-05,0.004358656837782094,0.8663501381197503,0.12922166203995003
3,D/d (31).csv,180,4,D,D,5.231059034709579e-06,6.497999392270864e-05,0.16819363159911627,0.8284621672589527,0.003273990088973632
3,D/d (31).csv,180,5,D,D,5.709600373754142e-06,7.318458376027217e-05,0.0013578781624381817,0.8862530607334457,0.11231016691998212
3,D/d (31).csv,180,6,D,D,6.758992438691402e-06,7.699591556098829e-05,0.0015360872943251031,0.923625689600797,0.07475446819687813
3,D/d (31).csv,180,7,D,E,6.537652736441245e-06,6.996979186259692e-05,0.0015633665159535425,0.11591365361801952,0.8824464724214278
3,D/d (31).csv,180,8,D,D,5.6223542800922435e-06,9.033772195713053e-05,0.0013654758353827503,0.8757638310320998,0.12277473305628031
3,D/d (31).csv,180,9,D,D,5.966658418610619e-06,0.12360690534672253,0.002146107457592126,0.8742136348665447,2.7385670722065768e-05
3,D/d (31).csv,180,10,D,D,5.831233993194828e-06,0.14359757526587674,0.0038541118180599157,0.8525196571775795,2.2824504490528424e-05
3,D/d (31).csv,180,11,D,D,6.628665111709768e-06,0.07091062923455616,4.8118417332246136e-05,0.9277709280163444,0.0012636956666555255
3,D/d (31).csv,180,12,D,D,6.651255021731307e-06,0.08981735496486831,0.0013905571259460348,0.9087597246637258,2.5711990438099054e-05
3,D/d (31).csv,180,13,D,D,5.412882830586824e-06,0.13551711280635734,0.001696206999031707,0.862749455745378,3.181156640247193e-05
3,D/d (31).csv,180,14,D,D,5.0224213562595795e-06,0.16320288433624294,3.444254820489644e-05,0.8344155687332943,0.0023420819609016956
3,D/d (31).csv,180,15,D,D,5.259049174953656e-06,8.746186470358531e-05,0.12626439841179557,0.8718765157915729,0.0017663648827532352
3,D/d (31).csv,180,16,D,D,5.467802242377485e-06,7.261036526707352e-05,0.0015902317733095946,0.8875228825853794,0.11080880747380155
3,D/d (31).csv,180,17,D,D,5.506836113480518e-06,6.794151528013408e-05,0.0020619971407742107,0.879741830480668,0.11812272402716428
3,D/d (31).csv,180,18,D,D,5.896497087814203e-06,0.00011098454807628113,0.16343517318525339,0.834662246566221,0.0017856992033616023
3,A/a (31).csv,30,0,A,A,0.9024155190207274,2.532809779443706e-06,3.2676928412741654e-05,0.09408596489267264,0.0034633063484078557
3,A/a (31).csv,30,1,A,A,0.9449948404396875,2.7479169739435655e-06,3.30871406853306e-05,0.00048662351968971557,0.05448270098296361
3,A/a (31).csv,30,2,A,A,0.9637957389329654,8.365792001156787e-05,0.001255385547240745,1.1240782449953173e-07,0.03486510519195783
3,A/a (31).csv,30,3,A,A,0.8836032496417922,2.6862004764061746e-06,0.0033990022173929057,6.122134305279404e-06,0.11298893980603315
3,A/a (31).csv,30,4,A,A,0.9020854914651601,7.725885178191453e-05,0.0012221193798144113,1.1938053587101434e-07,0.09661501092270773
3,A/a (31).csv,30,5,A,A,0.9059961511254846,2.3572625329599834e-06,0.0018295895630556273,0.09213950374802317,3.239830090355415e-05
3,A/a (31).csv,30,6,A,A,0.9023939705557709,2.592563262665547e-06,3.898052258741117e-05,0.09659537615071337,0.0009690802076656805
3,A/a (31).csv,30,7,A,A,0.8994467577395124,2.4106087982135237e-06,0.0014062489780810152,6.966753611411544e-06,0.09913761591999704
3,A/a (31).csv,30,8,A,A,0.9580886687479312,7.493500940206516e-05,9.38520374659542e-07,0.040861479626832474,0.0009739780954595424
3,A/a (31).csv,30,9,A,A,0.9530227350366306,2.664989843466926e-06,3.593958797429579e-05,0.0005133532066574715,0.04642530717889409
3,A/a (31).csv,30,10,A,A,0.9748349128953442,2.807703445982065e-06,3.5967590564829633e-05,0.024338405930269463,0.0007879058803755697
3,A/a (31).csv,30,11,A,A,0.9526212035286344,0.04661214047871782,9.55849854370942e-07,7.76692798849543e-06,0.0007579332148048705
3,A/a (31).csv,30,12,A,A,0.9521478216442399,0.04740855282333691,9.592658331994516e-07,0.0004205887895028742,2.2077477086871225e-05
3,A/a (31).csv,30,13,A,A,0.9662379092944624,0.0021867183654789967,9.354211591537759e-07,0.031549115719138154,2.5321199761211086e-05
3,A/a (31).csv,30,14,A,A,0.9626492038595299,0.00258664295537743,1.0333076898391735e-06,0.03474190550447751,2.121437292531686e-05
3,A/a (31).csv,30,15,A,A,0.8430819332589312,0.15521359072223026,7.747284564503782e-07,5.644551485962468e-06,0.001698056738895998
3,A/a (31).csv,30,16,A,A,0.8464573223780406,0.15268341295364482,8.641202073376221e-07,5.47729719666378e-06,0.0008529232509106356
3,A/a (31).csv,30,17,A,A,0.8670500826924078,0.13253450053297192,8.388765188736309e-07,0.0003930979108991943,2.1479987202155938e-05
3,A/a (31).csv,30,18,A,A,0.8527748165825622,0.14521494792523493,8.222596272950302e-07,5.462027768545659e-06,0.002003951204806972
3,A/a (32).csv,31,0,A,A,0.9685198757341577,7.861283369995755e-05,9.403561025460471e-07,0.00042993383877002546,0.03097063723726979
3,A/a (32).csv,31,1,A,A,0.886230876190806,0.0018177886963089286,3.2603669896537696e-05,1.0185231048660971e-07,0.11191862959067804
3,A/a (32).csv,31,2,A,A,0.9019389526713003,2.7034908740990463e-06,0.0013299065564025046,6.458136346932186e-06,0.09672197914507628
3,A/a (32).csv,31,3,A,A,0.9371990531844304,6.815736685850866e-05,9.238260633404257e-07,0.06150027745216826,0.0012315881704794457
3,A/a (32).csv,31,4,A,A,0.9466095474921082,2.5678419511945165e-06,4.566774490364985e-05,0.05230170452546558,0.001040512395571325
3,A/a (32).csv,31,5,A,A,0.9006167739851779,2.443573543974479e-06,0.0014222978110477707,0.09793698470148512,2.149992874522986e-05
3,A/a (32).csv,31,6,A,A,0.8888060551207183,2.427240551846862e-06,3.183696390187526e-05,0.10998156601413044,0.0011781146606975156
3,A/a (32).csv,31,7,A,A,0.9506568442984643,0.0023954642691599967,9.187066641893847e-07,0.04691521738604702,3.155533966441407e-05
3,A/a (32).csv,31,8,A,A,0.9246266147875534,0.07500001750020287,1.000350321369777e-06,0.0003523850069756568,1.998235494681404e-05
3,A/a (32).csv,31,9,A,A,0.9523588753618694,8.093277060374781e-05,0.001433033963909741,0.04612656847490865,5.894287085224681e-07
3,A/a (32).csv,31,10,A,A,0.9279766640759981,0.06974893801382519,1.0129133920903887e-06,7.409092850067127e-06,0.002265975903934618
3,A/a (32).csv,31,11,A,A,0.8763942873079563,0.002009982115365156,3.130688460998432e-05,1.0333271692025192e-07,0.12156432035935169
3,A/a (32).csv,31,12,A,A,0.9250005488246347,0.07227856384997858,3.42610050937889e-05,1.1055813200214604e-07,0.0026865157621609624
3,A/a (32).csv,31,13,A,A,0.8755542462879077,0.12370797253897495,8.600228687520872e-07,5.652039954769572e-06,0.0007312691102939337
3,A/a (32).csv,31,14,A,A,0.9451036524234199,0.05410000693189665,9.04729891904109e-07,7.00297230966141e-06,0.0007884329424819262
3,A/a (32).csv,31,15,A,A,0.9410429369672237,0.05817974774085227,9.335598962765313e-07,6.985389053464993e-06,0.0007693963429743687
3,A/a (32).csv,31,16,A,A,0.8571359676661797,0.14280895712620312,3.1368798398661625e-05,5.517597795243756e-06,1.8188811423111505e-05
3,A/a (32).csv,31,17,A,A,0.865053773848295,0.13369505484055727,8.337629226607784e-07,5.495666971433139e-06,0.0012448418812537252
3,A/a (32).csv,31,18,A,A,0.8388604383789885,0.160479763801849,7.573854081642305e-07,6.297376606338658e-06,0.0006527430571480776
3,E/e (36).csv,235,0,E,E,6.044770059261072e-06,0.09357144166385976,0.0014981955037322002,7.848886495208758e-06,0.9049164691758536
3,E/e (36).csv,235,1,E,E,6.621801745131565e-06,0.002664217466919978,0.002229312945218294,0.0005427259274452348,0.9945571218586713
3,E/e (36).csv,235,2,E,E,6.878733821954654e-06,0.006274500059154628,5.2315961128457797e-05,0.08100877649122476,0.9126575287546702
3,E/e (36).csv,235,3,E,B,5.925648607593309e-06,0.8775649104275298,5.4063014516635195e-05,0.0004396205009532613,0.12193548040839275
3,E/e (36).csv,235,4,E,E,5.832251271935726e-06,7.690062515788531e-05,0.1281207341817357,0.0004450943648981562,0.8713514385769363
3,E/e (36).csv,235,5,E,E,0.00021725128887303398,2.4688684257128747e-06,0.17453673574241038,0.000581652382604412,0.8246618917176863
3,E/e (36).csv,235,6,E,E,7.209192193257236e-06,8.171013616596035e-05,0.07697464034796209,0.0003940629863836134,0.9225423773372952
3,E/e (36).csv,235,7,E,E,7.1539568217199395e-06,8.424301913267175e-05,0.07339806205501642,0.00047784911394406916,0.9260326918550852
3,E/e (36).csv,235,8,E,E,6.291653739726883e-06,7.81421283005711e-05,0.09068448844905717,0.00046706177940011916,0.9087640159895023
3,E/e (36).csv,235,9,E,E,6.5815980557881735e-06,8.535010679880098e-05,0.07081753559340767,0.0005107760843675124,0.9285797566173701
3,E/e (36).csv,235,10,E,E,6.970904876421489e-06,0.002384449303926943,4.4886781165671947e-05,0.02565387145689358,0.9719098215531373
3,E/e (36).csv,235,11,E,E,6.251897334124677e-06,0.08398363720519597,0.001484764359931958,7.385079931997194e-06,0.914517961457606
3,E/e (36).csv,235,12,E,E,6.270457024652825e-06,8.595361345362733e-05,0.06972635389786061,0.00040807846295627215,0.9297733435687048
3,E/e (36).csv,235,13,E,E,6.475720322146319e-06,0.057984231953566515,0.0019156638947767817,8.117028846591257e-06,0.940085511402488
3,E/e (36).csv,235,14,E,E,6.708816536064495e-06,9.195694221612867e-05,0.07723553991367826,0.0004391729352050245,0.9222266213923644
3,E/e (36).csv,235,15,E,E,6.662300156834467e-06,9.823756780553618e-05,0.0769055103675259,0.0004932955808413968,0.9224962941836703
3,E/e (36).csv,235,16,E,E,6.08526127745081e-06,8.438899313237735e-05,0.08790347959592595,0.0008194584593070166,0.9111865876903572
3,E/e (36).csv,235,17,E,E,6.361036890362306e-06,8.990269374727442e-05,0.0018551608736325847,0.051014924307419295,0.9470336510883104
3,E/e (36).csv,235,18,E,E,8.17956018386727e-06,0.09076034390751228,4.440052302326763e-05,0.00090276115950753,0.908284314849773
3,E/e (38).csv,237,0,E,E,9.219219081577e-06,0.0035268106126968585,6.472761482820487e-05,0.056198124828714134,0.9402011177246792
3,E/e (38).csv,237,1,E,E,5.431660251158665e-06,0.1739733725375343,0.005568464880970744,7.274450939045432e-06,0.8204454564703048
3,E/e (38).csv,237,2,E,B,5.677252856955292e-06,0.8737048128889695,0.0017113760458896952,1.0267079409598822e-05,0.1245678667328742
3,E/e (38).csv,237,3,E,B,5.83950440843345e-06,0.8659097167234778,0.0012530764106082981,7.4141972423244255e-06,0.13282395316426315
3,E/e (38).csv,237,4,E,E,5.7800164763942995e-06,0.17405263719887887,3.385064075228463e-05,0.0003478329018771075,0.8255598992420152
3,E/e (38).csv,237,5,E,E,5.79506538872243e-06,7.881645688404602e-05,0.001949279345758777,0.11268542589959868,0.8852806832323697
3,E/e (38).csv,237,6,E,E,6.472649837969102e-06,7.025669967927957e-05,0.13726749206950067,0.000736068652299582,0.8619197099286825
3,E/e (38).csv,237,7,E,E,6.776312384723135e-06,0.058123750991611184,0.0014834163683597583,8.78321587496005e-06,0.9403772731117694
3,E/e (38).csv,237,8,E,E,6.315351064839905e-06,0.07045651442585457,0.00139836022022491,7.24384656655452e-06,0.9281315661562892
3,E/e (38).csv,237,9,E,E,6.347741083417125e-06,0.06891241303929774,0.001326789100451089,7.874563191561501e-06,0.9297465755559762
3,E/e (38).csv,237,10,E,E,6.634911891692933e-06,0.07941680632980298,0.0016697803038725994,7.2468311459715125e-06,0.9188995316232867
3,E/e (38).csv,237,11,E,E,7.5718360089410225e-06,0.11207170420784626,0.0016637386547009125,8.290140422405212e-06,0.8862486951610216
3,E/e (38).csv,237,12,E,E,6.065656597759702e-06,0.13400595407097043,0.001285546854427299,7.360282902128275e-06,0.8646950731351024
3,E/e (38).csv,237,13,E,E,6.511161335686828e-06,0.004677932214944663,0.0016839114873570035,0.0006177949252705771,0.9930138502110921
3,E/e (38).csv,237,14,E,E,6.930018266885146e-06,0.08927933701730162,0.0015766015109880125,8.578303217354863e-06,0.9091285531502261
3,E/e (38).csv,237,15,E,E,6.622094133419524e-06,0.09906980122674493,0.0016264479333347205,7.970693401113134e-06,0.8992891580523859
3,E/e (38).csv,237,16,E,E,6.098493799666626e-06,0.0029080732634189266,0.11184223761100115,9.280548534350792e-06,0.8852343100832459
3,E/e (38).csv,237,17,E,E,5.954883508987267e-06,0.10471725471020396,0.0016861757436687024,8.651383998122282e-06,0.8935819632786203
3,E/e (38).csv,237,18,E,E,6.849459562892485e-06,0.11624084696578767,0.002715982755236591,9.782848933411467e-06,0.8810265379704795
3,D/d (41).csv,190,0,D,D,5.187047478096848e-06,6.24211628369868e-05,0.1572592887233466,0.8387447432016396,0.003928359864698691
3,D/d (41).csv,190,1,D,D,5.418582356501408e-06,6.682980766103833e-05,0.005627837178119007,0.8678868167199947,0.1264130977118688
3,D/d (41).csv,190,2,D,D,5.05449106265478e-06,6.072263081713172e-05,0.16888052543078572,0.8270765258420784,0.003977171605256038
3,D/d (41).csv,190,3,D,C,5.301134740966932e-06,6.222379468094569e-05,0.872232892886178,0.12639507204098482,0.0013045101434153053
3,D/d (41).csv,190,4,D,D,5.26205129857146e-06,6.232786864801375e-05,0.17701379237856787,0.822028465865881,0.0008901518356044213
3,D/d (41).csv,190,5,D,D,5.526636229449768e-06,6.032760633266542e-05,0.17047170064007605,0.8286367364585365,0.0008257086588252168
3,D/d (41).csv,190,6,D,D,5.566649962222964e-06,7.392717183122056e-05,0.005525049680947607,0.8779198448748782,0.11647561162238068
3,D/d (41).csv,190,7,D,D,4.9974992141469025e-06,6.456915569216447e-05,0.17880748210766295,0.8201809273306964,0.0009420239067345244
3,D/d (41).csv,190,8,D,D,5.0542080998594476e-06,7.542886083197071e-05,0.15641919535985555,0.8414631842745082,0.0020371372967044558
3,D/d (41).csv,190,9,D,D,5.844456550317547e-06,0.004221296855263104,7.524340644438334e-05,0.9013686987701909,0.09432891651155133
3,D/d (41).csv,190,10,D,D,5.929618390618463e-06,0.00433138202423126,4.1828783018880116e-05,0.9049122567723114,0.09070860280204784
3,D/d (41).csv,190,11,D,D,5.535727234465346e-06,0.0023767646108172327,3.5260835482195794e-05,0.8831649074876384,0.11441753133882775
3,D/d (41).csv,190,12,D,D,5.507249194459458e-06,0.005245756694373901,0.1315862123790195,0.863131912081662,3.061159575004913e-05
3,D/d (41).csv,190,13,D,D,5.1518527240788365e-06,0.1569774451008093,0.0038162816875838114,0.8391717296789931,2.9391679889583123e-05
3,D/d (41).csv,190,14,D,D,5.336767829730327e-06,8.459266225087947e-05,0.17513040517606604,0.8234085167193094,0.0013711486745440842
3,D/d (41).csv,190,15,D,D,5.149213087090886e-06,0.005815503723383929,0.13779464566333408,0.8563317163744577,5.298502573702162e-05
3,D/d (41).csv,190,16,D,D,5.233861043252779e-06,9.383263356598795e-05,0.17901098801271526,0.8189441080607871,0.0019458374318882536
3,D/d (41).csv,190,17,D,D,5.530116493342209e-06,8.457227937516222e-05,0.13433545368372554,0.8627357346881321,0.0028387092322738976
3,D/d (41).csv,190,18,D,D,5.168647295453863e-06,0.17552390026596368,3.45675034612935e-05,0.8233882193654433,0.0010481442178361547
3,B/b (48).csv,97,0,B,B,6.712502652951776e-06,0.8995533947841514,0.0014281297168098055,7.873556777155011e-06,0.09900388943960875
3,B/b (48).csv,97,1,B,B,6.6710757945514875e-06,0.8933442714724855,0.0013156916238182428,7.066738395492488e-06,0.10532629908950612
3,B/b (48).csv,97,2,B,B,6.694114783231697e-06,0.912177388463578,0.004126098990145914,6.846539808798305e-06,0.08368297189168412
3,B/b (48).csv,97,3,B,B,5.923694932393964e-06,0.8374108492629964,0.16114326798097592,6.418133808693103e-06,0.0014335409272865035
3,B/b (48).csv,97,4,B,B,6.384505347404799e-06,0.9079259832584474,0.002138203652908954,7.922064189388783e-06,0.0899215065191068
3,B/b (48).csv,97,5,B,B,5.585813013619191e-06,0.8303125413207915,0.16797153882550894,6.436302982364525e-06,0.0017038977377036196
3,B/b (48).csv,97,6,B,B,6.587542792480362e-06,0.889688709165285,4.055214480648425e-05,0.10663331320907339,0.0036308379380426336
3,B/b (48).csv,97,7,B,B,6.757988597090821e-06,0.8856232626511428,4.6604517378390005e-05,0.002086276650394614,0.11223709819248702
3,B/b (48).csv,97,8,B,B,5.606340060259898e-06,0.8690898910718043,3.140341968261525e-05,0.0009822146861853183,0.12989088448226746
3,B/b (48).csv,97,9,B,B,5.489750557699947e-06,0.8671461100278399,0.0022548109357836085,6.071514240892055e-06,0.13058751777157787
3,B/b (48).csv,97,10,B,E,5.207499736893509e-06,0.189768331415294,0.001744179505876614,5.56351707978137e-06,0.8084767180620126
3,B/b (48).csv,97,11,B,E,5.379578498542235e-06,0.18316541322132976,0.0014102019108643432,8.421217761526431e-06,0.8154105840715458
3,B/b (48).csv,97,12,B,B,5.574431777472788e-06,0.8648423464146122,0.004185789887712733,6.266972055926587e-06,0.13096002229384168
3,B/b (48).csv,97,13,B,E,5.49270036852004e-06,0.17455026525698245,0.006261158165175694,5.897923220488098e-06,0.8191771859542529
3,B/b (48).csv,97,14,B,B,5.959913907242202e-06,0.8656326019282362,0.006840844530234643,6.270225069693906e-06,0.12751432340255228
3,B/b (48).csv,97,15,B,B,5.825626115641825e-06,0.8828919777478373,0.0016812123179631995,8.407960699139343e-06,0.1154125763473845
3,B/b (48).csv,97,16,B,B,5.539601975680402e-06,0.8916416946427198,0.0015604225486590413,6.743107875252441e-06,0.10678560009877011
3,B/b (48).csv,97,17,B,B,5.6623275350153605e-06,0.8683214332958985,0.0021980735942757567,5.789276752288016e-06,0.12946904150553848
3,B/b (48).csv,97,18,B,B,5.851417228118145e-06,0.8745280261074168,0.001242851454169994,5.957469676043896e-06,0.1242173135515091
3,C/c (3).csv,102,0,C,C,5.3676750323130095e-06,7.333441517465819e-05,0.8893277369097147,0.10950863705045769,0.0010849239496206248
3,C/c (3).csv,102,1,C,C,5.220779455992338e-06,7.60003513644472e-05,0.8853344013138801,0.11362840226497503,0.0009559752903243784
3,C/c (3).csv,102,2,C,C,5.449608878849808e-06,7.255495007791899e-05,0.8937749909636133,0.10479867161280704,0.0013483328646226231
3,C/c (3).csv,102,3,C,C,5.754381881238313e-06,6.640660722522992e-05,0.8816305550877953,0.11710217053335796,0.0011951133897402546
3,C/c (3).csv,102,4,C,C,0.0001872614785156358,2.3957927361059036e-06,0.8785294302185033,0.11900780315459,0.002273109355654838
3,C/c (3).csv,102,5,C,D,0.00017788897550085903,2.3236273875035357e-06,0.15470925422240747,0.84126985640138,0.00384067677332409
3,C/c (3).csv,102,6,C,C,6.197188274188249e-06,6.992958340842682e-05,0.8822344439902523,0.002067400485417844,0.11562202875264722
3,C/c (3).csv,102,7,C,C,5.666785621318421e-06,6.24554044419475e-05,0.8790602738435418,0.11842753281454678,0.0024440711518482947
3,C/c (3).csv,102,8,C,C,5.586575417645207e-06,6.410550713537303e-05,0.8854969817765694,0.1129097055035146,0.0015236206373629452
3,C/c (3).csv,102,9,C,C,5.782927300762322e-06,6.303284909214988e-05,0.888056230148099,0.11044572336914736,0.0014292307063607007
3,C/c (3).csv,102,10,C,C,5.8430543374008955e-06,6.309593015339585e-05,0.8748652737623428,0.12144220948245409,0.003623577770712287
3,C/c (3).csv,102,11,C,C,5.5534508093784256e-06,6.957219811532114e-05,0.8927433263448561,0.1063716158171055,0.0008099321891137302
3,C/c (3).csv,102,12,C,C,5.6433468807085164e-06,6.963378071919306e-05,0.8878473723959605,0.11129700356108403,0.0007803469153556795
3,C/c (3).csv,102,13,C,D,5.291050314754154e-06,7.15387367098282e-05,0.1732500434985152,0.823842596015864,0.0028305306985962446
3,C/c (3).csv,102,14,C,C,5.473290328002445e-06,7.038335402718218e-05,0.8870667155911625,0.0006502795180409951,0.11220714824644142
3,C/c (3).csv,102,15,C,C,5.4867777911388475e-06,0.003169797958709943,0.8997803848039528,6.727404643979546e-06,0.09703760305490221
3,C/c (3).csv,102,16,C,C,5.912346071668016e-06,0.004816543473695088,0.9282534935022482,8.612382656566117e-06,0.06691543829532848
3,C/c (3).csv,102,17,C,C,5.271684613234685e-06,0.16451308408371929,0.8342396774139287,6.695783317708047e-06,0.0012352710344212144
3,C/c (3).csv,102,18,C,C,5.7145388026631514e-06,0.1721131441794114,0.8269808939176927,6.496136553070399e-06,0.0008937512275402618
3,B/b (19).csv,68,0,B,B,7.288881486528564e-06,0.8894826605629315,5.2701285715247504e-05,0.001064673085082692,0.10939267618478411
3,B/b (19).csv,68,1,B,B,6.384860169653584e-06,0.9240486228293323,0.0012422551780824408,6.674586954851879e-06,0.07469606254546081
3,B/b (19).csv,68,2,B,B,6.55760400228968e-06,0.9042517740398724,0.0013316778576931553,6.771298567863817e-06,0.09440321919986416
3,B/b (19).csv,68,3,B,B,6.1941756917471575e-06,0.8435841687741664,0.15550566541047314,6.833972508697257e-06,0.0008971376671600914
3,B/b (19).csv,68,4,B,B,6.660035493065625e-06,0.9116933818060252,0.08690751368906241,7.661786606739504e-06,0.0013847826828125504
3,B/b (19).csv,68,5,B,B,5.28989748338201e-06,0.822409412109609,0.17521249909223235,5.638880499680649e-06,0.002367160020175475
3,B/b (19).csv,68,6,B,B,5.445584325234169e-06,0.8698245129906362,0.0019875966025861215,6.536885568096707e-06,0.1281759079368844
3,B/b (19).csv,68,7,B,C,5.940569962351123e-06,0.1465131257026434,0.8515426003625055,7.716857937081e-06,0.001930616506951541
3,B/b (19).csv,68,8,B,B,6.217229819130046e-06,0.9202927739839393,3.796001055801024e-05,0.0008170537318368091,0.0788459950438468
3,B/b (19).csv,68,9,B,B,5.868916840425829e-06,0.9147478092570238,0.08386006449570216,6.953150083585861e-06,0.0013793041803500203
3,B/b (19).csv,68,10,B,B,6.016276513736221e-06,0.9187606859290373,0.001988859378736364,6.6105042931840694e-06,0.0792378279114194
3,B/b (19).csv,68,11,B,B,5.690765574405659e-06,0.8802510607224527,3.299417107483786e-05,0.0003615276274764787,0.11934872671342163
3,B/b (19).csv,68,12,B,B,5.905711154285143e-06,0.8710609584756079,0.0012702157635831374,5.849784145962385e-06,0.1276570702655087
3,B/b (19).csv,68,13,B,B,6.001264031130207e-06,0.8767009931226997,0.0013106229787426375,6.781093717229851e-06,0.12197560154080939
3,B/b (19).csv,68,14,B,B,5.826369245483029e-06,0.8698580262433477,0.001269756471675308,6.24541776813872e-06,0.1288601454979633
3,B/b (19).csv,68,15,B,B,5.832920521517e-06,0.8767032364306455,0.0014820312825597505,5.979896173006513e-06,0.12180291947010023
3,B/b (19).csv,68,16,B,B,5.882195414390032e-06,0.9036156219723522,0.0034851570039990784,6.374979576984893e-06,0.09288696384865738
3,B/b (19).csv,68,17,B,B,5.763052895858695e-06,0.904847910333587,0.0014929902276074082,6.155766833523126e-06,0.09364718061907602
3,B/b (19).csv,68,18,B,B,5.915705960583522e-06,0.9368865667150934,0.0016873268648337565,7.480894114722068e-06,0.06141270981999756
3,C/c (10).csv,109,0,C,C,5.762003208384114e-06,0.003679364225252702,0.9289611062862526,1.1901519872631218e-05,0.06734186596541368
3,C/c (10).csv,109,1,C,C,5.10974023503576e-06,0.002838818873080047,0.8764802933777662,0.12064998406440036,2.5793944518307095e-05
3,C/c (10).csv,109,2,C,C,5.288534161819144e-06,7.363609778915359e-05,0.8754330247889803,0.12357408588561708,0.000913964693451808
3,C/c (10).csv,109,3,C,C,6.2899250607536446e-06,0.0021118846418124995,0.9430042802681574,0.0548514657329391,2.6079432030356777e-05
3,C/c (10).csv,109,4,C,C,6.067603688316247e-06,0.05749154106992672,0.9414841228521689,7.947827312238607e-06,0.0010103206469039014
3,C/c (10).csv,109,5,C,C,0.00023599318157952457,2.810751509482944e-06,0.8849932666948193,0.0003770606657259942,0.11439086870636574
3,C/c (10).csv,109,6,C,C,0.00022381971263969567,2.5142092092256676e-06,0.89762534137172,0.09974317548126195,0.0024051492251689365
3,C/c (10).csv,109,7,C,C,0.00021369205095265637,2.4552325956196186e-06,0.9152802399697892,0.08364521758520989,0.0008583951614526722
3,C/c (10).csv,109,8,C,C,0.00018694758764040124,2.6071629221080265e-06,0.9430042102436823,0.05557780225670784,0.0012284327490473688
3,C/c (10).csv,109,9,C,C,5.649815484343546e-06,6.64482298123812e-05,0.8909195698003158,0.10594436398709388,0.0030639681672935334
3,C/c (10).csv,109,10,C,C,5.99575260783233e-06,6.521313601606802e-05,0.8777825515645262,0.1212695353835779,0.0008767041632718916
3,C/c (10).csv,109,11,C,C,5.597530672828569e-06,6.594924064944344e-05,0.8761100495831738,0.12170493850381653,0.002113465141687474
3,C/c (10).csv,109,12,C,C,5.852511038690418e-06,6.625462221876186e-05,0.899355067817353,0.09672319988909808,0.003849625160291421
3,C/c (10).csv,109,13,C,C,5.796267977356213e-06,6.296257787991609e-05,0.8979297085728234,0.09822251572880554,0.003779016852513811
3,C/c (10).csv,109,14,C,C,5.580793913369976e-06,6.327229501941362e-05,0.906377056238299,0.08992496628417035,0.0036291243885978493
3,C/c (10).csv,109,15,C,C,5.546442074417014e-06,6.447234921395048e-05,0.8925928223806184,0.10602332247382493,0.0013138363542682444
3,C/c (10).csv,109,16,C,C,5.572836028567051e-06,6.57220213966706e-05,0.8860532413353019,0.1130006531437626,0.0008748106635101393
3,C/c (10).csv,109,17,C,C,6.316188727531457e-06,7.52084132552798e-05,0.9395936486015999,0.059441044492012256,0.0008837823044051047
3,C/c (10).csv,109,18,C,C,5.868419968170805e-06,8.628889146379705e-05,0.9592489667929228,0.03871522519602837,0.0019436506996167392
3,B/b (29).csv,78,0,B,B,5.754524132603578e-06,0.8825060715423525,3.370878260776468e-05,0.0003435861732378741,0.11711087897766927
3,B/b (29).csv,78,1,B,B,6.568258688572556e-06,0.9467430651943828,3.978503270653761e-05,0.0004984495546166316,0.052712131959605515
3,B/b (29).csv,78,2,B,B,6.763723518393176e-06,0.8889428265122971,0.0013748431479049022,7.541430267978862e-06,0.10966802518601158
3,B/b (29).csv,78,3,B,B,6.100345432255275e-06,0.8642513037346062,0.13465278378701923,6.130201454367253e-06,0.0010836819314877823
3,B/b (29).csv,78,4,B,B,5.5464283770792246e-06,0.8369531319391578,0.16243863001287856,0.0005796904143504365,2.3001205236145982e-05
3,B/b (29).csv,78,5,B,B,5.955193453939051e-06,0.8680061029338755,3.403158538156822e-05,0.001339485717136149,0.1306144245701529
3,B/b (29).csv,78,6,B,B,6.391589927779317e-06,0.884397322107177,3.410991211068383e-05,0.0010486084738421271,0.1145135679169424
3,B/b (29).csv,78,7,B,B,6.2245572924920475e-06,0.8851205323893114,3.2497896627315394e-05,0.0009857127238229436,0.11385503243294587
3,B/b (29).csv,78,8,B,B,5.770150639797661e-06,0.8959984223859367,3.6480442565628394e-05,0.0005168737333490702,0.10344245328750881
3,B/b (29).csv,78,9,B,B,6.094008442425045e-06,0.9092683497465412,0.0013857828393464046,6.419080540717628e-06,0.08933335432512919
3,B/b (29).csv,78,10,B,B,6.606993499113067e-06,0.9395450486394014,0.001537323634463279,6.543880152841947e-06,0.058904476852483456
3,B/b (29).csv,78,11,B,B,6.04862120060895e-06,0.8838796751286078,0.0012833763515600726,5.883277832550892e-06,0.114825016620799
3,B/b (29).csv,78,12,B,B,5.361795921451674e-06,0.8596510922280604,0.13786235850096326,7.3853311739477356e-06,0.0024738021438811047
3,B/b (29).csv,78,13,B,B,5.6059344191280794e-06,0.8865647965490849,0.0020211129621383267,6.038437614116868e-06,0.11140244611674342
3,B/b (29).csv,78,14,B,B,5.63517852175987e-06,0.8692270174063284,0.0012692883294341975,5.696174926372672e-06,0.1294923629107894
3,B/b (29).csv,78,15,B,B,5.723436807908946e-06,0.8772459956580235,0.0012196643386941208,5.8994615808808634e-06,0.12152271710489354
3,B/b (29).csv,78,16,B,B,5.679849328727607e-06,0.8661119729532252,0.001198373244949856,5.7248533524958414e-06,0.13267824909914358
3,B/b (29).csv,78,17,B,B,5.493051480322838e-06,0.8686433349729652,0.0011316269144235492,6.060189146974154e-06,0.13021348487198395
3,B/b (29).csv,78,18,B,B,6.249221808693861e-06,0.933344595884591,0.06540477026806628,6.817541729937685e-06,0.0012375670838042085
3,C/c (7).csv,106,0,C,C,5.510158546202213e-06,7.973914475937777e-05,0.89146742069941,0.10707657603300945,0.0013707539642749329
3,C/c (7).csv,106,1,C,C,5.205603843909328e-06,6.651772586649578e-05,0.8728822941667885,0.12621025058174007,0.0008357319217609817
3,C/c (7).csv,106,2,C,C,5.320090173350773e-06,6.833536496777379e-05,0.8843461319070404,0.1148256684982292,0.0007545441395893351
3,C/c (7).csv,106,3,C,C,5.403973084246688e-06,6.945093125887852e-05,0.895982410714816,0.10304481539857681,0.0008979189822640076
3,C/c (7).csv,106,4,C,C,5.436530940112231e-06,6.546490262430587e-05,0.8819502729079282,0.11375063741547384,0.004228188243033432
3,C/c (7).csv,106,5,C,C,5.612610275710366e-06,6.594735600678214e-05,0.9132867102611982,0.08297528783155554,0.003666441940963751
3,C/c (7).csv,106,6,C,C,6.055247164879833e-06,6.392552703927936e-05,0.9099424279626224,0.08685317388368594,0.003134417379487508
3,C/c (7).csv,106,7,C,C,0.0002039994933296707,2.4534603374426e-06,0.8800378604525444,0.11770437375573718,0.002051312838051349
3,C/c (7).csv,106,8,C,C,5.711526488289212e-06,6.331323753497908e-05,0.8808880699402171,0.11527937714713157,0.0037635281486279614
3,C/c (7).csv,106,9,C,C,5.570387810378614e-06,6.098020165764519e-05,0.8812830402514013,0.11706310749617235,0.0015873016629582703
3,C/c (7).csv,106,10,C,C,5.721440281482905e-06,6.511377368533537e-05,0.8778228050779298,0.12138258394990577,0.0007237757581976867
3,C/c (7).csv,106,11,C,C,6.126379022193265e-06,8.934365757824244e-05,0.9640571315671087,0.0349218178589732,0.0009255805373176568
3,C/c (7).csv,106,12,C,D,5.452348575274778e-06,0.002609072489601651,0.1828225193063924,0.8145420878699163,2.0867985514436468e-05
3,C/c (7).csv,106,13,C,C,5.7991635989117765e-06,6.527372121486249e-05,0.8882393261176702,0.11096239399394564,0.0007272070035702865
3,C/c (7).csv,106,14,C,C,5.579429354616067e-06,6.951753923361848e-05,0.9126062018085384,0.08623215388694065,0.0010865473359327942
3,C/c (7).csv,106,15,C,C,5.430658115959094e-06,6.953305827452575e-05,0.881256120343043,0.0006221248963176345,0.11804679104424881
3,C/c (7).csv,106,16,C,C,5.291511408542248e-06,7.321785466522413e-05,0.8723491146100807,0.0004399952764160177,0.1271323807474296
3,C/c (7).csv,106,17,C,C,6.149730869150997e-06,8.277410996989562e-05,0.963465670976961,0.035316320833404205,0.0011290843487957055
3,C/c (7).csv,106,18,C,C,5.625206465598712e-06,0.004453633347675714,0.9066616706063548,1.0534407354357891e-05,0.08886853643214951
3,B/b (30).csv,79,0,B,B,7.766505993775657e-06,0.9065419446325796,0.0013754955711647273,7.6083926489075665e-06,0.092067184897613
3,B/b (30).csv,79,1,B,B,5.72274105381291e-06,0.8806037438558599,0.0015266675132358503,7.012188232275152e-06,0.11785685370161815
3,B/b (30).csv,79,2,B,B,5.702653205786025e-06,0.836169460308361,0.16244329131537344,6.464952679311495e-06,0.0013750807703803766
3,B/b (30).csv,79,3,B,B,5.489002494263867e-06,0.8345927950641058,0.16429835484732586,6.3206752381611815e-06,0.0010970404108360744
3,B/b (30).csv,79,4,B,B,5.233832494376859e-06,0.8299012789055751,0.167046982850269,7.506156706071677e-06,0.0030389982549555066
3,B/b (30).csv,79,5,B,B,5.984475491719828e-06,0.883187491455001,3.839477941067493e-05,0.0017663737401146745,0.115001755549982
3,B/b (30).csv,79,6,B,B,6.5248735353702205e-06,0.8990331330768755,4.3965435716133024e-05,0.0015612368345065504,0.09935513977936644
3,B/b (30).csv,79,7,B,B,0.005794369141659079,0.8643611485868005,9.354742661409944e-07,6.047114382829081e-06,0.12983749968289143
3,B/b (30).csv,79,8,B,B,6.063987130790776e-06,0.9047945542448116,0.002107914415917202,6.165368516367957e-06,0.0930853019836242
3,B/b (30).csv,79,9,B,B,5.392760867202792e-06,0.8418546099259586,0.15578368623759373,5.664847302268039e-06,0.002350646228278352
3,B/b (30).csv,79,10,B,B,5.3739517178627215e-06,0.8502624410012597,0.14730664205712285,5.832494022388451e-06,0.002419710495877172
3,B/b (30).csv,79,11,B,B,5.448205755240274e-06,0.8735902539809421,0.0018865647850003784,6.341795784596908e-06,0.12451139123251763
3,B/b (30).csv,79,12,B,B,5.755338724609858e-06,0.8816660208940991,0.001562712868260814,5.8504575035483884e-06,0.11675966044141194
3,B/b (30).csv,79,13,B,B,5.6380166096650255e-06,0.8779380692037867,0.0013867267962068737,5.852611864001716e-06,0.12066371337153281
3,B/b (30).csv,79,14,B,B,6.126214559268738e-06,0.9367617690796237,0.0013497925548433154,6.518217610017402e-06,0.06187579393336387
3,B/b (30).csv,79,15,B,B,6.08268290753279e-06,0.9383372693808604,0.06071036723955125,6.957503942851973e-06,0.000939323192737957
3,B/b (30).csv,79,16,B,B,6.064662759197935e-06,0.9032600953187983,0.00182175082076853,6.205603518094656e-06,0.09490588359415593
3,B/b (30).csv,79,17,B,B,5.984491779204292e-06,0.8764661907470995,0.001234095501121657,5.925821172712352e-06,0.1222878034388268
3,B/b (30).csv,79,18,B,B,6.41670284563131e-06,0.9069678878635724,0.0016450414587686351,6.489191178786793e-06,0.09137416478363458
3,D/d (44).csv,193,0,D,D,0.00020494698487542854,2.633580970039682e-06,0.0017107861358877361,0.8814513258400242,0.11663030745824267
3,D/d (44).csv,193,1,D,D,5.424137181254537e-06,6.418570828790915e-05,0.005596167504536369,0.8662109224298837,0.12812330022011081
3,D/d (44).csv,193,2,D,D,5.3292926157962516e-06,6.715608308705146e-05,0.0051734786371889765,0.8815748234013585,0.11317921258574966
3,D/d (44).csv,193,3,D,D,5.127684988168774e-06,6.29523855613849e-05,0.15044629935399434,0.8461236101974715,0.0033620103779845737
3,D/d (44).csv,193,4,D,D,5.89129766534557e-06,6.955256916974648e-05,0.0029125504969449625,0.8739646864339219,0.12304731920229803
3,D/d (44).csv,193,5,D,D,6.193091239933276e-06,6.974394660057231e-05,0.0013091271415833325,0.8822971009670881,0.11631783485348811
3,D/d (44).csv,193,6,D,D,5.61604302196679e-06,6.314714820549575e-05,0.00244584565029334,0.8779995306651495,0.11948586049332965
3,D/d (44).csv,193,7,D,D,5.50184230328991e-06,6.874252601306693e-05,0.0012210417807507928,0.8753069239054475,0.12339778994548518
3,D/d (44).csv,193,8,D,D,5.057421542717897e-06,9.409505661533805e-05,0.15121255814460327,0.8477620137581865,0.0009262756190520419
3,D/d (44).csv,193,9,D,D,5.803706975902598e-06,0.0024806029147129587,0.13303749700997314,0.8644535466130666,2.2549755271241233e-05
3,D/d (44).csv,193,10,D,D,5.65453222377961e-06,0.16774313115149833,3.828948196627383e-05,0.8298873010072871,0.0023256238270245922
3,D/d (44).csv,193,11,D,D,5.467603365047727e-06,0.16466864823240512,0.0024259973252011213,0.8328793901526149,2.049668641390204e-05
3,D/d (44).csv,193,12,D,D,5.638231439758589e-06,0.1456943944727218,0.004280090341632361,0.8499866940717601,3.318288244605372e-05
3,D/d (44).csv,193,13,D,D,5.728028255097394e-06,0.1690372144454661,3.339384894245534e-05,0.8277835554821641,0.0031401081951722113
3,D/d (44).csv,193,14,D,E,6.46102615689934e-06,0.0037343929785985833,4.750144649871335e-05,0.11206228631092194,0.8841493582378239
3,D/d (44).csv,193,15,D,D,5.445852314883992e-06,7.213485984901646e-05,0.0014604428978338094,0.8806849735967601,0.11777700279324212
3,D/d (44).csv,193,16,D,D,5.2978703363943714e-06,7.854776601901358e-05,0.0014411346285509324,0.8925219549486995,0.10595306478639419
3,D/d (44).csv,193,17,D,D,5.419362532546154e-06,7.065935433673334e-05,0.15699099863451343,0.8400027582182621,0.0029301644303552795
3,D/d (44).csv,193,18,D,E,6.894973201303983e-06,0.1425008174983052,5.560037828079634e-05,0.0009359290382854412,0.8565007581119274
3,D/d (35).csv,184,0,D,D,5.636852092827874e-06,6.114215439287181e-05,0.16093277668364936,0.835779310655187,0.0032211336546779574
3,D/d (35).csv,184,1,D,E,6.174400555409783e-06,7.514465286096528e-05,0.0022970336364916424,0.12317814367167833,0.8744435036384136
3,D/d (35).csv,184,2,D,D,5.452536117138299e-06,7.113217716541672e-05,0.10972287176158883,0.8888720902164992,0.0013284533086293801
3,D/d (35).csv,184,3,D,D,5.553702856050428e-06,6.846373477694235e-05,0.11552304971214611,0.8832179724902578,0.0011849603599631872
3,D/d (35).csv,184,4,D,D,6.0983091205966565e-06,7.533583889674666e-05,0.001488383567084312,0.8909588042318539,0.10747137805304448
3,D/d (35).csv,184,5,D,D,0.00019107835342501895,2.693151173564264e-06,0.0013014514638533903,0.9362933229967003,0.06221145403484781
3,D/d (35).csv,184,6,D,D,0.00023244735179282915,2.421761569137549e-06,0.12311810345570068,0.8753638936914424,0.0012831337394950842
3,D/d (35).csv,184,7,D,D,0.00022095634250933962,2.8818080963843414e-06,0.05470644609251907,0.9439393205575417,0.0011303951993335052
3,D/d (35).csv,184,8,D,D,6.506946946963719e-06,6.993306912081547e-05,0.1442153317914171,0.8550093076763424,0.0006989205161724901
3,D/d (35).csv,184,9,D,D,5.685727542083922e-06,7.26587800757147e-05,0.1583531338018024,0.8408758928704783,0.0006926288201016602
3,D/d (35).csv,184,10,D,D,5.5014405971024556e-06,0.003169068817074617,0.1680021696693114,0.8288039103574495,1.9349715567346856e-05
3,D/d (35).csv,184,11,D,D,0.21387795677505014,6.70575279248716e-05,0.001765756919001036,0.7842886985414155,5.302366085313345e-07
3,D/d (35).csv,184,12,D,D,0.007526685504607548,8.085269015804183e-05,0.05069173470833865,0.941700028604063,6.984928327967719e-07
3,D/d (35).csv,184,13,D,D,0.2500934757868179,6.0918701666768405e-05,0.0012744318248788336,0.7485706792012777,4.944853589769096e-07
3,D/d (35).csv,184,14,D,D,0.00024108585417329732,2.9520239273027947e-06,0.11040240162633361,0.8884670628322698,0.0008864976632959325
3,D/d (35).csv,184,15,D,C,5.692338814616414e-06,6.77240076871094e-05,0.880358514275585,0.11859889136720304,0.0009691780107103319
3,D/d (35).csv,184,16,D,D,5.302169526149268e-06,7.152875970429399e-05,0.14893688187326184,0.8493579357504544,0.0016283514470532157
3,D/d (35).csv,184,17,D,D,5.1169750450826165e-06,0.007392175975385093,0.16921033048047132,0.8233584906072161,3.3885961882260336e-05
3,D/d (35).csv,184,18,D,B,0.00030364788671459686,0.9363216011670645,1.2814693469746786e-06,0.0008271001624109507,0.06254636931446296
3,A/a (22).csv,21,0,A,A,0.951466938951653,2.8330905111174077e-06,3.6085254458084124e-05,0.047458067999638705,0.0010360747037391142
3,A/a (22).csv,21,1,A,A,0.8986212046442276,6.449769938444282e-05,9.040989999909308e-07,0.10055935448907481,0.0007540390683132287
3,A/a (22).csv,21,2,A,A,0.9243204626816056,0.07358788143347013,8.868625723485762e-07,6.235997293193613e-06,0.002084533025058489
3,A/a (22).csv,21,3,A,A,0.9430979929617055,0.0018583874956180251,0.0550207968929176,1.0953784542963894e-07,2.2713111913753026e-05
3,A/a (22).csv,21,4,A,A,0.9700756076672122,2.786455792358482e-06,0.0016247533185761364,6.936174073033136e-06,0.02828991638434626
3,A/a (22).csv,21,5,A,A,0.9731397467430553,2.790378432838596e-06,3.6733201230266556e-05,0.026038280910124133,0.000782448767157435
3,A/a (22).csv,21,6,A,A,0.9088601397357051,2.6267279415965367e-06,3.467121495844083e-05,0.09026854648933275,0.0008340158320619986
3,A/a (22).csv,21,7,A,A,0.9050640713080504,2.4926849399615048e-06,3.2758151947224646e-05,0.09417147608825736,0.0007292017668049072
3,A/a (22).csv,21,8,A,A,0.924973791154595,0.0016754525762130595,9.105774849408078e-07,0.07333012382496079,1.972186674627784e-05
3,A/a (22).csv,21,9,A,A,0.9675782493494697,0.0018677263043518158,1.0198808840492298e-06,0.03052981356624278,2.3190899051600972e-05
3,A/a (22).csv,21,10,A,A,0.9031930595720221,0.0016070594283860487,0.09518034693123333,1.0960727034231399e-07,1.9424461088152223e-05
3,A/a (22).csv,21,11,A,A,0.9713802443059738,2.811880935159134e-06,0.001484413712002944,7.042784783079969e-06,0.027125487316305073
3,A/a (22).csv,21,12,A,A,0.9957596356026143,0.001981287166595493,0.0014157546185579275,1.1794049495858267e-07,0.000843204671737351
3,A/a (22).csv,21,13,A,A,0.972842580935423,2.9279894661558683e-06,0.0014599650286882175,0.025671387140592576,2.3138905830013582e-05
3,A/a (22).csv,21,14,A,A,0.9699176783840988,2.989685645567849e-06,3.5348933034772335e-05,0.029190796813011875,0.0008531861842088661
3,A/a (22).csv,21,15,A,A,0.9340059237354196,0.001781639218045843,9.090614872084181e-07,0.06418977138336732,2.1756601679997105e-05
3,A/a (22).csv,21,16,A,A,0.9642454792307786,0.001832220617772789,9.67678002861369e-07,0.03390057464624436,2.0757827201433054e-05
3,A/a (22).csv,21,17,A,A,0.9390691364095026,0.059536647970241816,1.123452062407397e-06,6.647825074608725e-06,0.001386444343118487
3,A/a (22).csv,21,18,A,A,0.9613644764578754,7.489979893909049e-05,0.001437614327187629,1.2888028389053446e-07,0.03712288053571393
3,C/c (24).csv,123,0,C,C,5.463590712712282e-06,0.12221138343083877,0.8773258808554736,0.0004376058475615138,1.9666275413559886e-05
3,C/c (24).csv,123,1,C,C,5.139952264509576e-06,0.1377000440693971,0.8615613584354382,0.0007104456737763372,2.301186912381238e-05
3,C/c (24).csv,123,2,C,C,5.3456589666972215e-06,0.0031026474920609506,0.8791036383106657,6.694706723304191e-06,0.1177816738315834
3,C/c (24).csv,123,3,C,C,5.5969787308293305e-06,0.0001040863942941994,0.9403767344784476,0.058227312468525486,0.0012862696800018671
3,C/c (24).csv,123,4,C,C,6.355312120076402e-06,9.68202117666e-05,0.9516040315108932,0.04700381316626062,0.0012889797989595801
3,C/c (24).csv,123,5,C,C,5.432566673222594e-06,0.00011377743693171445,0.8895627385387566,0.10881493888557939,0.0015031125720591661
3,C/c (24).csv,123,6,C,C,5.649520989471148e-06,6.959975056964136e-05,0.9027572689999539,0.09432381304750136,0.0028436686809856404
3,C/c (24).csv,123,7,C,C,6.2762217228781055e-06,6.682989315098068e-05,0.9466421894588523,0.05248806783177342,0.0007966365945005084
3,C/c (24).csv,123,8,C,C,6.227801264160744e-06,7.769728630051854e-05,0.8961298181664324,0.10296897052216614,0.0008172862238367231
3,C/c (24).csv,123,9,C,C,6.523361877529993e-06,0.00011213642789038111,0.9404525440561516,0.05781014122854818,0.0016186549255323074
3,C/c (24).csv,123,10,C,E,5.595635237194142e-06,7.043956632254983e-05,0.16964909360540267,0.0007033837486369795,0.8295714874444006
3,C/c (24).csv,123,11,C,D,5.455312587491992e-06,6.806558846554586e-05,0.17127966034798117,0.8251181692757189,0.003528649475246952
3,C/c (24).csv,123,12,C,C,6.062841862056071e-06,7.340384693368807e-05,0.9073491194850553,0.08964323986017388,0.0029281739659752174
3,C/c (24).csv,123,13,C,C,5.640712624676332e-06,0.14119767427859084,0.8564995778792363,1.2129030238454199e-05,0.0022849780993096976
3,C/c (24).csv,123,14,C,C,6.158480258536302e-06,0.0024000896763738096,0.9114425420286083,0.08612204934031195,2.91604744474835e-05
3,C/c (24).csv,123,15,C,C,6.369921387558947e-06,7.936991861274474e-05,0.9664123028819385,0.0004389773869422895,0.03306297989111899
3,C/c (24).csv,123,16,C,C,7.0255222526487905e-06,0.002335077717465879,0.9962932730500977,0.0004636454215675264,0.000900978288616077
3,C/c (24).csv,123,17,C,C,6.361734706765402e-06,0.0033101665094305687,0.9944916221838491,0.0009435535331616072,0.001248296038852069
3,C/c (24).csv,123,18,C,C,5.2231028363086145e-06,0.14386783409118067,0.8535521374790273,6.536754601916959e-06,0.002568268572353787
3,C/c (45).csv,144,0,C,C,6.153000191920424e-06,0.002444081285778574,0.961156018020537,0.0363658177394126,2.792995407996984e-05
3,C/c (45).csv,144,1,C,C,6.049419378304161e-06,0.004731843443781443,0.9931316995386691,0.0007305162900480651,0.0013998913081230003
3,C/c (45).csv,144,2,C,C,6.024477151796607e-06,0.0025025576018658084,0.9402292066933101,0.05723888952078382,2.3321706888432977e-05
3,C/c (45).csv,144,3,C,C,5.659019253897965e-06,7.501811691727207e-05,0.895035919318106,0.1018455664811456,0.0030378370645772574
3,C/c (45).csv,144,4,C,C,5.7763045327583655e-06,7.04592657565736e-05,0.889715620973279,0.00043159002236276955,0.10977655343406889
3,C/c (45).csv,144,5,C,C,5.582439396880152e-06,6.170239076836542e-05,0.8823141014781223,0.0018671250829574216,0.11575148860875513
3,C/c (45).csv,144,6,C,C,5.2851125048257886e-06,6.10954264471021e-05,0.8713787221008399,0.00048337578772765776,0.12807152157248056
3,C/c (45).csv,144,7,C,C,5.366023331051747e-06,6.494508517518064e-05,0.8727021606364899,0.002155751278802123,0.12507177697620175
3,C/c (45).csv,144,8,C,C,5.361757670856043e-06,6.610331939386506e-05,0.8730673361239709,0.0005278730442878314,0.12633332575467665
3,C/c (45).csv,144,9,C,C,5.563714682192951e-06,6.57300582458071e-05,0.8936901693410798,0.00044597021087713353,0.10579256667511514
3,C/c (45).csv,144,10,C,C,5.5684632517436576e-06,6.766607448077394e-05,0.9245257762874053,0.0726509419253203,0.002750047249541968
3,C/c (45).csv,144,11,C,C,5.285118592714835e-06,6.82848406847059e-05,0.8781432204749495,0.000489978013711409,0.12129323155206179
3,C/c (45).csv,144,12,C,C,6.065651584777446e-06,7.475357895178924e-05,0.9078316209103595,0.08946831704203902,0.002619242817064896
3,C/c (45).csv,144,13,C,C,6.056848538309563e-06,9.22699286523906e-05,0.9023004311416788,0.0005479884861525469,0.0970532535949779
3,C/c (45).csv,144,14,C,C,5.931071034711725e-06,0.0030700086635974608,0.8967109213892084,7.603045012634548e-06,0.10020553583114694
3,C/c (45).csv,144,15,C,C,6.046218438652148e-06,0.06982550544188712,0.9284016465445295,6.904570437269279e-06,0.0017598972247075378
3,C/c (45).csv,144,16,C,C,6.701207164864515e-06,0.00010001650940284465,0.8946802329354583,0.0012623801191791258,0.10395066922879491
3,C/c (45).csv,144,17,C,E,7.628358541930388e-06,0.1295257633209148,0.0037504382799109196,1.144842338461047e-05,0.8667047216172477
3,C/c (45).csv,144,18,C,C,5.3702485070033235e-06,0.17703035952291488,0.8221568287252652,6.049043054159965e-06,0.0008013924602588334
3,D/d (47).csv,196,0,D,D,0.006471663122808557,8.076315038995395e-05,1.1246777894813974e-06,0.893305648349097,0.100140800699915
3,D/d (47).csv,196,1,D,D,0.011646021590651309,3.2749172315139124e-06,4.448087720007722e-05,0.894655473122268,0.09365074949264908
3,D/d (47).csv,196,2,D,D,0.00803963957079741,3.349992021779262e-06,4.749488003215994e-05,0.8868896895566694,0.10501982600047935
3,D/d (47).csv,196,3,D,D,0.0002033127029737613,2.8710912950879057e-06,0.1005079259047433,0.8983027954285384,0.000983094872449394
3,D/d (47).csv,196,4,D,D,0.005986549013157502,2.7203122727106052e-06,0.09658232800572726,0.8974077838621453,2.0618806697295164e-05
3,D/d (47).csv,196,5,D,D,0.00017139453125495212,2.4670683900097823e-06,0.15589501614627294,0.8431711009414239,0.0007600213126582326
3,D/d (47).csv,196,6,D,D,0.0001967827731044056,2.5694706688231564e-06,0.11044051440629293,0.8885630619659746,0.0007970713839591438
3,D/d (47).csv,196,7,D,D,0.00023541701094434013,3.266258500633377e-06,0.0015513295102449129,0.9625063014281782,0.03570368579213204
3,D/d (47).csv,196,8,D,D,6.0430533795912e-06,0.002209648164747049,0.06027596563920005,0.9374798496541058,2.849348856751612e-05
3,D/d (47).csv,196,9,D,D,7.584075398244877e-06,0.002619373465775551,4.0749734550741785e-05,0.9341866945344431,0.06314559818983237
3,D/d (47).csv,196,10,D,D,7.1362715443926284e-06,0.05778348794367411,3.958947509605162e-05,0.9410336574109187,0.0011361288987666704
3,D/d (47).csv,196,11,D,D,6.804547434565754e-06,0.07759934116975496,3.750693415885587e-05,0.9201411434074975,0.0022152039411541358
3,D/d (47).csv,196,12,D,D,6.936408241326193e-06,0.13461721916244498,4.1380339825122774e-05,0.8644699397035305,0.0008645243859581752
3,D/d (47).csv,196,13,D,D,6.5816819200829886e-06,0.0936783280195229,4.0790402763999284e-05,0.9052938348954916,0.000980465000301414
3,D/d (47).csv,196,14,D,D,6.436954781524793e-06,0.07285437666501746,3.7485375026658414e-05,0.9258622847685387,0.0012394162366356962
3,D/d (47).csv,196,15,D,D,5.133812884278565e-06,0.002520223304735203,0.18398664121543784,0.8134703280222553,1.7673644687347176e-05
3,D/d (47).csv,196,16,D,D,5.1136007322602375e-06,0.0017343838282080006,0.18863250547071977,0.8096082560096038,1.97410907361065e-05
3,D/d (47).csv,196,17,D,C,5.425418680379554e-06,0.002470828043987981,0.8856385374451585,0.11186101321832188,2.419587385107056e-05
3,D/d (47).csv,196,18,D,B,5.605282837845418e-06,0.8764310203757077,5.428772896632056e-05,0.12237421539111609,0.0011348712213719637
3,E/e (16).csv,215,0,E,E,5.471377687567255e-06,0.17168555466587337,3.167605504375118e-05,0.00042028851991541644,0.8278570093814799
3,E/e (16).csv,215,1,E,E,6.514405821980752e-06,0.17027007307056746,0.0013110418992774708,7.588699652379102e-06,0.8284047819246808
3,E/e (16).csv,215,2,E,B,6.406390761533963e-06,0.8716709564864935,0.0030888041482101413,6.103688517031287e-06,0.12522772928601775
3,E/e (16).csv,215,3,E,E,6.5667325136934555e-06,0.1315212853875437,0.0019828098951222154,9.476958282962558e-06,0.8664798610265374
3,E/e (16).csv,215,4,E,C,6.240178368070916e-06,8.983025570970387e-05,0.8807198889107152,0.0013786700057536925,0.11780537064945339
3,E/e (16).csv,215,5,E,E,0.0001918110788597712,2.5500022798044056e-06,0.17739582700276565,0.0003941558430116722,0.8220156560730831
3,E/e (16).csv,215,6,E,E,6.432877463273052e-06,6.539113522879382e-05,0.15886364330028682,0.0004936987395236622,0.8405708339474974
3,E/e (16).csv,215,7,E,E,6.845128565439388e-06,0.056806438959943105,0.0014463767773299043,7.556928809216472e-06,0.9417327822053523
3,E/e (16).csv,215,8,E,E,6.1384444748511204e-06,0.0029765140365569692,3.5975200928338157e-05,0.05609232029527973,0.9408890520227601
3,E/e (16).csv,215,9,E,E,6.522936660324346e-06,0.004332771810162155,4.848015540520925e-05,0.029555924428185908,0.9660563006695864
3,E/e (16).csv,215,10,E,E,6.382469297062073e-06,0.002640532960665274,4.1762035836254345e-05,0.032440856550810256,0.9648704659833911
3,E/e (16).csv,215,11,E,E,6.24520903286138e-06,8.971058483937024e-05,0.07737354967574739,0.0004933172372153558,0.922037177293165
3,E/e (16).csv,215,12,E,E,6.511183734936093e-06,8.242949768941264e-05,0.089574627030214,0.0004734573300165681,0.9098629749583451
3,E/e (16).csv,215,13,E,E,5.8176866266888205e-06,0.00010092270009533761,0.11232400045932256,0.00047182301186564227,0.8870974361420898
3,E/e (16).csv,215,14,E,E,5.6892567314352595e-06,0.00010819834508230027,0.12406098930610635,0.0012279478199904612,0.8745971752720895
3,E/e (16).csv,215,15,E,E,5.563607473281075e-06,0.005154277343716001,0.16152912358792743,5.939130799412013e-06,0.8333050963300839
3,E/e (16).csv,215,16,E,E,5.4790370972441985e-06,0.00271056894534815,0.1772969095795202,6.718846003954639e-06,0.8199803235920303
3,E/e (16).csv,215,17,E,B,6.016772388472156e-06,0.8694881292801095,0.0019541411801421225,1.0752226676634922e-05,0.12854096054068326
3,E/e (16).csv,215,18,E,B,0.00021314674231784873,0.8873977214525712,1.1979586702380993e-06,0.0006711742439748714,0.11171675960246577
3,A/a (14).csv,13,0,A,A,0.9555274602080894,2.869819465948024e-06,3.8761666680799e-05,0.0004565883559421219,0.04397431994982166
3,A/a (14).csv,13,1,A,A,0.9610469761764815,2.7927178340834138e-06,3.532850282156466e-05,0.03811562407045857,0.0007992785324043054
3,A/a (14).csv,13,2,A,A,0.9723556826878208,0.001976777198450689,9.949895707776263e-07,0.025644150649700975,2.239447445675274e-05
3,A/a (14).csv,13,3,A,A,0.9064448603236079,2.6045902892777644e-06,3.2250445784545506e-05,0.00045469972639691,0.09306558491392118
3,A/a (14).csv,13,4,A,A,0.9587749754875109,2.5949225735902007e-06,3.85708916382362e-05,0.04036333593581978,0.0008205227624575025
3,A/a (14).csv,13,5,A,A,0.973744227852702,2.738418416140724e-06,3.393016300452613e-05,0.025382559095860433,0.0008365444700169616
3,A/a (14).csv,13,6,A,A,0.9002296859988412,2.401727453966803e-06,3.3668885520112786e-05,0.0989864667840358,0.000747776604148802
3,A/a (14).csv,13,7,A,A,0.9010249298623726,2.483478040921561e-06,0.001308632924855593,0.09764283291555038,2.1120819180713495e-05
3,A/a (14).csv,13,8,A,A,0.9112978937050691,2.389157836253397e-06,0.001285510476409678,0.08739422816746567,1.997849321915142e-05
3,A/a (14).csv,13,9,A,A,0.9354079541139485,6.749464349134312e-05,0.0011876480457058967,0.06333632968919012,5.735076641778121e-07
3,A/a (14).csv,13,10,A,A,0.9651244551497554,0.0018489980014925246,9.36912002953914e-07,0.0330035555984091,2.205433833991768e-05
3,A/a (14).csv,13,11,A,A,0.9485724658974147,0.05065774670467261,9.287611373685803e-07,6.3654996223875286e-06,0.000762493137152743
3,A/a (14).csv,13,12,A,A,0.9673675740003042,7.176807773511763e-05,0.0011965797171667298,1.1360402484709071e-07,0.03136396460076922
3,A/a (14).csv,13,13,A,A,0.957555350540866,0.0019387014835575576,9.876105138318808e-07,6.585632533503627e-06,0.04049837473252918
3,A/a (14).csv,13,14,A,A,0.9984724673471548,8.499449210669141e-05,4.349975522607555e-05,0.0004568284000716038,0.0009422100054408043
3,A/a (14).csv,13,15,A,A,0.9960135875831765,0.0018412007453108734,0.0013666343488404128,1.2021807860444747e-07,0.0007784571045935219
3,A/a (14).csv,13,16,A,A,0.9450150316229913,7.172723351975727e-05,0.05451892149937371,0.0003937267365182547,5.929075969639701e-07
3,A/a (14).csv,13,17,A,A,0.9346866091822695,0.06423523364847963,3.324820807377132e-05,1.0715143746698864e-07,0.0010448018097396813
3,A/a (14).csv,13,18,A,A,0.9400855185517343,0.059521777360955194,9.615536035108117e-07,0.00037049334191111124,2.1249191796218745e-05
3,A/a (42).csv,41,0,A,A,0.829196111503422,0.16856687128878117,7.591056622697801e-07,4.884236112148787e-06,0.0022313738660224612
3,A/a (42).csv,41,1,A,A,0.8465615920488883,0.1510771343383866,3.3259141780596427e-05,9.043245225557762e-08,0.0023279240384923407
3,A/a (42).csv,41,2,A,A,0.8476961979394734,0.1492668739691039,2.99727369427716e-05,9.294034843396243e-08,0.0030068624141316017
3,A/a (42).csv,41,3,A,A,0.8737730709602827,0.005574788396060261,8.332094864680661e-07,5.689806323631521e-06,0.12064561762784691
3,A/a (42).csv,41,4,A,A,0.9050980951697936,2.7779313678727888e-06,3.484355434669252e-05,0.0016867803763470281,0.0931775029681448
3,A/a (42).csv,41,5,A,A,0.892618099364015,2.5774993654926416e-06,0.0013491699758406352,0.10600748521079455,2.266794998419873e-05
3,A/a (42).csv,41,6,A,A,0.9276179335234056,7.315785530463605e-05,3.431826416428001e-05,0.07225213231811926,2.2458039006143565e-05
3,A/a (42).csv,41,7,A,A,0.9307011245471315,0.002241211584712247,3.572910120051631e-05,0.06702133740621159,5.973607441712038e-07
3,A/a (42).csv,41,8,A,A,0.860215739767634,0.139277610735694,3.029747330269833e-05,0.00047582165577398565,5.30367595412942e-07
3,A/a (42).csv,41,9,A,A,0.8621586723587252,0.13699767459707207,8.252699653918986e-07,0.0008217908841788898,2.1036890058590937e-05
3,A/a (42).csv,41,10,A,A,0.8762151899348496,0.12103232502872367,8.330924770278804e-07,6.64273703214974e-06,0.0027450092069175934
3,A/a (42).csv,41,11,A,A,0.8727857560383,0.12469099306767639,8.452195784119888e-07,9.142202226314131e-06,0.0025132634722189497
3,A/a (42).csv,41,12,A,A,0.8473535834417231,0.15135893159762012,0.0012683367095751605,9.681149909241396e-08,1.9051439582631496e-05
3,A/a (42).csv,41,13,A,A,0.8609655566383921,0.13857217930710408,3.266410022309305e-05,0.00042905587128335993,5.440829970434591e-07
3,A/a (42).csv,41,14,A,A,0.9216917106178679,0.07752229834237827,1.106284307802545e-06,6.5928201780872935e-06,0.0007782919352680143
3,A/a (42).csv,41,15,A,A,0.8703516613822162,0.0052478960510510255,0.12438079900159472,9.870476206587003e-08,1.954486037606241e-05
3,A/a (42).csv,41,16,A,A,0.8329586672785977,0.1660982356685462,9.161278775663831e-07,5.3524845857313175e-06,0.0009368284403928091
3,A/a (42).csv,41,17,A,A,0.8370674670958235,0.16223520651610443,7.831843306638553e-07,6.575591599652526e-06,0.0006899676121416863
3,A/a (42).csv,41,18,A,A,0.8382172358292008,0.16079435108224685,7.491486698511756e-07,1.3196704358351415e-05,0.0009744672355241645
4,A/a (1).csv,0,0,A,A,0.94592899080079,4.515728939450307e-05,2.0160974010710173e-07,0.000619600192640182,0.053406050107435404
4,A/a (1).csv,0,1,A,A,0.9525373364224313,1.1942515616426669e-06,0.0020120675853064957,9.918905174654126e-06,0.04543948283552595
4,A/a (1).csv,0,2,A,A,0.9313678883825124,1.3085172504189052e-06,0.0005944248021087902,1.0360376499300912e-05,0.0680260179216291
4,A/a (1).csv,0,3,A,A,0.9650822589963612,3.9394063119195284e-05,0.0007560477659526662,2.132785891387301e-07,0.03412208589597784
4,A/a (1).csv,0,4,A,A,0.8825555268811849,1.0786225474895256e-06,0.002129445820652219,9.28695539923542e-06,0.11530466172021626
4,A/a (1).csv,0,5,A,A,0.9144932041172804,1.15849074064154e-06,0.0005553818469208699,1.1645780133195036e-05,0.08493860976492495
4,A/a (1).csv,0,6,A,A,0.9659077313537803,4.197769416715935e-05,1.9032636078039834e-07,0.03317117386954879,0.000878926756142994
4,A/a (1).csv,0,7,A,A,0.9656975773563662,3.983396778978155e-05,1.8615000896383933e-07,0.0006674522920793001,0.03359495023375582
4,A/a (1).csv,0,8,A,A,0.9137133143376954,4.1257737953338114e-05,1.6570697667532355e-07,0.08529189954349162,0.0009533626738827876
4,A/a (1).csv,0,9,A,A,0.9670609236696086,1.2488349025472263e-06,1.0680854531848027e-05,0.03194024738734646,0.0009868992536106313
4,A/a (1).csv,0,10,A,A,0.9569033447156089,1.2966703126682606e-06,0.0006246055490605786,1.0923640018327466e-05,0.04245982942499959
4,A/a (1).csv,0,11,A,A,0.9294942311951305,1.2197034953546758e-06,9.716136206393801e-06,0.0005182515065642029,0.06997658145860347
4,A/a (1).csv,0,12,A,A,0.962670713451398,1.188309605290951e-06,0.0009523728733371954,1.3051481933959017e-05,0.036362673883725584
4,A/a (1).csv,0,13,A,A,0.9286849273938766,1.276587089823002e-06,1.022229891792037e-05,0.07046945134168496,0.0008341223784306618
4,A/a (1).csv,0,14,A,A,0.9205193917572384,1.1893058591217122e-06,0.07890195281850354,0.0005560316735288226,2.143444486991661e-05
4,A/a (1).csv,0,15,A,A,0.9446021119027206,0.0011763557974909526,0.054209243795741956,1.165626616273142e-05,6.322378836936768e-07
4,A/a (1).csv,0,16,A,A,0.892112434139077,3.5404715047747875e-05,0.10709406856169515,2.1215617520647358e-07,0.000757880428004995
4,A/a (1).csv,0,17,A,A,0.9394609206579946,0.0014314465134391422,1.9757970244645998e-07,0.05907629371425278,3.114153461100306e-05
4,A/a (1).csv,0,18,A,A,0.8883452989734147,0.11008527113191692,1.6827010029609678e-07,9.033119107147967e-06,0.00156022850546088
4,D/d (1).csv,150,0,D,D,0.015168785184240467,1.3710813862234222e-06,1.0361360052505686e-05,0.8778923640014403,0.1069271183728805
4,D/d (1).csv,150,1,D,D,0.021237116858703022,1.3469612493833067e-06,1.0886406775820422e-05,0.9008102893789267,0.07794036039434514
4,D/d (1).csv,150,2,D,D,0.0144121201266036,1.3433731108230956e-06,1.1572545133823236e-05,0.9204139086235588,0.06516105533159301
4,D/d (1).csv,150,3,D,D,0.013238219419930277,1.1779768523633308e-06,1.0408623939086899e-05,0.8839558199153364,0.10279437406394173
4,D/d (1).csv,150,4,D,D,0.33233379277562053,1.0257732181763714e-06,8.042873896768684e-06,0.6669512468672373,0.000705891710027191
4,D/d (1).csv,150,5,D,D,0.3403423610239287,9.770196700571941e-07,7.439365511704484e-06,0.658984568738909,0.0006646538519805731
4,D/d (1).csv,150,6,D,D,0.324006484082544,8.624484773752959e-07,0.001971906458472726,0.6739974788621383,2.326814836767637e-05
4,D/d (1).csv,150,7,D,D,2.4487447333823315e-05,3.267777731716292e-05,0.13785825736364557,0.8593961363075088,0.002688441104194469
4,D/d (1).csv,150,8,D,D,2.331785963330399e-05,0.0010884871997063968,0.1432878353054302,0.8555798709126747,2.048872255543065e-05
4,D/d (1).csv,150,9,D,D,2.7468336854951663e-05,3.753445714774932e-05,0.08159745878702122,0.9173856336428765,0.0009519047760996103
4,D/d (1).csv,150,10,D,D,2.5230388685220393e-05,3.8183002583910296e-05,0.11455139077218547,0.8846095563706319,0.0007756394659133789
4,D/d (1).csv,150,11,D,D,2.6355776954579166e-05,3.757762498631718e-05,0.06267080571733376,0.9334874152687064,0.0037778456120189305
4,D/d (1).csv,150,12,D,D,2.4193979200078623e-05,3.715529572120416e-05,0.1323883263108233,0.8643837225932725,0.0031666018209828687
4,D/d (1).csv,150,13,D,D,2.426785100686576e-05,4.231295758693973e-05,0.1153605574745304,0.8808747606578118,0.0036981010590638806
4,D/d (1).csv,150,14,D,D,2.2819903021655708e-05,4.18764476531346e-05,0.0005444547596625043,0.8681615215186332,0.13122932737102938
4,D/d (1).csv,150,15,D,D,2.447565956734896e-05,3.9031667216944054e-05,0.08949096320696272,0.9065314591467353,0.003914070319517783
4,D/d (1).csv,150,16,D,D,2.462332776864293e-05,3.956823839698963e-05,0.0015638806003840007,0.8784219890926444,0.11994993874080608
4,D/d (1).csv,150,17,D,D,0.0010229798857034924,0.13542905178510714,1.671863539164896e-07,0.8609981146487274,0.002549686494108037
4,D/d (1).csv,150,18,D,A,0.8877279782201533,0.003762505979065736,1.8614767911355205e-07,0.10848766699494373,2.1662658158280344e-05
4,C/c (14).csv,113,0,C,C,2.22212840469392e-05,0.1474958403085744,0.8517568912773122,0.0006990311852560241,2.6015944810460944e-05
4,C/c (14).csv,113,1,C,C,2.4499882022353287e-05,0.0036812118809765784,0.9416011863466579,0.05466879526990737,2.4306620435808182e-05
4,C/c (14).csv,113,2,C,C,2.4615094557812884e-05,0.0017468826594528057,0.9556705419948397,0.04252725491900339,3.070533214635096e-05
4,C/c (14).csv,113,3,C,C,2.2733877589561396e-05,0.0015885631462336743,0.877852664507007,0.12050648582199601,2.9552647173766987e-05
4,C/c (14).csv,113,4,C,D,2.5213451368738414e-05,3.880765180741882e-05,0.09304709085467974,0.9052082658774833,0.0016806221646609167
4,C/c (14).csv,113,5,C,C,2.3765424196516143e-05,3.327867350941639e-05,0.8577492450228434,0.14133998817957694,0.0008537226998736416
4,C/c (14).csv,113,6,C,C,2.4215718626670253e-05,3.311427207176875e-05,0.8727938078391657,0.12516319253561606,0.0019856696345198805
4,C/c (14).csv,113,7,C,C,2.376746316575986e-05,3.253228547831592e-05,0.8701289554019412,0.12626453674279361,0.0035502081066210805
4,C/c (14).csv,113,8,C,C,2.307161010525838e-05,3.1863235439927655e-05,0.8649680403077461,0.1334848244749769,0.0014922003717318163
4,C/c (14).csv,113,9,C,C,2.2535365924951056e-05,3.2182126251135805e-05,0.8634505828541467,0.13438924991289072,0.0021054497407866327
4,C/c (14).csv,113,10,C,C,2.202580263165126e-05,3.148301092306577e-05,0.851869628912388,0.1460289655906651,0.0020478966833921996
4,C/c (14).csv,113,11,C,C,2.3246364413641343e-05,3.3522030053750675e-05,0.871599450132368,0.12496499929448428,0.003378782178680415
4,C/c (14).csv,113,12,C,D,2.401863217386647e-05,4.124761637494814e-05,0.1352851803506648,0.8636797302969816,0.0009698231038049656
4,C/c (14).csv,113,13,C,D,2.363999865649215e-05,3.996509822523536e-05,0.13911788037977796,0.8583613714214688,0.0024571431018716072
4,C/c (14).csv,113,14,C,C,2.602331362630216e-05,0.0036938759130964644,0.993617824382423,0.0010554806574004706,0.0016067957334538626
4,C/c (14).csv,113,15,C,C,2.33966828626457e-05,0.12478118042198065,0.873359181583526,0.0018118268107019822,2.4414500928877023e-05
4,C/c (14).csv,113,16,C,C,2.32852331106277e-05,0.12464374456853437,0.8746526426347545,0.0006573373927659583,2.2990170834661614e-05
4,C/c (14).csv,113,17,C,C,2.5350433937063707e-05,0.1165131478217319,0.8817608105554313,0.0016671840064074652,3.3507182492098327e-05
4,C/c (14).csv,113,18,C,C,2.3739403979664747e-05,0.0024909811353891857,0.8793617959074801,0.11809813894286551,2.5344610285489072e-05
4,A/a (28).csv,27,0,A,A,0.9217067077449759,0.07590601360437699,1.7041819785869454e-07,1.1989701581346383e-05,0.0023751185308679796
4,A/a (28).csv,27,1,A,A,0.8719785838477663,0.0011280714453537255,9.185148039961784e-06,1.7967356538824307e-07,0.12688397988527472
4,A/a (28).csv,27,2,A,A,0.8801178967592502,3.562615086283144e-05,0.0007531437608219895,1.891706088261599e-07,0.11909314415845618
4,A/a (28).csv,27,3,A,A,0.8765968422588393,1.17552287942845e-06,0.002791211508128226,8.87767774687312e-06,0.12060189303240626
4,A/a (28).csv,27,4,A,A,0.8871378552125481,1.135479212967864e-06,0.11163652842087363,1.126415636241827e-05,0.0012132167310029745
4,A/a (28).csv,27,5,A,A,0.9305302946035462,1.1761692671950523e-06,0.06853565679404575,0.0009055943396611672,2.7278093479744462e-05
4,A/a (28).csv,27,6,A,A,0.8990691710414447,1.1183559808817782e-06,0.0006028938097462648,9.8882228761014e-06,0.10031692856995193
4,A/a (28).csv,27,7,A,A,0.8998488912330945,5.385992039206692e-05,0.0006028863822715408,1.9379652075213628e-07,0.0994941686677211
4,A/a (28).csv,27,8,A,A,0.9512341495217032,0.047427790155246785,1.7298054398994346e-07,0.0013143275492462395,2.355979325985805e-05
4,A/a (28).csv,27,9,A,A,0.9214800752533675,0.0013617401554717457,1.8294322869687768e-07,1.0650480753500125e-05,0.07714735116717869
4,A/a (28).csv,27,10,A,A,0.8746515698170054,4.1261416939077844e-05,0.0020306995809866125,1.867957887501232e-07,0.12327628238928008
4,A/a (28).csv,27,11,A,A,0.9054457137959392,3.732149863220551e-05,0.0005359416240976198,2.174107300595078e-07,0.09398080567060098
4,A/a (28).csv,27,12,A,A,0.9623564883849237,0.036733344350226446,1.9415158384400967e-07,1.211046087295989e-05,0.0008978626523930164
4,A/a (28).csv,27,13,A,A,0.9656506804758616,4.4462396255286175e-05,1.0927143808055046e-05,1.2063756526033064e-05,0.03428186622754901
4,A/a (28).csv,27,14,A,A,0.9548649877541472,0.04418979179812108,1.7516725702808187e-07,1.0742815840870451e-05,0.0009343024646341047
4,A/a (28).csv,27,15,A,A,0.9362685829878995,0.06277601550840008,1.645031702318241e-07,1.0277152853966628e-05,0.0009449598476763628
4,A/a (28).csv,27,16,A,A,0.8753438953191963,0.123781706278803,1.576079379705531e-07,9.092861277459392e-06,0.0008651479327854036
4,A/a (28).csv,27,17,A,A,0.8901549814774885,0.10896241334661377,1.588825511738333e-07,1.2221602725020288e-05,0.0008702246906215528
4,A/a (28).csv,27,18,A,A,0.9197341228263107,0.0025026775834651716,1.7191240407722102e-07,0.077730134142334,3.289353548620977e-05
4,A/a (49).csv,48,0,A,A,0.9655639096314798,3.9195467787957275e-05,1.7878578591222615e-07,0.0006307503854206703,0.03376596572952562
4,A/a (49).csv,48,1,A,A,0.906882616956968,3.627102959827525e-05,1.758948118010442e-07,0.09196955724333762,0.0011113788752841643
4,A/a (49).csv,48,2,A,A,0.8920205052182654,0.0014565893258752806,1.9662392261143543e-07,1.273171826876281e-05,0.10650997711366798
4,A/a (49).csv,48,3,A,A,0.945554749901718,0.05206271633686378,1.9672912070025278e-07,1.0399886722698394e-05,0.0023719371455747503
4,A/a (49).csv,48,4,A,A,0.8823246480359428,0.002121030508098326,1.5528992119493432e-07,9.048237899458156e-06,0.11554511792813828
4,A/a (49).csv,48,5,A,A,0.919687009407734,1.1585079494951955e-06,1.3912991129273632e-05,0.07915594686978511,0.0011419722234020627
4,A/a (49).csv,48,6,A,A,0.899783006275692,1.1544385360915905e-06,0.09939791855594851,0.0007942542200039032,2.366650981950879e-05
4,A/a (49).csv,48,7,A,A,0.9114598686101617,1.1962696126988411e-06,0.0017980304543347625,0.08671714047599555,2.3764189895425497e-05
4,A/a (49).csv,48,8,A,A,0.8928226631173106,0.0014827856618365091,1.6534442670597677e-07,1.966295415295191e-05,0.10567472292227316
4,A/a (49).csv,48,9,A,A,0.966263895677167,1.2666735944948996e-06,0.0006312902301897177,0.033076890613964155,2.6656805084795512e-05
4,A/a (49).csv,48,10,A,A,0.9431956541222587,1.1899023780398838e-06,0.0006295405445517608,1.1388335821120798e-05,0.05616222709499026
4,A/a (49).csv,48,11,A,A,0.9975720521819932,0.001833058911165568,0.0005599383121837419,1.138409788599842e-05,2.356649677143388e-05
4,A/a (49).csv,48,12,A,A,0.9972394299793406,0.0013537031995384686,0.0007939274571860509,0.0006122992622064739,6.401017283547301e-07
4,A/a (49).csv,48,13,A,A,0.970742959766634,4.2502696740093606e-05,1.0866066958504033e-05,1.1732081752371495e-05,0.02919193938791493
4,A/a (49).csv,48,14,A,A,0.9967425287668441,0.001494087039099831,0.0005810728018580053,2.2960355804715325e-07,0.0011820817886399094
4,A/a (49).csv,48,15,A,A,0.9646596316670032,4.117848308925794e-05,1.0136594714610956e-05,0.03526583345221191,2.3219802981099513e-05
4,A/a (49).csv,48,16,A,A,0.948575514675813,0.050520738777784985,1.777584982410612e-07,1.1126091815912244e-05,0.0008924426960876152
4,A/a (49).csv,48,17,A,A,0.8642129295154366,0.13424592444012493,1.57963634762167e-07,8.46366083950977e-06,0.0015325244199642847
4,A/a (49).csv,48,18,A,A,0.8859044098843855,0.11329486705124925,1.6957021791892153e-07,1.0392891053176854e-05,0.0007901606030943859
4,B/b (13).csv,62,0,B,B,2.6845772790974165e-05,0.918314966943891,0.0009570098679249561,1.140379690403037e-05,0.08068977361848907
4,B/b (13).csv,62,1,B,B,2.829247968614875e-05,0.9117547107349914,0.0007412578513199546,1.3852111894196452e-05,0.08746188682210841
4,B/b (13).csv,62,2,B,B,2.7113856895604125e-05,0.888315952701984,9.916681452660522e-06,0.0019320279959720596,0.1097149887636955
4,B/b (13).csv,62,3,B,B,2.5352186167046054e-05,0.8786202730125517,9.623388577076441e-06,0.0010207790618519323,0.12032397235085224
4,B/b (13).csv,62,4,B,B,2.657222022503091e-05,0.9185337575974626,0.0015254910222473592,1.754634203634924e-05,0.07989663281802853
4,B/b (13).csv,62,5,B,B,2.6524486973210046e-05,0.8663342409255544,0.1326982365263327,1.3981345567795474e-05,0.0009270167155717888
4,B/b (13).csv,62,6,B,B,2.4382388629243784e-05,0.8704931163955838,0.0005721239892896368,1.1532142250104386e-05,0.12889884508424707
4,B/b (13).csv,62,7,B,B,0.01396341946261892,0.8719975144090473,1.8852402023917348e-07,1.1491009293012756e-05,0.1140273865950206
4,B/b (13).csv,62,8,B,B,0.0007735927339586088,0.9081116270195008,0.0006374425598403874,0.09047662522353796,7.124631622712653e-07
4,B/b (13).csv,62,9,B,B,0.34608277330754,0.652501393283372,1.5741961629221983e-07,0.0013948159095780025,2.0860079893705015e-05
4,B/b (13).csv,62,10,B,B,2.9439736924935036e-05,0.9161001535496501,1.0568428004567251e-05,0.0005781851686464319,0.0832816531167739
4,B/b (13).csv,62,11,B,B,2.5872142836791198e-05,0.8790540461286289,0.0007079628231672795,1.0868393179271332e-05,0.12020125051218764
4,B/b (13).csv,62,12,B,B,2.453754276624377e-05,0.8724991218317151,0.12636480354122892,1.118211918723744e-05,0.001100354965102588
4,B/b (13).csv,62,13,B,B,2.670530781626348e-05,0.9087232321574568,0.0009792158791338166,0.09024194734888928,2.8899306703856182e-05
4,B/b (13).csv,62,14,B,B,2.8341968938212873e-05,0.9572278531219235,0.001056208793619322,1.192361814454322e-05,0.04167567249737437
4,B/b (13).csv,62,15,B,B,2.755157151947867e-05,0.9209040333728606,0.0006875487627020689,1.1799842079191499e-05,0.07836906645083856
4,B/b (13).csv,62,16,B,B,2.4478252152979816e-05,0.8690911850523259,0.000601633244728118,1.0978037364489899e-05,0.13027172541342857
4,B/b (13).csv,62,17,B,B,2.7492190525409835e-05,0.895776382414713,0.10293973096151256,1.0867055827616387e-05,0.0012455273774212704
4,B/b (13).csv,62,18,B,B,2.593821243910113e-05,0.897610660999409,0.10129578512578262,1.034284054356588e-05,0.0010572728218257174
4,C/c (22).csv,121,0,C,C,2.518597241326597e-05,0.07837915923848161,0.9206917005373855,0.0008825121999333942,2.1442051786315906e-05
4,C/c (22).csv,121,1,C,C,2.271425080270644e-05,0.0013778857450874793,0.8755739584793475,0.12300380461196112,2.163691280110144e-05
4,C/c (22).csv,121,2,C,C,2.3706718837088984e-05,0.0013922774515190118,0.9263444628997516,0.0722153650920949,2.418783779740391e-05
4,C/c (22).csv,121,3,C,E,3.065761269433583e-05,8.971941604986552e-05,0.10284154842406547,0.0020595877429624926,0.8949784868042278
4,C/c (22).csv,121,4,C,C,2.4624748991187668e-05,0.00480350375893658,0.8761125323210383,1.7709422363769626e-05,0.11904162974867022
4,C/c (22).csv,121,5,C,C,3.23903792796596e-05,0.050396204404747465,0.9489296341751619,0.000614679303158098,2.709173765289135e-05
4,C/c (22).csv,121,6,C,C,2.5092887661852483e-05,3.7288789284445215e-05,0.8665260822645577,0.0004514824132408829,0.13296005364525515
4,C/c (22).csv,121,7,C,C,2.5891353734340742e-05,3.872743531833837e-05,0.9432913577535202,0.0542493030974657,0.0023947203599615037
4,C/c (22).csv,121,8,C,C,3.040351443093917e-05,6.376718936061035e-05,0.8962454908904806,0.0020547562589104695,0.10160558214681742
4,C/c (22).csv,121,9,C,D,0.01945766166774554,0.09542269456955385,1.4294856094423139e-05,0.8851045399743228,8.089322833392308e-07
4,C/c (22).csv,121,10,C,C,2.6867344568232235e-05,0.08898999907255796,0.9102720867105056,0.0006874436720271293,2.360320034113944e-05
4,C/c (22).csv,121,11,C,C,2.5612858911962947e-05,0.11695804483248556,0.882479085454695,0.0005147150939238492,2.254175998372815e-05
4,C/c (22).csv,121,12,C,C,2.4168690005835553e-05,0.106176907021728,0.8920552522016284,1.0897124404285965e-05,0.001732774962233602
4,C/c (22).csv,121,13,C,C,2.442645905656751e-05,0.13047969721620423,0.8683153509731018,1.0606786641378721e-05,0.0011699185649961118
4,C/c (22).csv,121,14,C,C,2.603544902504875e-05,0.11356444433288543,0.8850779911558468,0.0012978667871344671,3.366227510829034e-05
4,C/c (22).csv,121,15,C,C,2.4309076745336073e-05,0.13848479127342486,0.8601502045381945,1.09395894712639e-05,0.0013297555221641717
4,C/c (22).csv,121,16,C,C,0.0005496584584416374,0.14533381507913226,0.8532732092237979,1.9836081459093537e-07,0.0008431188778137175
4,C/c (22).csv,121,17,C,C,2.3600569939933763e-05,0.15201477819589676,0.8470810896734265,9.269184416880969e-06,0.0008712623763199475
4,C/c (22).csv,121,18,C,C,2.4358705765106086e-05,0.14343857696339007,0.8552527589674865,9.104293506452095e-06,0.001275201069852018
4,A/a (9).csv,8,0,A,A,0.9570897746135055,0.04208563360448099,1.6952014494651508e-07,1.1774768455133688e-05,0.0008126474934133655
4,A/a (9).csv,8,1,A,A,0.9290119041395404,0.001208622416412285,1.820266259022027e-07,0.06975440421315324,2.4887204268264874e-05
4,A/a (9).csv,8,2,A,A,0.9603643416722782,0.03910163760636754,1.0085048666017987e-05,0.0005232968032388705,6.388694493846797e-07
4,A/a (9).csv,8,3,A,A,0.9568323386191202,0.04199150646708186,1.129815347018345e-05,2.0377029933923765e-07,0.001164652990028221
4,A/a (9).csv,8,4,A,A,0.9039517252679061,3.562131273044277e-05,0.0006159145251234122,2.0474504947222094e-07,0.0953965341491907
4,A/a (9).csv,8,5,A,A,0.8960481428993474,0.001196179285723841,1.0365483088319073e-05,2.102235299506742e-07,0.10274510210831057
4,A/a (9).csv,8,6,A,A,0.903409515861543,3.9541019739007256e-05,1.9503156384213326e-07,0.09568799412876984,0.0008627539583842249
4,A/a (9).csv,8,7,A,D,0.03110160254078049,6.373777709667653e-05,2.822665380541782e-07,0.8684951549465733,0.10033922246901163
4,A/a (9).csv,8,8,A,A,0.9082020181282147,4.5461854907345407e-05,2.1343623022897036e-07,0.09059482764559249,0.0011574789350551418
4,A/a (9).csv,8,9,A,A,0.9341636344873329,3.9664093443624195e-05,0.0005148853526830441,0.06528116420910009,6.518574404885654e-07
4,A/a (9).csv,8,10,A,A,0.9531439033375136,0.04562976557503313,1.0477837767245169e-05,0.0012152326927367988,6.205569493459896e-07
4,A/a (9).csv,8,11,A,A,0.9556609003108709,0.04356863376693593,1.86852470886755e-07,1.0827463559775973e-05,0.0007594516061624547
4,A/a (9).csv,8,12,A,A,0.8810607682619572,0.11770951669614597,1.1591190758439541e-05,1.962359594313586e-07,0.001217927615178622
4,A/a (9).csv,8,13,A,A,0.928710925805038,0.07028128128317068,1.0046629439472402e-05,0.0009971053280414264,6.409543103951359e-07
4,A/a (9).csv,8,14,A,A,0.9272521179458694,0.07187601319312158,1.838634885829799e-07,1.323940504717503e-05,0.0008584455924733724
4,A/a (9).csv,8,15,A,A,0.958302271797668,0.04109208353639805,9.584293479031138e-06,0.0005954449496519768,6.154228029758417e-07
4,A/a (9).csv,8,16,A,A,0.997305491363166,0.0014586425770110024,0.0006853673927397033,0.0005498539453216941,6.447217615645533e-07
4,A/a (9).csv,8,17,A,A,0.9441434482109557,0.05498212913241594,1.8332379904206346e-07,1.0514496027458863e-05,0.0008637248368019715
4,A/a (9).csv,8,18,A,A,0.9513781766695205,0.04785827858986402,1.7849507659851697e-07,0.0007399463680347945,2.3419877504306533e-05
4,C/c (47).csv,146,0,C,C,2.352387633685319e-05,0.0054775275261681735,0.8752675113515574,0.11920944587912642,2.1991366811264614e-05
4,C/c (47).csv,146,1,C,C,2.376096733754748e-05,0.0040698106509202275,0.9125788797429645,0.08330170237849044,2.584626028724905e-05
4,C/c (47).csv,146,2,C,C,2.5769782215247876e-05,0.004269486800871909,0.9361802975476762,0.059502046303892206,2.23995653445696e-05
4,C/c (47).csv,146,3,C,C,2.429563261548908e-05,0.0021360477150012113,0.8932486164049018,0.10456914131445547,2.1898933025996317e-05
4,C/c (47).csv,146,4,C,C,2.611256904858694e-05,0.0016354919792567623,0.9603605848184431,0.03795442542171109,2.3385211540497525e-05
4,C/c (47).csv,146,5,C,C,2.4663651194289654e-05,4.249379418749947e-05,0.960770659691943,0.03635253067525455,0.0028096521874206096
4,C/c (47).csv,146,6,C,C,2.2654426421054202e-05,3.54326688784563e-05,0.8737838408381047,0.12295618322196877,0.0032018888446269196
4,C/c (47).csv,146,7,C,C,2.27567531396634e-05,3.4809700636638975e-05,0.872155788724022,0.12348058996147333,0.0043060548607281885
4,C/c (47).csv,146,8,C,C,2.346719616511201e-05,3.659894420563694e-05,0.8664714507473894,0.0018553587601652937,0.13161312435207448
4,C/c (47).csv,146,9,C,C,2.3474610383863366e-05,4.0093089143465786e-05,0.8732489143868768,0.12370042349663841,0.002987094416957421
4,C/c (47).csv,146,10,C,C,2.2091097955237816e-05,3.533099235631678e-05,0.8660087211610781,0.0015085983177078619,0.13242525843090253
4,C/c (47).csv,146,11,C,C,2.3997219334189382e-05,0.0017528312361879425,0.9077366120663128,1.109348852265122e-05,0.09047546598964228
4,C/c (47).csv,146,12,C,C,2.3242163229154746e-05,4.949500878463452e-05,0.8951609542586808,0.0009880426476303432,0.10377826592167512
4,C/c (47).csv,146,13,C,C,2.3889281553157465e-05,4.139513535242975e-05,0.8894034915824548,0.10731428010057892,0.0032169439000606665
4,C/c (47).csv,146,14,C,C,2.456847669925899e-05,4.17924375418402e-05,0.9018956909522449,0.00047123269329736687,0.09756671544021665
4,C/c (47).csv,146,15,C,C,2.403879439335978e-05,0.001473903890033992,0.8766221607212894,1.0361733831487299e-05,0.12186953486045185
4,C/c (47).csv,146,16,C,C,2.606351338589677e-05,0.001969732454386716,0.9955483945581293,0.0007860530893197859,0.0016697563847782723
4,C/c (47).csv,146,17,C,C,2.378724952512098e-05,0.11147490943066021,0.8875479464173984,1.1373000561011825e-05,0.0009419839018552292
4,C/c (47).csv,146,18,C,C,2.525283003684506e-05,0.10882687630244976,0.8905822071838766,0.0005423619750385328,2.3301708598354024e-05
4,D/d (19).csv,168,0,D,D,2.2454944747087885e-05,3.50087781048566e-05,0.002295827193243256,0.865128535307022,0.13251817377688263
4,D/d (19).csv,168,1,D,D,2.4378459963299846e-05,3.570675230006391e-05,0.14894539833791925,0.8500427221039216,0.0009517943458956734
4,D/d (19).csv,168,2,D,D,2.2312135388849765e-05,3.3740873396100694e-05,0.1474811228562369,0.8492258016500511,0.003237022484927099
4,D/d (19).csv,168,3,D,D,2.3732766225211005e-05,0.0023352987745239493,1.0364699494259066e-05,0.8696049743811386,0.128025629378618
4,D/d (19).csv,168,4,D,D,2.5585002639137847e-05,3.765879822942061e-05,0.1215711396513845,0.8775273323178836,0.0008382842298633982
4,D/d (19).csv,168,5,D,D,0.014984635476743296,1.4252592540761139e-06,0.06315629450653201,0.9218327689293553,2.4875828115307537e-05
4,D/d (19).csv,168,6,D,D,2.596761335592042e-05,0.0017152763429365368,1.0376050833073264e-05,0.9448814740642522,0.05336690592862226
4,D/d (19).csv,168,7,D,D,2.46933513426163e-05,0.001593215513000458,0.0749987340108397,0.9233583338622278,2.5023262589489186e-05
4,D/d (19).csv,168,8,D,D,2.5562762657514283e-05,0.0016733487106158577,0.12634268916899927,0.8719327187943131,2.5680563414143368e-05
4,D/d (19).csv,168,9,D,D,0.01544964451993675,4.333436235727557e-05,0.05445669517115692,0.930049631821422,6.941251270037036e-07
4,D/d (19).csv,168,10,D,D,2.3861121521725483e-05,3.76571247134346e-05,0.13077721686685237,0.8683546376441186,0.0008066272427938128
4,D/d (19).csv,168,11,D,D,2.8513192106386113e-05,4.092272320250666e-05,0.07741215299322896,0.9217077924244388,0.0008106186670233194
4,D/d (19).csv,168,12,D,D,0.0006528880633934399,4.869867614742275e-05,0.03561477078902367,0.9636551525810024,2.848989043299388e-05
4,D/d (19).csv,168,13,D,D,0.0006799626854756185,4.789740589004937e-05,0.0006793784303775874,0.9976186585279575,0.0009741029502992033
4,D/d (19).csv,168,14,D,D,0.0006624431826676854,0.003947225428057001,0.031807703999825424,0.9635819635492934,6.638401564794117e-07
4,D/d (19).csv,168,15,D,D,2.4803958918605754e-05,0.0028104533947509707,0.11808651830189633,0.8790563002900856,2.1924054348425502e-05
4,D/d (19).csv,168,16,D,D,2.235790038263916e-05,0.001251296428995649,0.1531219637722996,0.8455830673065489,2.1314591773034617e-05
4,D/d (19).csv,168,17,D,D,2.3959814615024083e-05,0.14894733929497767,0.002429747337553395,0.8485769446815501,2.200887130378339e-05
4,D/d (19).csv,168,18,D,E,0.0010483619282047325,0.004260935406786034,0.06744147771532616,3.3176345668597137e-07,0.9272488931862264
4,A/a (27).csv,26,0,A,A,0.9477951087117763,4.0057589986537496e-05,1.776710971731962e-07,0.000702314680044091,0.05146234134709596
4,A/a (27).csv,26,1,A,A,0.8949098404341472,1.1849910672590904e-06,0.00046642051298943267,9.51929235381906e-06,0.10461303476944218
4,A/a (27).csv,26,2,A,A,0.9597133791186082,1.273568382340294e-06,0.0006282503478493973,1.103584304492532e-05,0.03964606112211511
4,A/a (27).csv,26,3,A,A,0.8777415274555602,3.4648615275782144e-05,8.591565343800063e-06,9.389000484436812e-06,0.12220584336333583
4,A/a (27).csv,26,4,A,A,0.8803823396831383,3.550175809658746e-05,1.656157508980939e-07,0.0004904044478706054,0.11909158849514355
4,A/a (27).csv,26,5,A,A,0.9007617901161619,1.183975245052625e-06,8.806955716740599e-06,0.000969303494010049,0.09825891545886638
4,A/a (27).csv,26,6,A,A,0.9581564841142872,4.1964355003386923e-05,1.8067611718416582e-07,0.0006770177044410658,0.041124353150151095
4,A/a (27).csv,26,7,A,A,0.8744971859636953,4.475031863325077e-05,1.8584405844219787e-07,0.0006700899382689213,0.12478778793534417
4,A/a (27).csv,26,8,A,A,0.8818576339014051,0.0012547450046377917,9.115257139347877e-06,1.951728404425047e-07,0.11687831066397734
4,A/a (27).csv,26,9,A,A,0.8835869550329654,1.1846572004233335e-06,8.94735134707339e-06,0.0004909866162278027,0.11591192634225936
4,A/a (27).csv,26,10,A,A,0.9022915632983789,1.197867074012152e-06,9.105791967763535e-06,0.000593727423975806,0.09710440561860363
4,A/a (27).csv,26,11,A,A,0.950820311785068,1.173522706022599e-06,0.048452419735144976,0.0006953602446910048,3.073471238988602e-05
4,A/a (27).csv,26,12,A,A,0.9542816668528573,1.287598324893397e-06,1.0159176434610927e-05,0.0005652279710058739,0.04514165840137717
4,A/a (27).csv,26,13,A,A,0.9580202370343807,0.04096152337756884,1.8169986403914296e-07,1.5700144047070928e-05,0.0010023577441395145
4,A/a (27).csv,26,14,A,A,0.8825623016392573,0.0013619172710232171,9.019795866187365e-06,1.9507928823975935e-07,0.11606656621456504
4,A/a (27).csv,26,15,A,A,0.9328100424850603,0.0017227418557153537,1.927050436449959e-07,1.0812391679949443e-05,0.0654562105625009
4,A/a (27).csv,26,16,A,A,0.8814930206628622,0.0015115325055821591,1.640723739607132e-07,9.159945815167446e-06,0.11698612281336654
4,A/a (27).csv,26,17,A,A,0.8659498234656231,0.13307065210592758,8.203335608917155e-06,1.73380470371285e-07,0.0009711477123699534
4,A/a (27).csv,26,18,A,A,0.8695364418243948,0.12837634318616184,8.211645411231483e-06,1.8466609106039039e-07,0.002078818677940886
4,C/c (19).csv,118,0,C,C,2.321796352553236e-05,0.004691535192511555,0.8990208460437211,0.09624223114744289,2.2169652798723058e-05
4,C/c (19).csv,118,1,C,C,2.5334360372252674e-05,0.0019072419983647785,0.9600294986759201,0.03801132635164412,2.659861369871349e-05
4,C/c (19).csv,118,2,C,C,2.4465378872826098e-05,0.07579437153568591,0.9231523784573029,1.2501104725537752e-05,0.0010162835234127688
4,C/c (19).csv,118,3,C,C,2.306860259344517e-05,0.14047611116205136,0.8585770912181936,0.0009022719387684298,2.145707839318204e-05
4,C/c (19).csv,118,4,C,C,2.2942932343598188e-05,0.1573737662551901,0.8416514252259231,1.2436636174360034e-05,0.000939428950368791
4,C/c (19).csv,118,5,C,C,2.558662834716839e-05,0.005278026516151896,0.8844909011929502,0.1101850422405219,2.0443422028811777e-05
4,C/c (19).csv,118,6,C,B,2.8963700920204588e-05,0.8869218561260568,0.0028692136102847344,0.11015183773593792,2.8128826800422213e-05
4,C/c (19).csv,118,7,C,C,2.7005921739600583e-05,4.0801388947946656e-05,0.897317652719521,0.1009391370077887,0.001675402962002808
4,C/c (19).csv,118,8,C,C,2.576432636880373e-05,3.997189399311393e-05,0.9505197384064284,0.04821283548747483,0.0012016898857347344
4,C/c (19).csv,118,9,C,C,2.4286427473582276e-05,3.950906089349627e-05,0.901855892707643,0.09719444675059294,0.0008858650533970579
4,C/c (19).csv,118,10,C,C,2.555513176323164e-05,4.7410294312409e-05,0.9611765994155878,0.03771109134353927,0.0010393438147974347
4,C/c (19).csv,118,11,C,C,2.3291225032101644e-05,4.966009620978274e-05,0.885598414697126,0.0016268547322708597,0.1127017792493614
4,C/c (19).csv,118,12,C,B,2.5916492982421582e-05,0.8817933964540203,0.11609634406800808,0.002012565296958402,7.177768803084213e-05
4,C/c (19).csv,118,13,C,C,2.435053665393996e-05,0.004879667353908608,0.8744618898983944,0.12061287880963174,2.1213401411385368e-05
4,C/c (19).csv,118,14,C,C,2.3832883468975773e-05,0.11528817038655002,0.8836871282205023,1.2600737505699257e-05,0.0009882677719728575
4,C/c (19).csv,118,15,C,C,2.281698562560619e-05,0.13717454180589705,0.8622281448012417,0.0005523886332657495,2.2107773969792848e-05
4,C/c (19).csv,118,16,C,C,2.2753091603294717e-05,0.14468131452274174,0.8542038199855153,0.001071559216823648,2.05531833159535e-05
4,C/c (19).csv,118,17,C,C,2.246005884424569e-05,0.1387881322390715,0.8602487484646066,0.0009154807854636279,2.5178452013994877e-05
4,C/c (19).csv,118,18,C,C,2.4926353879641195e-05,0.12541466298663223,0.8727269758435908,0.0018109370069860863,2.2497808911236783e-05
4,E/e (44).csv,243,0,E,B,2.3583840780353242e-05,0.8593675607654138,0.0015098739196755882,1.6335888403129777e-05,0.13908264558572703
4,E/e (44).csv,243,1,E,E,2.3540447529032002e-05,0.16014454118015492,9.791259641965893e-06,0.000934187342654198,0.8388879397700197
4,E/e (44).csv,243,2,E,B,2.3494087134163687e-05,0.8544806281329494,9.61620697670829e-06,0.0019014456781556782,0.1435848158947839
4,E/e (44).csv,243,3,E,B,5.7268975372796014e-05,0.35146769089250984,0.34466315991201835,8.963586148518265e-05,0.30372224435861384
4,E/e (44).csv,243,4,E,E,2.378165939601363e-05,3.939082898025024e-05,0.13113098322106806,0.0018118466445445226,0.8669939976460111
4,E/e (44).csv,243,5,E,C,2.369874149243936e-05,3.49276762478386e-05,0.86473771645701,0.0026753075844138706,0.1325283495408359
4,E/e (44).csv,243,6,E,E,2.4298021358926536e-05,3.694935300831135e-05,0.12955552301320328,0.0025825474158182294,0.8678006821966113
4,E/e (44).csv,243,7,E,E,2.408205920583836e-05,3.517336132591492e-05,0.13711028487201296,0.00288884807928329,0.8599416116281721
4,E/e (44).csv,243,8,E,E,2.5874857701119885e-05,4.26643733786434e-05,0.10562604593993259,0.0007500543441220583,0.8935553604848655
4,E/e (44).csv,243,9,E,E,2.6523726831864504e-05,4.512723702893902e-05,0.06084471530066014,0.0006276824313942732,0.9384559513040848
4,E/e (44).csv,243,10,E,E,2.4968215251689993e-05,4.310921454760602e-05,0.0960294271203508,0.0007691718978572144,0.9031333235519927
4,E/e (44).csv,243,11,E,E,2.987652954625035e-05,0.0017025204556715852,0.0007668585227948177,0.0010657424276308005,0.9964350020643565
4,E/e (44).csv,243,12,E,E,2.6330665549716315e-05,4.817589461866777e-05,0.061863701551913564,0.001271654440976208,0.9367901374469417
4,E/e (44).csv,243,13,E,E,2.4654615244486093e-05,4.521151894307195e-05,0.0007205545127924922,0.12128614946718963,0.8779234298858304
4,E/e (44).csv,243,14,E,E,2.8792288550530164e-05,0.0015702074296326122,0.0009025272113685553,0.0009125031058623296,0.9965859699645859
4,E/e (44).csv,243,15,E,E,2.9595534859202742e-05,4.78098153077363e-05,0.04108963443529023,0.0014329082716490488,0.9574000519428938
4,E/e (44).csv,243,16,E,E,3.1037322264745496e-05,0.00208479421447007,0.0011735076913147514,0.0010026611263612318,0.9957079996455892
4,E/e (44).csv,243,17,E,E,2.7919065341633808e-05,4.864382358943487e-05,0.000790273606905219,0.10330721780503889,0.8958259456991248
4,E/e (44).csv,243,18,E,E,2.587688329315106e-05,0.0016648877589066444,1.0154973604166924e-05,0.1376100981851079,0.8606889821990881
4,B/b (3).csv,52,0,B,B,2.6603573175493233e-05,0.9511588671117625,1.2927653113135114e-05,0.047354322813713996,0.0014472788482350096
4,B/b (3).csv,52,1,B,B,2.640870624451563e-05,0.9444372460266524,0.0008938290325448928,1.3019076484925168e-05,0.054629497158073234
4,B/b (3).csv,52,2,B,B,2.5665757376369864e-05,0.9059649681578968,1.1530575497015238e-05,0.0007432639057770896,0.0932545716034526
4,B/b (3).csv,52,3,B,B,2.4289874954028135e-05,0.8747544901697001,0.0004686618925126661,1.0190167499159712e-05,0.12474236789533406
4,B/b (3).csv,52,4,B,B,2.441205831404447e-05,0.8825454765548882,0.0005238538491516387,1.0643332419138183e-05,0.1168956142052269
4,B/b (3).csv,52,5,B,E,2.4366777574184698e-05,0.16451367168037836,8.379625698114845e-06,0.0020143415661225588,0.8334392403502269
4,B/b (3).csv,52,6,B,D,2.926195465031011e-05,0.004291957862410698,1.1196225079964118e-05,0.8818323800872137,0.11383520387064536
4,B/b (3).csv,52,7,B,E,3.010834489458908e-05,0.004986563654895827,1.1053538133092038e-05,0.11094494240355747,0.884027332058519
4,B/b (3).csv,52,8,B,E,0.018402163804173897,0.09988440097540914,1.902578674444854e-07,1.1969846884880549e-05,0.8817012751156647
4,B/b (3).csv,52,9,B,B,0.3267346422784801,0.6706328954067918,1.5253438989080082e-07,1.0599130700858027e-05,0.0026217106496373927
4,B/b (3).csv,52,10,B,B,2.9734774462936903e-05,0.9211705011174344,9.658686757628116e-06,0.00187425289641504,0.07691585252493001
4,B/b (3).csv,52,11,B,B,2.4848529463272612e-05,0.8843870230520857,0.0011055542779239839,1.1680158017000136e-05,0.11447089398251012
4,B/b (3).csv,52,12,B,B,2.621502564914394e-05,0.8866132984021273,1.0494288180431815e-05,0.0005761057249081558,0.11277388655913512
4,B/b (3).csv,52,13,B,B,2.6681429169675185e-05,0.8779078341836707,0.12095003318590321,1.1280357747182092e-05,0.0011041708435093902
4,B/b (3).csv,52,14,B,B,2.7109829699346358e-05,0.9115001773059198,0.08748649949321394,1.1720584772682508e-05,0.000974492786394117
4,B/b (3).csv,52,15,B,B,2.8175297600900063e-05,0.921681730990386,0.0005464697514801448,1.038009723900153e-05,0.07773324386329394
4,B/b (3).csv,52,16,B,B,2.4319278917135873e-05,0.8804856205456284,0.0009192014899569829,1.0178053322245236e-05,0.11856068063217513
4,B/b (3).csv,52,17,B,B,2.4562697458283168e-05,0.9057004452810857,1.0402907397897692e-05,0.0007190713377582885,0.09354551777629973
4,B/b (3).csv,52,18,B,B,2.72061017551806e-05,0.8679045647634982,1.208951022927364e-05,0.000959515705688236,0.13109662391882926
4,C/c (20).csv,119,0,C,C,2.301524406184631e-05,0.11170398286950094,0.8875245815260501,0.0007269106206249199,2.1509739762105953e-05
4,C/c (20).csv,119,1,C,C,2.3853597170219263e-05,0.001265642131681277,0.8901166283539031,0.10857217462156059,2.1701295684666145e-05
4,C/c (20).csv,119,2,C,C,2.347352382316695e-05,0.10803808038205914,0.8911950820971246,0.0007210413822653743,2.2322614727721757e-05
4,C/c (20).csv,119,3,C,C,2.458922350881394e-05,0.1010133859632453,0.8974512027263499,1.2776099831945827e-05,0.0014980459870639012
4,C/c (20).csv,119,4,C,C,2.2776137905367593e-05,3.408285747012539e-05,0.864628255457034,0.13298557854705317,0.00232930700053734
4,C/c (20).csv,119,5,C,C,2.415706311813406e-05,3.488234959473892e-05,0.8712034908560558,0.12781993323968974,0.0009175364915417164
4,C/c (20).csv,119,6,C,C,0.029239541992055633,1.3415888738009185e-06,0.8586475460496233,0.11208709550032685,2.447486912041305e-05
4,C/c (20).csv,119,7,C,C,2.6875394778475914e-05,3.8219800892630855e-05,0.8971779229969276,0.10080043491910859,0.001956546888292882
4,C/c (20).csv,119,8,C,C,2.289023620490917e-05,4.228625204540559e-05,0.8895267656647078,0.10647021731752032,0.003937840529521666
4,C/c (20).csv,119,9,C,C,2.3642455020299063e-05,3.631605217727345e-05,0.875061291877673,0.0007090656657573451,0.1241696839493719
4,C/c (20).csv,119,10,C,C,2.6588551831352837e-05,3.670015784134054e-05,0.9022009642795822,0.09563517229147724,0.0021005747192678823
4,C/c (20).csv,119,11,C,C,2.576128599233444e-05,4.003257634929177e-05,0.928887176871237,0.06801402512471148,0.003033004141709963
4,C/c (20).csv,119,12,C,C,2.4788412581203143e-05,4.1597315386817494e-05,0.903326127683685,0.0007514239197988486,0.09585606266854817
4,C/c (20).csv,119,13,C,C,2.4812412689974634e-05,3.73802207898248e-05,0.9094753980387715,0.0006246031051171346,0.08983780622263157
4,C/c (20).csv,119,14,C,C,2.5157113043930468e-05,3.762225769508758e-05,0.9145060690361443,0.0004973784385583788,0.08493377315455825
4,C/c (20).csv,119,15,C,C,2.705471750399779e-05,0.0017328444849818267,0.9023380714175491,1.2259295153279976e-05,0.09588977008481173
4,C/c (20).csv,119,16,C,C,2.52419507309416e-05,0.11800888913915318,0.8809501892139943,9.65489247551535e-06,0.0010060248036461448
4,C/c (20).csv,119,17,C,C,2.5571849644805443e-05,0.1254991020751522,0.8739692063709836,0.0004860177313374924,2.0101972881983053e-05
4,C/c (20).csv,119,18,C,C,2.4629283358438033e-05,0.001917722464328144,0.9254222503234891,0.07260901161620419,2.638631262007396e-05
4,B/b (34).csv,83,0,B,B,2.6078882799241908e-05,0.8935415842260177,0.0006567324731874246,1.1745230273631304e-05,0.10576385918772192
4,B/b (34).csv,83,1,B,B,2.6083717093433313e-05,0.8726632434009519,0.0005096739602569082,1.1408077463160034e-05,0.12678959084423466
4,B/b (34).csv,83,2,B,B,2.7351417184065406e-05,0.9360637290973771,0.0009276215320015424,1.201563847548179e-05,0.06296928231496166
4,B/b (34).csv,83,3,B,B,2.4489221328469616e-05,0.8813882438348349,0.11692592544475677,0.0016352100133127051,2.613148576708365e-05
4,B/b (34).csv,83,4,B,B,2.4768054711683366e-05,0.8870747420675638,0.002798475698032977,0.1100757050029099,2.6309176781540122e-05
4,B/b (34).csv,83,5,B,B,2.4105618879236223e-05,0.8684428956778347,9.511041881675714e-06,0.0004971720191626613,0.1310263156422416
4,B/b (34).csv,83,6,B,B,2.525132632103453e-05,0.859442347079878,8.756305979045593e-06,0.0005438304943758147,0.13997981479344626
4,B/b (34).csv,83,7,B,B,2.5912588205845022e-05,0.8731306001533077,8.799384588951853e-06,0.0006414912211966122,0.12619319665270093
4,B/b (34).csv,83,8,B,B,2.7279587093814754e-05,0.9048170321651234,0.0017288930188153798,1.0698403508442703e-05,0.09341609682545894
4,B/b (34).csv,83,9,B,B,2.593506699676329e-05,0.901990689509164,1.0830514181636718e-05,0.0005698820247324848,0.09740266288492509
4,B/b (34).csv,83,10,B,B,2.3732641586268565e-05,0.8558569709463657,0.0005641953686599932,1.0355491589252442e-05,0.14354474555179886
4,B/b (34).csv,83,11,B,B,2.806591313518685e-05,0.8841689219577704,0.0005118523928290416,1.151689198988585e-05,0.11527964284427539
4,B/b (34).csv,83,12,B,B,2.4509322862039836e-05,0.8543978551269062,8.728206521908912e-06,0.00046590718555095264,0.14510300015815902
4,B/b (34).csv,83,13,B,B,2.3954576066959774e-05,0.8740840817443613,0.0005042632843578573,1.042819083064144e-05,0.1253772722043833
4,B/b (34).csv,83,14,B,B,2.3887613358170887e-05,0.8628211124931593,0.0004643777762162837,1.0014641787945614e-05,0.13668060747547817
4,B/b (34).csv,83,15,B,B,2.4173111905523656e-05,0.8741946658101556,0.0005202114513788974,9.546609504705812e-06,0.12525140301705537
4,B/b (34).csv,83,16,B,B,2.5632438110075085e-05,0.8760049847777617,0.0005120129618128674,1.0767232701528164e-05,0.12344660258961393
4,B/b (34).csv,83,17,B,B,2.592518297141424e-05,0.8845813766035597,0.0005252576823681197,1.1389986271943978e-05,0.11485605054482888
4,B/b (34).csv,83,18,B,B,2.5672241018248173e-05,0.8820734052005167,0.0005503484941311482,1.1118251417218956e-05,0.11733945581291666
4,A/a (25).csv,24,0,A,A,0.9638353455062292,4.272252090130552e-05,2.1028344138512472e-07,0.035212783378414346,0.0009089383110136401
4,A/a (25).csv,24,1,A,A,0.8944611431748289,3.8660112820115696e-05,1.88095990752689e-07,0.1045542951123982,0.0009457135039620132
4,A/a (25).csv,24,2,A,A,0.9157364559162073,3.9033426020094416e-05,1.8439371359974818e-07,0.08315034531344877,0.0010739809506100989
4,A/a (25).csv,24,3,A,A,0.9500697527742267,0.04899944741821252,1.9170026444462954e-07,0.0009062209218934251,2.4387185403181982e-05
4,A/a (25).csv,24,4,A,A,0.9483322991674192,0.0013083093592790465,0.05034770540336989,1.1053282911812764e-05,6.327870198781139e-07
4,A/a (25).csv,24,5,A,A,0.9524071192371254,1.2331260723021102e-06,1.0296474721889231e-05,0.0006272345766821232,0.04695411658539828
4,A/a (25).csv,24,6,A,A,0.9582342642373135,1.2584129613659619e-06,0.0006516413378399305,0.04108857468784085,2.4261324044355138e-05
4,A/a (25).csv,24,7,A,A,0.9237940231080805,1.2040583940723933e-06,9.706840543998402e-06,0.07538383195666573,0.000811234036315545
4,A/a (25).csv,24,8,A,A,0.8983776251655707,1.152508657506719e-06,9.304537196060973e-06,0.10081917347216356,0.0007927443164121475
4,A/a (25).csv,24,9,A,A,0.9576233094983656,0.0012456198719252392,1.8571515283913155e-07,0.04110779915524873,2.3085759307736814e-05
4,A/a (25).csv,24,10,A,A,0.9558827291429168,0.04351319164986936,1.8463530942478516e-07,0.0005800104124260879,2.38841594786525e-05
4,A/a (25).csv,24,11,A,A,0.9968200724318508,0.001598505164591154,0.0006033440076240008,2.3385388663104093e-07,0.0009778445420473758
4,A/a (25).csv,24,12,A,A,0.9199550405368232,0.0012165384181212575,1.8269001298032787e-07,0.07880603287817455,2.220547686802741e-05
4,A/a (25).csv,24,13,A,A,0.9973346500703857,0.0013700998735937597,0.0005210400213669647,0.0007735582318712277,6.518027825186552e-07
4,A/a (25).csv,24,14,A,A,0.954589683571261,0.044775887572827945,0.0006099636493134146,2.207870173356349e-07,2.424441958033485e-05
4,A/a (25).csv,24,15,A,A,0.9036367785433651,0.09579889255606426,1.0986743313845546e-05,0.0005527292345479289,6.12922708815059e-07
4,A/a (25).csv,24,16,A,A,0.9500951026653399,0.04839466334428186,1.7698899298646007e-07,0.0014881611464142158,2.1895854971040552e-05
4,A/a (25).csv,24,17,A,A,0.9512798497533888,0.04790626156921165,1.0247575761513042e-05,0.0008030165302294609,6.245714084140317e-07
4,A/a (25).csv,24,18,A,A,0.8627479541290727,0.13641601560525948,8.802303494207032e-06,1.791583734490159e-07,0.0008270488038001514
4,D/d (8).csv,157,0,D,D,0.000661814124011825,4.083519893193557e-05,1.0424250595216923e-05,0.8958727179522868,0.10341420847417411
4,D/d (8).csv,157,1,D,D,2.291827529642731e-05,3.4844889018820705e-05,0.0005691305758746422,0.856925687564837,0.14244741869497318
4,D/d (8).csv,157,2,D,D,2.3231411380954304e-05,3.4907608680591433e-05,0.000695528927411695,0.866784703193334,0.13246162885919271
4,D/d (8).csv,157,3,D,D,2.374148238419743e-05,3.68332589231263e-05,0.0014998133092633365,0.8877037499624258,0.11073586198700341
4,D/d (8).csv,157,4,D,D,2.3047324283955237e-05,3.697143244653082e-05,0.1123937581150313,0.8840466736854129,0.0034995494428252875
4,D/d (8).csv,157,5,D,D,2.368465631374392e-05,3.554986724761274e-05,0.0017455317959210858,0.8826276286210166,0.11556760505950103
4,D/d (8).csv,157,6,D,D,0.013518729795211059,1.3978524521701235e-06,1.0272946102894207e-05,0.9477648196309914,0.038704779775242615
4,D/d (8).csv,157,7,D,D,0.2402853465945308,1.112357267008255e-06,8.465423642739618e-06,0.7589557211097153,0.000749354514844119
4,D/d (8).csv,157,8,D,D,0.016994313807130526,1.1871782771321614e-06,1.0817098652242423e-05,0.8748267843463443,0.10816689756959579
4,D/d (8).csv,157,9,D,D,2.3199415957279765e-05,3.2562429931241315e-05,0.00095687981109488,0.8620923293040869,0.13689502903892983
4,D/d (8).csv,157,10,D,D,2.2891769975759436e-05,3.5130386237275606e-05,0.13754139164297574,0.8615816018114493,0.0008189843893620798
4,D/d (8).csv,157,11,D,D,2.268505865574335e-05,4.0582720780748135e-05,0.1365538324338844,0.8622456000005874,0.0011372997860918798
4,D/d (8).csv,157,12,D,D,2.569043362173795e-05,5.416139291368746e-05,0.03181567162522857,0.9670457051373001,0.0010587714109357683
4,D/d (8).csv,157,13,D,D,2.57724379205237e-05,3.954878612519271e-05,0.0005579677112601956,0.9147291181871748,0.08464759287751927
4,D/d (8).csv,157,14,D,D,2.685835050960754e-05,0.0034361987257771585,0.031029351844732867,0.9654817540677667,2.583701121368521e-05
4,D/d (8).csv,157,15,D,D,2.407129327857996e-05,0.0023778452521463224,0.09833414893172825,0.899232173508412,3.17610144349342e-05
4,D/d (8).csv,157,16,D,D,2.4163582473547563e-05,0.00443704359273555,0.10433653035381595,0.8911667867556433,3.5475715331622565e-05
4,D/d (8).csv,157,17,D,D,2.2948571148319972e-05,0.0011783420260973035,0.14337315767308745,0.8554015913647635,2.3960364903349627e-05
4,D/d (8).csv,157,18,D,D,2.330274772590352e-05,0.0015653505556337914,0.11218520082021517,0.8862000349310742,2.611094535082658e-05
4,D/d (21).csv,170,0,D,D,2.6098115767490463e-05,3.650555143882361e-05,0.057413778979368946,0.940839359250879,0.0016842581025458291
4,D/d (21).csv,170,1,D,D,2.163476930333113e-05,3.256985776787625e-05,0.15355324487111446,0.8446723331598357,0.0017202173419786112
4,D/d (21).csv,170,2,D,D,2.2502498052468932e-05,3.313348813970009e-05,0.14492739437978164,0.8535766921594735,0.0014402774745526823
4,D/d (21).csv,170,3,D,D,2.242534918375125e-05,3.366443807604924e-05,0.1505959795824176,0.8485680348400754,0.0007798957902473361
4,D/d (21).csv,170,4,D,D,2.2692666268023817e-05,3.537767890817341e-05,0.14017031715013525,0.8570439266237213,0.0027276858809674566
4,D/d (21).csv,170,5,D,D,2.3738094987985236e-05,3.310170311145941e-05,0.150504691551738,0.848366419942444,0.0010720487077186171
4,D/d (21).csv,170,6,D,D,0.0005045692608237934,1.077669900725582e-06,0.14442473489655872,0.8536396066060481,0.0014300115666686865
4,D/d (21).csv,170,7,D,D,2.4073758803349498e-05,4.020124413751142e-05,0.07877713910326593,0.9200430301915437,0.001115555702249585
4,D/d (21).csv,170,8,D,D,2.336856199116078e-05,4.405898460476791e-05,0.12177859222634724,0.8756434591918646,0.0025105210351921026
4,D/d (21).csv,170,9,D,D,2.295394087125294e-05,0.00198253991105883,0.125583612713276,0.872387446893154,2.344654164014402e-05
4,D/d (21).csv,170,10,D,D,2.3615982421058638e-05,0.0037144781636641614,0.11685487500268354,0.8793823460627072,2.468478852412465e-05
4,D/d (21).csv,170,11,D,D,2.439785369330499e-05,0.002252303027883464,0.09930585560156911,0.8983905774546606,2.686606219349747e-05
4,D/d (21).csv,170,12,D,D,2.4904929149097625e-05,0.0019199977283410055,0.06355849808986769,0.9344729565861666,2.3642666475608526e-05
4,D/d (21).csv,170,13,D,D,2.3994590484421678e-05,0.1141453179655942,0.0017120426228386756,0.884089459133959,2.9185687123636095e-05
4,D/d (21).csv,170,14,D,D,2.301564492769468e-05,0.001506037325342587,0.13120538964637252,0.8672431034482647,2.245393509255216e-05
4,D/d (21).csv,170,15,D,D,2.4491112476138005e-05,0.0020081377966814935,0.06612113940022385,0.9318101124892002,3.611920141835116e-05
4,D/d (21).csv,170,16,D,D,2.288873939281399e-05,0.12878930953535417,1.0847962100670614e-05,0.8693749652282033,0.0018019885349491187
4,D/d (21).csv,170,17,D,D,2.3702915771359624e-05,0.1017585983721816,0.0021747473941860144,0.8960121746140798,3.077670378125363e-05
4,D/d (21).csv,170,18,D,B,0.3755664749225936,0.6237382763533358,1.2706207143440037e-07,9.793383007985837e-06,0.0006853282789912581
4,B/b (41).csv,90,0,B,B,2.6259623169026202e-05,0.8733638394314909,9.786508670115885e-06,0.0005397287427194695,0.12606038569395048
4,B/b (41).csv,90,1,B,B,2.6042001137852225e-05,0.8843820497034985,0.0005246298024463255,1.2942842321244098e-05,0.11505433565059606
4,B/b (41).csv,90,2,B,B,2.6802791712496308e-05,0.8962769244699753,0.0006539907572913112,1.2477394290277282e-05,0.1030298045867306
4,B/b (41).csv,90,3,B,B,2.711648382758429e-05,0.9057490662303912,0.0006417418186863564,1.3613337988172426e-05,0.09356846212910679
4,B/b (41).csv,90,4,B,B,2.497767682571182e-05,0.8808105369200185,0.001530907273076836,0.11761002224929522,2.355588078353451e-05
4,B/b (41).csv,90,5,B,B,2.5693857392825618e-05,0.8627867923295663,9.108791534488905e-06,0.0004996889407285397,0.1366787160807779
4,B/b (41).csv,90,6,B,E,2.7438325730641008e-05,0.1253033354352453,1.3730614665942372e-05,0.0007579326883823348,0.8738975629359759
4,B/b (41).csv,90,7,B,E,3.008264452441817e-05,0.04964960179038409,0.0007321049883591189,1.5227129290283076e-05,0.949572983447442
4,B/b (41).csv,90,8,B,B,2.6987928857910364e-05,0.8671100068549177,1.1439391909672614e-05,0.12944914585747827,0.0034024199668365343
4,B/b (41).csv,90,9,B,B,2.3625481914839416e-05,0.8666973210176236,9.689361883174206e-06,0.0005790049887093286,0.13269035914986893
4,B/b (41).csv,90,10,B,B,2.407382079404722e-05,0.8600126621085703,0.0005393889184616959,9.680381433440377e-06,0.13941419477074055
4,B/b (41).csv,90,11,B,B,2.4666189445232997e-05,0.8576645124664837,0.0005140626012387327,9.490119338902566e-06,0.1417872686234936
4,B/b (41).csv,90,12,B,B,2.5614751430153912e-05,0.8819896949367108,0.0005606801717368391,9.640992500535458e-06,0.11741436914762168
4,B/b (41).csv,90,13,B,B,2.5298884280965866e-05,0.8587463204846154,8.703345154057905e-06,0.00047437293801896305,0.1407453043479307
4,B/b (41).csv,90,14,B,B,2.4367876545435627e-05,0.8734238777200828,9.266279845738461e-06,0.0005176595377497861,0.1260248285857763
4,B/b (41).csv,90,15,B,B,2.428125895656422e-05,0.8734874898854796,0.0005220754703483259,9.856798925763397e-06,0.12595629658628976
4,B/b (41).csv,90,16,B,B,2.7038331023773264e-05,0.9135339814483199,0.08543460732264194,1.1550995300874868e-05,0.0009928219027135906
4,B/b (41).csv,90,17,B,B,0.000666292398172067,0.9595240200609607,0.000751721285694028,2.3075096003447375e-07,0.03905773550421328
4,B/b (41).csv,90,18,B,B,2.7798449495180186e-05,0.9368838257385158,0.062001074638873506,1.0498499761509545e-05,0.0010768026733539357
4,C/c (13).csv,112,0,C,C,2.3431719416764652e-05,0.1326968954692853,0.866628173759804,0.0006298138507046413,2.168520078920022e-05
4,C/c (13).csv,112,1,C,C,2.3751515033122704e-05,0.12403405734345503,0.8751261585061483,0.0007946396516489179,2.1392983714636622e-05
4,C/c (13).csv,112,2,C,C,2.3638994392341228e-05,0.1223891955923166,0.8769603530881929,0.0006052093504492963,2.160297464879254e-05
4,C/c (13).csv,112,3,C,C,2.449838212753616e-05,0.002097319515814012,0.9022281105072212,0.09562629457466537,2.3777020171769558e-05
4,C/c (13).csv,112,4,C,C,2.2237395307413e-05,3.8334037389191396e-05,0.869050295614886,0.13008783648661346,0.0008012964658039181
4,C/c (13).csv,112,5,C,C,2.426704919479931e-05,4.5773285289933974e-05,0.9152524264863888,0.0008375988476011612,0.08383993433152523
4,C/c (13).csv,112,6,C,C,2.2259071083882014e-05,3.725638698504827e-05,0.867202894988109,0.12838654198712762,0.004351047566694455
4,C/c (13).csv,112,7,C,C,2.2195010291087793e-05,3.419600571252142e-05,0.8683494925327437,0.12707259529770074,0.0045215211535517595
4,C/c (13).csv,112,8,C,C,2.4090143816067363e-05,0.001274316850153199,0.8796480540797885,0.11902822421438915,2.5314711852982266e-05
4,C/c (13).csv,112,9,C,C,2.5029471244181972e-05,4.5803987859024476e-05,0.8857062930506007,0.11326698357798828,0.00095588991230787
4,C/c (13).csv,112,10,C,C,2.36680090507418e-05,3.3978694859973975e-05,0.8664309391376399,0.13273697769091325,0.0007744364675360778
4,C/c (13).csv,112,11,C,C,2.4065267843809693e-05,0.001089952868212125,0.8593570628631896,0.13950885716764835,2.0061833106142222e-05
4,C/c (13).csv,112,12,C,D,2.3642369605793208e-05,0.0012029130370520924,0.14446358757176006,0.8542879851680848,2.1871853497200437e-05
4,C/c (13).csv,112,13,C,C,2.3339896946100138e-05,4.5276661875592804e-05,0.9057216126559506,0.09218927605604062,0.0020204947291870127
4,C/c (13).csv,112,14,C,C,2.57556597394802e-05,0.001914543880182911,0.9382288694307194,0.059805212054780135,2.5618974578112013e-05
4,C/c (13).csv,112,15,C,C,2.3726935390313396e-05,0.0018714876524050872,0.8977354782483015,0.10034819003487608,2.1117129026992837e-05
4,C/c (13).csv,112,16,C,C,2.5457126810356727e-05,0.001959864672043325,0.9657196646980717,0.032267677266808625,2.7336236265902134e-05
4,C/c (13).csv,112,17,C,C,2.406004794964949e-05,0.11195418839803506,0.8872348464203204,0.0007648352664754266,2.2069867219326303e-05
4,C/c (13).csv,112,18,C,C,2.260517100743951e-05,0.1535997582391239,0.8458063905752307,0.0005499667760324723,2.1279238605568433e-05
4,B/b (49).csv,98,0,B,B,2.572834232322018e-05,0.8754114840898538,0.12337357841382367,1.093212377186121e-05,0.0011782770302274448
4,B/b (49).csv,98,1,B,B,2.8065235235307263e-05,0.9268572877867169,0.0008877723854096086,1.2520828837685754e-05,0.07221435376380031
4,B/b (49).csv,98,2,B,B,2.764981981645154e-05,0.9062261256002297,0.000630071841933648,1.3110330626508174e-05,0.0931030424073937
4,B/b (49).csv,98,3,B,B,2.803100208759394e-05,0.906713027970447,0.0008507928981204501,1.4115826772033002e-05,0.09239403230257288
4,B/b (49).csv,98,4,B,B,2.56164702069121e-05,0.9056976696941035,0.0008556671281298934,1.0885716183763636e-05,0.09341016099137604
4,B/b (49).csv,98,5,B,B,2.404025424584603e-05,0.8568348040900424,0.0005610949815920119,1.1123891798431378e-05,0.14256893678232146
4,B/b (49).csv,98,6,B,E,2.5264370512080947e-05,0.14267777735471399,1.2001519204350936e-05,0.0026298404195141288,0.8546551163360554
4,B/b (49).csv,98,7,B,B,2.7702901865907326e-05,0.8901583751855312,1.5362809457890923e-05,0.002080655759914646,0.10771790334323034
4,B/b (49).csv,98,8,B,B,2.397287721485329e-05,0.859558057258321,0.0006186343424530641,1.3206798144209062e-05,0.13978612872386692
4,B/b (49).csv,98,9,B,B,2.381619402847428e-05,0.8595774696500191,0.0025796721901366762,1.1260820459914877e-05,0.1378077811453557
4,B/b (49).csv,98,10,B,E,2.9766388710897843e-05,0.1130330914213292,0.0021581613753006244,1.7148621496733308e-05,0.8847618321931625
4,B/b (49).csv,98,11,B,E,2.9012780071233438e-05,0.13562230893251767,0.002095622378092406,1.3462237128091276e-05,0.8622395936721906
4,B/b (49).csv,98,12,B,B,2.4967845217360765e-05,0.8684318741692741,0.0005946956772933788,1.1765032977161354e-05,0.13093669727523793
4,B/b (49).csv,98,13,B,B,2.628566737631626e-05,0.8787408860111465,0.002209571040739752,1.1162844339639261e-05,0.11901209443639776
4,B/b (49).csv,98,14,B,B,3.016135858727625e-05,0.9065797729217512,0.0010735610653078195,1.4996704541702475e-05,0.09230150794981211
4,B/b (49).csv,98,15,B,B,2.6332995964762968e-05,0.8787560854886333,0.0008782142455040777,1.2874222016894617e-05,0.12032649304788101
4,B/b (49).csv,98,16,B,B,2.5838616652807287e-05,0.8631155581133128,0.0009444688360939913,1.1372031754546914e-05,0.13590276240218604
4,B/b (49).csv,98,17,B,B,2.4248150333075214e-05,0.8679864370915185,0.0006624212268460369,1.2442937320623003e-05,0.13131445059398192
4,B/b (49).csv,98,18,B,B,2.5111052075871763e-05,0.864615582141282,0.0005924020752138548,1.3858454165433246e-05,0.13475304627726284
4,B/b (11).csv,60,0,B,B,2.4394597657005317e-05,0.8834732170732301,0.11531039977713221,1.1108946549112493e-05,0.0011808796054315104
4,B/b (11).csv,60,1,B,B,2.8712571994223978e-05,0.8866474248006887,9.583934932785534e-06,0.11194378862731487,0.001370490065069349
4,B/b (11).csv,60,2,B,B,2.5139661424755648e-05,0.8653782536212884,8.776524859972e-06,0.00048773326548058176,0.13410009692694627
4,B/b (11).csv,60,3,B,B,2.4965422977926002e-05,0.8662047893207437,0.0005036373891869668,1.1201235456333401e-05,0.13325540663163507
4,B/b (11).csv,60,4,B,B,2.49259682463374e-05,0.8697094943016596,0.12939679036736787,1.1511999170551475e-05,0.0008572773635556868
4,B/b (11).csv,60,5,B,B,2.6271035749125865e-05,0.9529731741398649,0.0006450192251568185,1.3498819084639105e-05,0.04634203678014447
4,B/b (11).csv,60,6,B,B,2.6572738343562084e-05,0.9230084194592033,0.0005503460583378707,1.1026175961447762e-05,0.07640363556815384
4,B/b (11).csv,60,7,B,B,2.7595406985445723e-05,0.8926863575719167,1.0936354182496947e-05,0.000511037500454176,0.10676407316646136
4,B/b (11).csv,60,8,B,B,0.015161613496327775,0.9454075805288056,2.0647865693758651e-07,1.3686666677838e-05,0.039416912829531796
4,B/b (11).csv,60,9,B,B,2.7999716957905612e-05,0.89558532241207,1.1593719432094836e-05,0.0007625991435367735,0.10361248500800319
4,B/b (11).csv,60,10,B,B,2.6621831351627267e-05,0.917315796468446,0.08122207935701768,1.3229149952205165e-05,0.0014222731932325356
4,B/b (11).csv,60,11,B,B,2.4260233180979938e-05,0.8709902069071075,0.0017988883814171078,1.2200129170509294e-05,0.12717444434912384
4,B/b (11).csv,60,12,B,B,2.4384776731162633e-05,0.8748651297207561,0.0005759739133445088,1.0449179182126899e-05,0.12452406240998595
4,B/b (11).csv,60,13,B,B,2.5087884595906385e-05,0.8789683821023214,0.1197273990468424,1.1163298510441112e-05,0.0012679676677298311
4,B/b (11).csv,60,14,B,B,2.8759871464454392e-05,0.9547659917874685,0.0009056087758168,1.3812186221497687e-05,0.04428582737902897
4,B/b (11).csv,60,15,B,B,3.0352733108897915e-05,0.9562857242391963,0.0008317246720921741,1.1035222630977056e-05,0.04284116313297179
4,B/b (11).csv,60,16,B,B,2.627900876259566e-05,0.9119603177834028,0.0005900229112619562,1.0389555981083285e-05,0.08741299074059145
4,B/b (11).csv,60,17,B,B,2.822818510438927e-05,0.9205243485134292,0.0007764491217964089,1.0788443820795188e-05,0.07866018573584924
4,B/b (11).csv,60,18,B,B,2.7580977747997282e-05,0.9229175992245428,0.0006881829264836839,1.1287104895957243e-05,0.07635534976632953
4,B/b (21).csv,70,0,B,B,2.7608793353591573e-05,0.9247722132838615,0.07391312704629209,1.4413294570053246e-05,0.0012726375819226848
4,B/b (21).csv,70,1,B,B,2.567356524418968e-05,0.908577209480498,0.0006131902983755659,1.2034892345523002e-05,0.09077189176353674
4,B/b (21).csv,70,2,B,B,2.566071211552512e-05,0.9017844826842676,0.0006922055437259838,1.1826324820840169e-05,0.09748582473507
4,B/b (21).csv,70,3,B,B,2.3321423870336666e-05,0.8694806412843192,0.12928478900566676,1.3779307885560295e-05,0.001197468978258115
4,B/b (21).csv,70,4,B,B,2.3455452425302122e-05,0.8877336971723413,0.10895396608550953,1.7221803821933436e-05,0.0032716594859019447
4,B/b (21).csv,70,5,B,B,2.4552773445589572e-05,0.896491314759094,0.0008097855682422501,1.084423662579255e-05,0.10266350266259229
4,B/b (21).csv,70,6,B,B,2.539149417680922e-05,0.8954591753404256,1.3867877313260474e-05,0.10307537684053034,0.0014261884475539827
4,B/b (21).csv,70,7,B,B,2.503571598643132e-05,0.873475849748557,1.1070745602322874e-05,0.0007000291668550195,0.12578801462299924
4,B/b (21).csv,70,8,B,B,2.7613377500015847e-05,0.8899807195530317,9.927080188258143e-06,0.0006733596725544381,0.10930838031672563
4,B/b (21).csv,70,9,B,B,2.6671669239372706e-05,0.8718733746149441,8.739676224035766e-06,0.0005169089777031559,0.12757430506188946
4,B/b (21).csv,70,10,B,B,2.6242280378243782e-05,0.9409671001519074,0.057844962156619086,1.1234738732433696e-05,0.0011504606723627532
4,B/b (21).csv,70,11,B,B,2.4594525803954313e-05,0.8946346488401008,0.0009417684501245699,9.944278529988707e-06,0.10438904390544065
4,B/b (21).csv,70,12,B,B,2.4732629939272206e-05,0.9039248841634122,0.0020732878129281805,1.1249219774645152e-05,0.09396584617394568
4,B/b (21).csv,70,13,B,B,2.506034509644598e-05,0.9038714719254569,0.0009007598796755384,1.317771971641946e-05,0.0951895301300547
4,B/b (21).csv,70,14,B,B,2.615744062936713e-05,0.9312233820091843,0.0022664325017614285,1.2021669441265167e-05,0.06647200637898364
4,B/b (21).csv,70,15,B,B,2.7096715833128023e-05,0.8769018737182,0.12210862517439322,1.0918890154974428e-05,0.0009514855014186969
4,B/b (21).csv,70,16,B,B,2.602336820569914e-05,0.9090577457650474,0.000537208087001607,1.0642343328689188e-05,0.09036838043641665
4,B/b (21).csv,70,17,B,B,2.4574892401385714e-05,0.8740076206025085,0.0005558385825177755,1.0490515901518115e-05,0.1254014754066709
4,B/b (21).csv,70,18,B,B,2.445944924481335e-05,0.8661947423424766,0.000578786498807624,1.0641539154725577e-05,0.13319137017031618
4,B/b (40).csv,89,0,B,B,2.6435127485548367e-05,0.887731949767121,0.0006236891466562191,1.1314416565985259e-05,0.11160661154217137
4,B/b (40).csv,89,1,B,B,2.8645298468890846e-05,0.9056377946184095,0.0007236325190615339,1.4065742498162007e-05,0.09359586182156189
4,B/b (40).csv,89,2,B,B,2.9336077474738415e-05,0.9069584898530101,0.0006017510595657084,1.4513635808903632e-05,0.09239590937414054
4,B/b (40).csv,89,3,B,B,2.6644560410723738e-05,0.8852669969985266,0.0005684430098502952,1.2592509666837015e-05,0.11412532292154548
4,B/b (40).csv,89,4,B,B,2.7203023448899367e-05,0.9350496719257523,0.001370583816856406,1.188783109495014e-05,0.0635406534028476
4,B/b (40).csv,89,5,B,B,2.8791459490592537e-05,0.943180463130556,0.05570230074599693,1.4299685301791527e-05,0.001074144978654755
4,B/b (40).csv,89,6,B,B,2.768923315198386e-05,0.9375187734052639,1.1585258811084094e-05,0.0006576127967050842,0.0617843393060679
4,B/b (40).csv,89,7,B,B,2.4881144991400143e-05,0.8591304518596212,0.0005136938627728257,9.797478338276169e-06,0.14032117565427626
4,B/b (40).csv,89,8,B,B,2.7128544270046745e-05,0.930809574843182,0.0011081650827760735,1.0756444230208987e-05,0.06804437508554168
4,B/b (40).csv,89,9,B,B,0.0005975575356647876,0.8759738677158075,0.0009314046013971964,2.0508921205081143e-07,0.12249696505791834
4,B/b (40).csv,89,10,B,B,0.2508297981730137,0.7483637317151901,1.1088041924861258e-05,1.879015272222143e-07,0.0007951941683441756
4,B/b (40).csv,89,11,B,B,2.608164079379641e-05,0.8742701848069308,0.0004833791483851623,9.52966263848644e-06,0.12521082474125178
4,B/b (40).csv,89,12,B,B,2.8284263711806958e-05,0.9201941613085083,0.0008431113449478723,1.035041926227379e-05,0.07892409266356971
4,B/b (40).csv,89,13,B,B,2.7622745601583862e-05,0.9171742751554008,0.0005166451737083274,1.031093928388511e-05,0.08227114598600521
4,B/b (40).csv,89,14,B,B,2.772915276744228e-05,0.8688927910567416,1.0657656208738076e-05,0.0010945005228056087,0.1299743216114766
4,B/b (40).csv,89,15,B,B,2.434699110160778e-05,0.8639130791241433,0.00046115353543578133,1.0279955568458661e-05,0.13559114039375095
4,B/b (40).csv,89,16,B,B,2.649665621002456e-05,0.8917915619100938,0.0008251594108190231,1.1385784206652424e-05,0.10734539623867048
4,B/b (40).csv,89,17,B,B,2.5462146029634824e-05,0.874521157484087,0.0004985464968840291,1.0198552090970227e-05,0.12494463532090841
4,B/b (40).csv,89,18,B,B,2.603283572609041e-05,0.8938042952673053,0.10330504600057902,1.287116226313465e-05,0.002851754734126418
4,A/a (26).csv,25,0,A,A,0.8877727569814862,0.0011169804954168252,1.7284605686519815e-07,9.35582926838939e-06,0.11110073384777165
4,A/a (26).csv,25,1,A,A,0.8788399475981062,3.728218257781708e-05,0.0005054454984469769,1.900510296753979e-07,0.1206171346698392
4,A/a (26).csv,25,2,A,A,0.8661694521487469,3.66756242932522e-05,0.0004407256139462845,1.8399615983445744e-07,0.13335296261685373
4,A/a (26).csv,25,3,A,A,0.8902214951076575,0.001175018299028078,1.6643430615247362e-07,1.1969250838646471e-05,0.1085913509081696
4,A/a (26).csv,25,4,A,A,0.9167032645262614,1.2123998433185591e-06,9.34909865310812e-06,0.08219853842542539,0.0010876355498167015
4,A/a (26).csv,25,5,A,A,0.9141464387021674,1.2276307777274809e-06,9.348494822930185e-06,0.08471368057121632,0.001129304601015581
4,A/a (26).csv,25,6,A,A,0.9462915949881079,1.1808343515449609e-06,1.0041115332048237e-05,0.052604930950333445,0.001092252111875133
4,A/a (26).csv,25,7,A,A,0.9588603033815569,1.1819844211793923e-06,0.0006082488197943038,1.1290420885490993e-05,0.040518975393342156
4,A/a (26).csv,25,8,A,A,0.9629595953706679,1.2855570186727703e-06,0.001185539232311011,1.1734425820442019e-05,0.03584184541418208
4,A/a (26).csv,25,9,A,A,0.9390815605799928,3.972138076399152e-05,0.0005750952720997663,2.3402764136784828e-07,0.06030338873950214
4,A/a (26).csv,25,10,A,A,0.963531859622424,0.0011524275203936972,1.788366898449179e-07,1.0918391339281572e-05,0.03530461562915302
4,A/a (26).csv,25,11,A,A,0.9596239099009366,3.937444216390888e-05,0.0005353973730293963,2.156545689864592e-07,0.03980110262930111
4,A/a (26).csv,25,12,A,A,0.9511295138421303,0.001249737303176423,1.6919396523412812e-07,1.0896373126053211e-05,0.04760968328760196
4,A/a (26).csv,25,13,A,A,0.9981632661133758,0.0012133377320970979,9.95758576318093e-06,0.0005906428451945513,2.279572356942894e-05
4,A/a (26).csv,25,14,A,A,0.9715337967148129,1.2423526762494508e-06,9.973870554924983e-06,0.0276455196163709,0.000809467445584995
4,A/a (26).csv,25,15,A,A,0.9239997364592609,1.3217380170457175e-06,9.457014972401048e-06,0.0005995177267339001,0.07538996706101563
4,A/a (26).csv,25,16,A,A,0.9596975139657206,0.0392843381664215,1.8013772839150852e-07,9.809154608579019e-06,0.0010081585755210437
4,A/a (26).csv,25,17,A,A,0.921793860842462,0.0019776940878219154,2.473474397319889e-07,1.4388902922650327e-05,0.07621380881935383
4,A/a (26).csv,25,18,A,A,0.9064289210782297,6.066238583228666e-05,2.4914272342333394e-07,0.0015514503882209211,0.09195871700499371
4,C/c (38).csv,137,0,C,C,2.233167572208003e-05,0.15060944328554254,0.8485865471650923,9.473697271821257e-06,0.0007722041763711307
4,C/c (38).csv,137,1,C,C,2.3152375802822988e-05,0.15800163097000888,0.8410537921561804,9.976965000379985e-06,0.0009114475330074459
4,C/c (38).csv,137,2,C,C,2.3212853967541372e-05,0.10839218434840536,0.8909467146135014,0.0006115175565659907,2.63706275596982e-05
4,C/c (38).csv,137,3,C,C,2.4221904691565806e-05,4.615870989720975e-05,0.9411266534775469,0.05694594096878092,0.0018570249390834214
4,C/c (38).csv,137,4,C,C,2.3215367970863832e-05,3.8857420204942406e-05,0.8772744009643476,0.12149700735655332,0.0011665188909231838
4,C/c (38).csv,137,5,C,C,2.3627529977155127e-05,3.4776162848939974e-05,0.8757841151795314,0.12323239616812554,0.0009250849595170171
4,C/c (38).csv,137,6,C,C,2.3881306905186863e-05,3.7575994159978765e-05,0.8729430934667272,0.1253711165261949,0.0016243327060130274
4,C/c (38).csv,137,7,C,C,2.2757384182017043e-05,3.3974482799319075e-05,0.878625338120843,0.11859236866657048,0.0027255613456051934
4,C/c (38).csv,137,8,C,C,2.2981764023572157e-05,3.708193688039978e-05,0.8901655350254024,0.10872025775547192,0.0010541435182215796
4,C/c (38).csv,137,9,C,C,2.301273288781126e-05,4.09193942677423e-05,0.8784699553414962,0.12002597828169152,0.001440134249656886
4,C/c (38).csv,137,10,C,C,2.374159908368977e-05,0.07809522773118285,0.921222161976729,0.0006293851247050185,2.9483568299450798e-05
4,C/c (38).csv,137,11,C,C,2.3854347640156075e-05,0.0022332739339398352,0.8818682141975547,0.11585486436533579,1.9793155529497435e-05
4,C/c (38).csv,137,12,C,C,2.2922776759326407e-05,5.266416816999192e-05,0.8647071672180102,0.13383338038063766,0.001383865456422878
4,C/c (38).csv,137,13,C,C,2.3485642439564423e-05,0.0045133760347075905,0.865717240717408,0.12972232543526918,2.3572170175507726e-05
4,C/c (38).csv,137,14,C,C,2.2985156974513802e-05,0.13798600609249656,0.8611965407863637,0.0007707837389278534,2.3684225237573322e-05
4,C/c (38).csv,137,15,C,C,2.298632222148462e-05,0.1328699475356007,0.8664500238624213,0.0006321746761487904,2.4867603607549476e-05
4,C/c (38).csv,137,16,C,C,2.3639713015299223e-05,0.0014304523801953147,0.9004908870610343,0.09803045386519241,2.4566980562699005e-05
4,C/c (38).csv,137,17,C,C,2.3924866112151627e-05,0.0023284796080300344,0.887668713318412,0.10995595430499676,2.292790244910565e-05
4,C/c (38).csv,137,18,C,C,2.6957403379555052e-05,0.09629297456519872,0.9018260200221884,1.5417758944386268e-05,0.0018386302502889328
4,E/e (48).csv,247,0,E,E,2.4956553813767252e-05,4.5046363767915145e-05,0.13510564013342574,0.000556222915728035,0.8642681340332645
4,E/e (48).csv,247,1,E,E,2.4381242124000898e-05,0.0015404966510902526,0.136506897529478,1.2681034541328076e-05,0.8619155435427664
4,E/e (48).csv,247,2,E,E,2.494152366017819e-05,0.13577973657549092,0.0015913759038316112,1.0072798822743023e-05,0.8625938731981946
4,E/e (48).csv,247,3,E,E,2.6352173313186713e-05,0.0033868287710306644,1.0872657759502535e-05,0.06329661575580516,0.9332793306420915
4,E/e (48).csv,247,4,E,E,2.3817325020578416e-05,0.13704645008840446,0.0005784917314955286,1.0903108625043331e-05,0.8623403377464545
4,E/e (48).csv,247,5,E,E,2.4111256027873534e-05,3.611803746116011e-05,0.1384688225979209,0.0028544948167960136,0.858616453291794
4,E/e (48).csv,247,6,E,E,2.690121343414742e-05,4.101026611225275e-05,0.002532877635384346,0.12308758317392629,0.874311627711143
4,E/e (48).csv,247,7,E,E,2.6937768292744504e-05,4.458691389115287e-05,0.000730159552450592,0.05931429239864035,0.9398840233667252
4,E/e (48).csv,247,8,E,E,2.55086785466961e-05,5.0070994634917214e-05,0.07900582246849167,0.0010166837341876952,0.919901914124139
4,E/e (48).csv,247,9,E,E,2.5152861405653732e-05,5.0466174903653275e-05,0.08445848002926319,0.0006189935669537233,0.9148469073674738
4,E/e (48).csv,247,10,E,E,2.9214243566823654e-05,0.002236833097829005,0.0025185490048410565,0.0008345884346060855,0.994380815219157
4,E/e (48).csv,247,11,E,E,2.5470114108939178e-05,6.731532073701553e-05,0.09189703959091118,0.0008426362724523043,0.9071675387017906
4,E/e (48).csv,247,12,E,E,2.4544308309415535e-05,0.10935297749234972,0.0009454414579573303,1.2859513620307718e-05,0.8896641772277633
4,E/e (48).csv,247,13,E,E,2.532031823812508e-05,0.10171640483658298,0.0009004643560497893,1.1867119688351727e-05,0.8973459433694408
4,E/e (48).csv,247,14,E,E,2.6820841681759236e-05,0.12291637360974624,0.0006464769518823275,1.150163773407683e-05,0.8763988269589557
4,E/e (48).csv,247,15,E,E,2.5468408622065855e-05,0.13851538839627012,0.0009089531064394447,1.0573120412533518e-05,0.8605396169682559
4,E/e (48).csv,247,16,E,E,2.421592307661683e-05,0.13166112765473303,0.0013698348711444531,1.0262211478119843e-05,0.8669345593395678
4,E/e (48).csv,247,17,E,E,2.7586270712811078e-05,0.002262989858179848,1.334680464829011e-05,0.035612074960757155,0.9620840021057019
4,E/e (48).csv,247,18,E,E,2.5595303145351596e-05,0.13451756945452115,0.0005403907035700455,1.1165465697280805e-05,0.8649052790730662
4,D/d (9).csv,158,0,D,D,0.261783256733975,1.0849362817622547e-06,8.229366308211074e-06,0.7372405170317491,0.0009669119316858465
4,D/d (9).csv,158,1,D,D,2.7858291116210202e-05,0.0013674248543130772,1.0071787870771417e-05,0.8838014447149523,0.11479320035174767
4,D/d (9).csv,158,2,D,D,0.0006710761523247012,0.0016277853371824463,2.3445220153445987e-07,0.9598924596370776,0.03780844442121381
4,D/d (9).csv,158,3,D,D,0.0006244481829807352,0.04395862157391004,2.184935867176086e-07,0.9545520179112741,0.0008646938382484571
4,D/d (9).csv,158,4,D,D,2.409926150399464e-05,3.665514006937293e-05,0.09874823154292282,0.8973805025162076,0.003810511539296184
4,D/d (9).csv,158,5,D,D,2.2918412370601828e-05,4.04533903099734e-05,0.1413858102988123,0.8576885883877977,0.0008622295107095031
4,D/d (9).csv,158,6,D,D,2.7680400070696782e-05,4.5504310879096815e-05,0.03858836517287371,0.9602958667304774,0.0010425833856990507
4,D/d (9).csv,158,7,D,D,0.0006210634137124412,0.002001064719182859,1.830693188239679e-07,0.8993000453662346,0.09807764343155129
4,D/d (9).csv,158,8,D,E,2.931519944146302e-05,0.0019425711068369333,1.0761343433714915e-05,0.10483971649123867,0.8931776358590493
4,D/d (9).csv,158,9,D,D,2.403388149404822e-05,0.0013473278977431506,0.11036898660412905,0.8882388321953337,2.0819421299993276e-05
4,D/d (9).csv,158,10,D,D,2.479366494064936e-05,0.0014533046264191217,0.11892842557385302,0.8795729267469283,2.0549387858934527e-05
4,D/d (9).csv,158,11,D,D,2.6719170702296875e-05,3.8813565764993315e-05,0.11315364739082528,0.8859465057711117,0.0008343141015955589
4,D/d (9).csv,158,12,D,D,2.725396368966675e-05,5.254447034574572e-05,0.051539371552474664,0.947251750882512,0.0011290791309779664
4,D/d (9).csv,158,13,D,D,0.0006430009982149812,0.0033916102445824122,0.03647985828583469,0.9594848416391261,6.888322418903787e-07
4,D/d (9).csv,158,14,D,D,0.0006543878246247341,0.05166003356667895,2.4065062193637285e-07,0.946628128208871,0.001057209749203375
4,D/d (9).csv,158,15,D,D,2.816389184677376e-05,0.07641179116366519,1.0002431677790171e-05,0.9218677761528533,0.0016822663599568688
4,D/d (9).csv,158,16,D,D,2.8688092794010987e-05,0.11417327160405687,0.0007887158051374715,0.8849839011976499,2.5423300361692915e-05
4,D/d (9).csv,158,17,D,D,2.5588073184538836e-05,0.11288610861333127,0.0011110874030733188,0.8859291868640563,4.8029046354511264e-05
4,D/d (9).csv,158,18,D,D,2.389292773134245e-05,0.0016686782596067968,1.484426950680665e-05,0.8771782151610517,0.12111436938210356
4,E/e (19).csv,218,0,E,E,2.431848552929792e-05,0.0058749473348911245,1.572825430881916e-05,0.1127156516728521,0.8813693542524187
4,E/e (19).csv,218,1,E,B,2.423791155581777e-05,0.8859125091939032,3.900791524058244e-05,0.11117891515246306,0.00284532982683747
4,E/e (19).csv,218,2,E,B,2.4314352994385486e-05,0.888233269716894,0.0006925465522002128,1.2152443824368712e-05,0.11103771693408714
4,E/e (19).csv,218,3,E,B,2.3792755004737273e-05,0.8775802475699978,0.120462000240262,1.0906094499224576e-05,0.0019230533402361703
4,E/e (19).csv,218,4,E,B,2.2906525760669685e-05,0.8495805780844796,0.1489559067864045,1.3220417034085708e-05,0.0014273881863212327
4,E/e (19).csv,218,5,E,E,2.9404315526258263e-05,4.4113854795688357e-05,0.037793346802603454,0.0006662192710134644,0.9614669157560611
4,E/e (19).csv,218,6,E,E,2.9204053188962346e-05,3.9866938671506436e-05,0.0008164383780023738,0.1129282603627626,0.8861862302673745
4,E/e (19).csv,218,7,E,E,3.153360931891933e-05,0.0021658810351528244,1.1450518225744957e-05,0.11483752429056511,0.8829536105467374
4,E/e (19).csv,218,8,E,E,2.615620416297234e-05,4.917942909656637e-05,0.000684628108064588,0.09869753294376672,0.9005425033149091
4,E/e (19).csv,218,9,E,E,2.4309825741801583e-05,4.8350893052301946e-05,0.0006439216216424216,0.12189023087827952,0.877393186781284
4,E/e (19).csv,218,10,E,E,2.4052764595976016e-05,0.0013941793184741392,1.2716617546505994e-05,0.134729744720347,0.8638393065790364
4,E/e (19).csv,218,11,E,C,2.2607729726475364e-05,4.3215227920262096e-05,0.8721209245523622,0.0026663763259817137,0.12514687616400924
4,E/e (19).csv,218,12,E,E,2.8517263895771468e-05,0.004123367093601513,0.0012064988516894248,0.0015837801347564741,0.9930578366560568
4,E/e (19).csv,218,13,E,E,2.49012503239916e-05,0.0015140994936243101,1.4651467713276104e-05,0.10928627434124412,0.8891600734470942
4,E/e (19).csv,218,14,E,E,2.544908880163311e-05,0.0012020719637524171,1.038410842946664e-05,0.1349096431113422,0.8638524517276742
4,E/e (19).csv,218,15,E,E,2.42404312621144e-05,0.0017855464662658626,9.175232095556947e-06,0.14035640287574866,0.8578246349946278
4,E/e (19).csv,218,16,E,D,2.296925383024732e-05,3.735571992375195e-05,0.0025616214790259665,0.8583461880537973,0.1390318654934227
4,E/e (19).csv,218,17,E,D,2.2722307587133925e-05,3.608787359868078e-05,0.0027443885911592747,0.864278041976762,0.132918759250893
4,E/e (19).csv,218,18,E,D,2.3489510981147743e-05,0.0036679636327078173,1.2838878853917783e-05,0.8722461490730339,0.12404955890442335
4,D/d (25).csv,174,0,D,D,0.0006244002620179401,0.001441797852393202,2.0609975129601337e-07,0.8916135847720316,0.10632001101380598
4,D/d (25).csv,174,1,D,D,2.5729023661024227e-05,3.893820979894583e-05,0.0006959875273432059,0.8790981248892514,0.12014122034994539
4,D/d (25).csv,174,2,D,D,2.450052619334548e-05,3.9573174768535915e-05,0.0005278470191130166,0.88052446675658,0.11888361252334524
4,D/d (25).csv,174,3,D,D,2.659875421947279e-05,3.8153867496440586e-05,0.03863489769011909,0.9600304775867302,0.0012698721014348417
4,D/d (25).csv,174,4,D,D,0.2128399548497258,1.048094903655675e-06,0.000491648332490242,0.7866454507597934,2.1897963087015347e-05
4,D/d (25).csv,174,5,D,D,0.33152865151579747,1.0038459239538689e-06,8.177784102560178e-06,0.6678065422083321,0.0006556246458439022
4,D/d (25).csv,174,6,D,D,0.22278965269146425,1.1653354842040533e-06,8.796176415461914e-06,0.7764095878927435,0.0007907979038926176
4,D/d (25).csv,174,7,D,D,2.7221141582983546e-05,4.5099617278806096e-05,0.03486721480549352,0.9638050833329934,0.0012553811026513005
4,D/d (25).csv,174,8,D,D,0.014473030650416923,0.05268410260780369,2.1238344834619763e-07,0.9328167677755996,2.5886582731431044e-05
4,D/d (25).csv,174,9,D,D,0.0006695911981678006,0.07083245314813093,2.2437949656427043e-07,0.9274263982378307,0.0010713330363740117
4,D/d (25).csv,174,10,D,D,0.22442590045911703,0.0016340317349541158,1.7796861913914215e-07,0.7739090013465242,3.0888490785643205e-05
4,D/d (25).csv,174,11,D,D,0.23757452272038135,0.0013837817057521223,1.8292189579537727e-07,0.7610150478230576,2.6464828913062565e-05
4,D/d (25).csv,174,12,D,D,0.0006716240412466191,0.08633763212881174,2.0654644735664823e-07,0.912004632488748,0.0009859047947463667
4,D/d (25).csv,174,13,D,D,0.2749926516091189,3.276242559564767e-05,0.00042932536040578496,0.7245447252317844,5.353730953086929e-07
4,D/d (25).csv,174,14,D,D,2.933463020353582e-05,4.355422801927648e-05,0.0005908521474957747,0.9565025960786887,0.042833662915592687
4,D/d (25).csv,174,15,D,D,0.015585427467362259,0.048614798478963266,2.2331687721596044e-07,0.9357706585053576,2.8892231439677932e-05
4,D/d (25).csv,174,16,D,D,2.5852664276541033e-05,4.408409660794275e-05,0.0005137680251268073,0.8788989869776271,0.12051730823636146
4,D/d (25).csv,174,17,D,D,2.5088567763650267e-05,4.055012181777054e-05,0.0005021085599432076,0.8659530499070683,0.13347920284340706
4,D/d (25).csv,174,18,D,A,0.9053196164873147,5.336309790275135e-05,1.8940075713666938e-07,0.09203358032601149,0.0025932506880139354
4,E/e (22).csv,221,0,E,B,2.3618575501266854e-05,0.8570761443088712,0.0005630797586460328,1.1255911551332622e-05,0.14232590144543011
4,E/e (22).csv,221,1,E,E,2.4750566050383803e-05,0.12374090840807471,0.0006020747103578265,1.5755199502401636e-05,0.8756165111160147
4,E/e (22).csv,221,2,E,E,2.4046752346983727e-05,0.10504034844436609,0.0016411853438388162,1.5387490190384527e-05,0.8932790319692576
4,E/e (22).csv,221,3,E,E,2.48299021028395e-05,0.1248067679795899,0.0007104241652633154,1.1300569229431837e-05,0.8744466773838145
4,E/e (22).csv,221,4,E,D,0.026362460746813813,5.0166814519843466e-05,2.3323511015452648e-07,0.8724569181508418,0.10113022105271437
4,E/e (22).csv,221,5,E,D,0.3451918635364551,9.197541323131648e-07,7.250769756732473e-06,0.6530389310225785,0.001761034917077468
4,E/e (22).csv,221,6,E,E,2.4732855316965335e-05,3.447372424823197e-05,0.14374307417161353,0.002825169381688056,0.8533725498671333
4,E/e (22).csv,221,7,E,E,2.9228362957129377e-05,3.989267646151172e-05,0.053002820023444336,0.0010969176956089244,0.9458311412415281
4,E/e (22).csv,221,8,E,E,2.53464024049297e-05,3.8127997805306434e-05,0.0006736230814112288,0.12836793366049223,0.8708949688578863
4,E/e (22).csv,221,9,E,E,2.4788995924251275e-05,3.8788140037654014e-05,0.002001211094266496,0.12163567960129514,0.8762995321684764
4,E/e (22).csv,221,10,E,E,2.4707872668079552e-05,3.676229763391158e-05,0.0025209345188998266,0.1167354657587678,0.8806821295520304
4,E/e (22).csv,221,11,E,E,2.6549118476595836e-05,4.5093280049181575e-05,0.0006077108106868338,0.10832918467549957,0.8909914621152878
4,E/e (22).csv,221,12,E,E,2.504463330649595e-05,4.047609511210857e-05,0.0007546218586105769,0.12690536071436814,0.8722744966986027
4,E/e (22).csv,221,13,E,E,2.6369148398765035e-05,4.050912627752967e-05,0.0010164658761755486,0.09581870308529458,0.9030979527638535
4,E/e (22).csv,221,14,E,E,2.9459251416272716e-05,3.9705373719013276e-05,0.06527412372336269,0.001963737278253579,0.9326929743732484
4,E/e (22).csv,221,15,E,E,2.576238212546977e-05,3.7939502884117266e-05,0.0006789165701279774,0.131180848822103,0.8680765327227594
4,E/e (22).csv,221,16,E,E,2.8548790164098233e-05,4.0018585234849604e-05,0.0005463160269340824,0.10938381547707766,0.8900013011205894
4,E/e (22).csv,221,17,E,E,2.9844879636966807e-05,4.833594935930617e-05,0.05155446775445211,0.001433614067418944,0.9469337373491327
4,E/e (22).csv,221,18,E,E,0.0015848624794775625,0.1494421104109984,2.0282732844917934e-07,0.0007932037617320825,0.8481796205204635
4,E/e (20).csv,219,0,E,E,2.3678559898204717e-05,0.12321992083887993,0.003310152913418233,1.3769058691809096e-05,0.8734324786291118
4,E/e (20).csv,219,1,E,E,2.4219783950005226e-05,0.13228277856832132,0.0018470958310321229,1.0803645296211305e-05,0.8658351021714004
4,E/e (20).csv,219,2,E,E,2.3112460398444908e-05,0.14857189439779453,0.00275452896975384,1.0947630193989307e-05,0.8486395165418592
4,E/e (20).csv,219,3,E,E,2.3534824815349967e-05,0.14306483435067768,0.0025169146506144294,1.156878580563196e-05,0.854383147388087
4,E/e (20).csv,219,4,E,E,2.7090102696967958e-05,0.10671931250342881,0.0013559591304126777,1.0797759753460408e-05,0.891886840503708
4,E/e (20).csv,219,5,E,E,0.0005850686678380257,0.14710845615874565,1.7305495521582104e-07,0.0008169900955159173,0.8514893120229451
4,E/e (20).csv,219,6,E,E,2.6833628409860883e-05,0.001335360937686934,9.638586433467325e-06,0.1306906305110192,0.8679375363364505
4,E/e (20).csv,219,7,E,E,2.9010001629432847e-05,0.0014664973851313907,1.0794889371673264e-05,0.0662618102617068,0.9322318874621607
4,E/e (20).csv,219,8,E,E,2.961096500011921e-05,0.0016524237916433842,1.134467168563603e-05,0.10965819006233923,0.8886484305093316
4,E/e (20).csv,219,9,E,E,3.209408418716563e-05,0.05532211323440034,1.2817014439898338e-05,0.00071938431898741,0.9439135913479852
4,E/e (20).csv,219,10,E,E,2.8263466644109188e-05,0.05588047995042546,1.1778428323171517e-05,0.0007438949263167777,0.9433355832282905
4,E/e (20).csv,219,11,E,E,2.7093915568078878e-05,0.0029413379260078403,9.981972025497708e-06,0.11075238612599148,0.8862692000604071
4,E/e (20).csv,219,12,E,E,2.7280576060320447e-05,0.1507266818990194,9.139731164105767e-06,0.0005516770708605433,0.8486852207228958
4,E/e (20).csv,219,13,E,E,2.5268554087706692e-05,0.1169266396550742,1.2615958352000477e-05,0.0006846801774275065,0.8823507956550586
4,E/e (20).csv,219,14,E,E,2.4559490634493225e-05,0.1442583254455718,1.5772726495044517e-05,0.001781051098180112,0.8539202912391186
4,E/e (20).csv,219,15,E,E,3.0050594851454348e-05,5.425952436353609e-05,0.06916754408402356,0.002067421015864467,0.928680724780897
4,E/e (20).csv,219,16,E,E,2.95262100397867e-05,4.795102108922618e-05,0.08002255438432263,0.0018634497448067778,0.9180365186397416
4,E/e (20).csv,219,17,E,E,2.5276313145280482e-05,4.034965347182019e-05,0.0005434577280304418,0.12065969974598978,0.8787312165593626
4,E/e (20).csv,219,18,E,E,2.475173935736713e-05,0.0016280638762780086,1.0297036154805222e-05,0.13484306056820447,0.8634938267800053
4,E/e (33).csv,232,0,E,E,2.923454103533857e-05,0.06296780561343242,0.000685418084684434,1.6702803537920684e-05,0.93630083895731
4,E/e (33).csv,232,1,E,E,2.8498301087364493e-05,0.11853974847230436,0.000668665790371299,1.2037696121932531e-05,0.8807510497401151
4,E/e (33).csv,232,2,E,E,2.8353681984663398e-05,0.09727005224174935,0.0006415247313100989,1.0741243035788823e-05,0.9020493281019201
4,E/e (33).csv,232,3,E,E,2.356555917845802e-05,0.14677314155813628,0.0010624283683460403,1.0069970744381409e-05,0.8521307945435949
4,E/e (33).csv,232,4,E,E,2.7837535375560668e-05,0.05746645707472411,0.0006722495623473154,1.1100981423039695e-05,0.94182235484613
4,E/e (33).csv,232,5,E,E,2.686770245302482e-05,4.329133634165998e-05,0.12666981850743933,0.0005579721541305246,0.8727020502996354
4,E/e (33).csv,232,6,E,E,0.0007783282057508355,4.885664683290213e-05,0.0006052072865260787,0.000673886119025085,0.9978937217418652
4,E/e (33).csv,232,7,E,E,2.9968053869664458e-05,0.05522383780440772,1.0610568279950537e-05,0.001098124836524183,0.9436374587369185
4,E/e (33).csv,232,8,E,E,2.6769723502701798e-05,4.210621398988295e-05,0.0006687042146337573,0.07101301697305945,0.9282494028748143
4,E/e (33).csv,232,9,E,E,3.0254549930788806e-05,0.0018263442527141841,0.000837045693209634,0.0008893052350627161,0.9964170502690827
4,E/e (33).csv,232,10,E,E,2.8790119716315773e-05,0.04925443851238008,0.000615895587460439,1.4096923480542806e-05,0.9500867788569626
4,E/e (33).csv,232,11,E,E,2.8728000757291717e-05,0.0016947004310732196,1.0499712425259464e-05,0.05606361551978666,0.9422024563359576
4,E/e (33).csv,232,12,E,E,3.0001107254053928e-05,0.0019450621622768387,1.2572271338603573e-05,0.03680166772506809,0.9612106967340625
4,E/e (33).csv,232,13,E,E,2.9608310394963203e-05,0.05764742089855697,1.1321579705376737e-05,0.0007020385292312232,0.9416096106821115
4,E/e (33).csv,232,14,E,E,2.888848446550856e-05,0.06450957384615752,0.0006235748403159359,1.2824595198013498e-05,0.934825138233863
4,E/e (33).csv,232,15,E,E,2.9906790651926974e-05,0.06542431721484517,0.000682662481100357,1.4192090167224748e-05,0.9338489214232353
4,E/e (33).csv,232,16,E,E,3.0697565721959507e-05,0.04749989322259057,0.0007373762663362887,1.6885439459016796e-05,0.9517151475058921
4,E/e (33).csv,232,17,E,E,2.8763314325508254e-05,4.7854600655865716e-05,0.045806615675868544,0.0006566021794723327,0.9534601642296777
4,E/e (33).csv,232,18,E,B,2.6780645540163453e-05,0.8560424977177689,9.036610466589005e-06,0.0004879947635204281,0.14343369026270392
4,D/d (27).csv,176,0,D,D,0.015402280814833018,4.775943980126825e-05,2.2608795774792695e-07,0.8952191555219444,0.08933057813546355
4,D/d (27).csv,176,1,D,D,0.013975178813781953,1.329568583332248e-06,1.030602472467408e-05,0.9250081767682488,0.06100500882466138
4,D/d (27).csv,176,2,D,D,2.819050957763431e-05,4.18789697186695e-05,0.03643263920585089,0.9625916361934085,0.0009056551214443007
4,D/d (27).csv,176,3,D,D,0.23108563594903128,1.1147673726924133e-06,9.138088341629933e-06,0.7681786636066118,0.0007254475886426676
4,D/d (27).csv,176,4,D,D,0.2036531385278894,1.1041142096039626e-06,0.0004829940972108943,0.7958426915417177,2.0071718972386707e-05
4,D/d (27).csv,176,5,D,D,0.2444145170356789,1.1539588856843502e-06,8.899230894194566e-06,0.7545711940039703,0.0010042357705707943
4,D/d (27).csv,176,6,D,D,0.01463949951510002,1.3279863780876209e-06,1.0426057781926997e-05,0.8958056386759329,0.08954310776480699
4,D/d (27).csv,176,7,D,D,0.0005601757289737426,1.2149671425947823e-06,0.0005053536725112184,0.8935864173433478,0.10534683828802463
4,D/d (27).csv,176,8,D,D,0.013671454741631067,1.4399293137938794e-06,1.1523777310419e-05,0.945042025055465,0.04127355649627967
4,D/d (27).csv,176,9,D,D,0.01534244167107747,1.4211641809610943e-06,1.0469523947192577e-05,0.9477488838369793,0.03689678380381496
4,D/d (27).csv,176,10,D,D,0.22464366450127854,3.872724689530229e-05,1.6361883385180035e-07,0.7743036118981497,0.0010138327348424617
4,D/d (27).csv,176,11,D,D,2.9679851110789947e-05,4.8944706042001466e-05,0.03322713231807869,0.9654982029685907,0.0011960401561778406
4,D/d (27).csv,176,12,D,D,2.7613221984747575e-05,5.441318095454819e-05,0.0005826142006792705,0.9524384016009166,0.04689695779546488
4,D/d (27).csv,176,13,D,D,2.4818727874995355e-05,5.0499266306642075e-05,0.0634131256037558,0.9338598670133045,0.0026516893887580215
4,D/d (27).csv,176,14,D,D,2.4738640984246525e-05,4.309765583509727e-05,0.07100296138642488,0.9280048538348831,0.0009243484818726493
4,D/d (27).csv,176,15,D,D,2.4076360538533925e-05,3.909894745659977e-05,0.0007484805149942753,0.906172224957391,0.09301611921961953
4,D/d (27).csv,176,16,D,E,2.462520479238936e-05,4.437382443939415e-05,0.0017085413916118454,0.13139256233138943,0.8668298972477669
4,D/d (27).csv,176,17,D,D,2.4072932602186346e-05,0.005263465274094288,9.296320343942083e-06,0.8697231238164683,0.12498004165649128
4,D/d (27).csv,176,18,D,E,0.0006950985027853732,0.14090705524939665,1.9509744474653348e-07,0.002231935717025417,0.8561657154333479
4,A/a (4).csv,3,0,A,A,0.914666437889256,0.0019984236865996955,1.6603588141385938e-07,1.6949919277277045e-05,0.08331802246898548
4,A/a (4).csv,3,1,A,A,0.9444055358495443,0.05423826069060218,1.6833614535667065e-07,1.0515370002658966e-05,0.001345519753705311
4,A/a (4).csv,3,2,A,A,0.8908878897884627,0.0014863766683005234,1.0286001800062106e-05,1.752405393783357e-07,0.10761527230089725
4,A/a (4).csv,3,3,A,A,0.9040424333142953,0.0018204522524942277,9.85534536660344e-06,1.8379106860025333e-07,0.09412707529677515
4,A/a (4).csv,3,4,A,A,0.9071232109578249,3.8522875265174156e-05,0.0005004799795788355,1.9232060316307002e-07,0.092337593866728
4,A/a (4).csv,3,5,A,A,0.8855585605721564,1.3176506610865792e-06,9.010170200997596e-06,0.0005980100876675672,0.11383310151931396
4,A/a (4).csv,3,6,A,A,0.9654529725091018,1.1927779132993887e-06,1.298820438365543e-05,0.0006622369168922693,0.03387060959170908
4,A/a (4).csv,3,7,A,A,0.9451626904245596,1.189638487751929e-06,0.05416753473599318,0.0006470925240653769,2.1492676894036675e-05
4,A/a (4).csv,3,8,A,A,0.9972006920533644,0.0012536767475441136,1.9104055350736494e-07,0.0006657215345624215,0.0008797186239757177
4,A/a (4).csv,3,9,A,A,0.9541271454619686,4.556910918894971e-05,0.0005822795198959722,0.045244342301230756,6.63607715570201e-07
4,A/a (4).csv,3,10,A,A,0.8903780498863825,0.10803536323678074,1.6443788850994202e-07,2.036363183824631e-05,0.00156605880711006
4,A/a (4).csv,3,11,A,A,0.8815494560688676,0.0034313270222818574,1.6690877124513887e-07,1.1377997628754456e-05,0.11500767200245067
4,A/a (4).csv,3,12,A,A,0.96966457772113,4.192592458349685e-05,0.0005917289456987108,2.3458008305036316e-07,0.0297015328285048
4,A/a (4).csv,3,13,A,A,0.8944018512839144,0.10424470175113174,1.7612805531079716e-07,9.806766711918334e-06,0.0013434640701865726
4,A/a (4).csv,3,14,A,A,0.9502385728394093,0.04884931222749788,2.1109046249104472e-07,1.0284658528667354e-05,0.0009016191841018011
4,A/a (4).csv,3,15,A,A,0.9522712992357077,0.04768543826077473,1.0905738492810665e-05,1.0675701481054142e-05,2.1681063543616567e-05
4,A/a (4).csv,3,16,A,A,0.9512284332877174,0.04789371561204561,2.050095158076249e-07,1.3583000036040695e-05,0.0008640630906852883
4,A/a (4).csv,3,17,A,D,3.133676200324576e-05,5.380471226095963e-05,0.0012717046389567326,0.900931680681473,0.09771147320530607
4,A/a (4).csv,3,18,A,E,3.0395065258374923e-05,0.0036802058924493373,2.0126464085880267e-05,0.1095119775077876,0.8867572950704188
4,E/e (6).csv,205,0,E,E,2.6693905443555856e-05,0.0707438219170132,0.0006183574137020846,1.2226951639417753e-05,0.9285988998122018
4,E/e (6).csv,205,1,E,E,2.4715282040342253e-05,4.1451535018000226e-05,0.1327790900258868,0.0005112857580049704,0.8666434573990498
4,E/e (6).csv,205,2,E,E,2.4214358128596276e-05,0.0013950774942648471,0.14068629106163033,9.70352262794105e-06,0.8578847135633483
4,E/e (6).csv,205,3,E,E,2.6932685516007853e-05,0.001426951645455666,0.074561742485261,1.2023866752357763e-05,0.923972349317015
4,E/e (6).csv,205,4,E,E,2.989255721918906e-05,0.0433906945025882,0.0009212297066038775,1.2720470915718345e-05,0.955645462762673
4,E/e (6).csv,205,5,E,E,2.9915283479678666e-05,4.1167066568263143e-05,0.10439423224009593,0.001244265451724488,0.8942904199581316
4,E/e (6).csv,205,6,E,E,0.0005789441808792171,1.2073479873045547e-06,0.0008056670769172703,0.134337849853257,0.8642763315409592
4,E/e (6).csv,205,7,E,E,2.551524240481508e-05,3.677847169126525e-05,0.0007833490650011407,0.14077946292707808,0.8583748942938247
4,E/e (6).csv,205,8,E,E,2.4778235168011464e-05,3.488828037887569e-05,0.0022711557523534555,0.1335854665343764,0.8640837111977232
4,E/e (6).csv,205,9,E,E,2.59453630616623e-05,3.716448329795362e-05,0.0993822078332784,0.00189833419585546,0.8986563481245066
4,E/e (6).csv,205,10,E,E,0.0006726329429162496,1.4756786300477867e-06,0.0010172261104872472,0.08141347218556926,0.9168951930823972
4,E/e (6).csv,205,11,E,D,2.7076492619673216e-05,3.9846669046352456e-05,0.002152012466490338,0.8735752159116351,0.12420584846020852
4,E/e (6).csv,205,12,E,E,2.4722698856914126e-05,3.831081857256069e-05,0.0005513629027824602,0.1311133097568786,0.8682722938229095
4,E/e (6).csv,205,13,E,E,2.724861614154567e-05,3.9808309312258704e-05,0.002174461797380454,0.09591075578122805,0.9018477254959377
4,E/e (6).csv,205,14,E,D,2.734216905520667e-05,3.9632970868034346e-05,0.11548571262085261,0.8816918367200782,0.0027554755191458707
4,E/e (6).csv,205,15,E,C,2.46405837621787e-05,4.1924242596285996e-05,0.8725644410137865,0.001643049280665549,0.12572594487918942
4,E/e (6).csv,205,16,E,C,2.6699290669376904e-05,3.7707237836783684e-05,0.8761885038680843,0.0021825678169828766,0.12156452178642672
4,E/e (6).csv,205,17,E,E,2.8835308229182596e-05,4.423140313282701e-05,0.0010176018723736205,0.12066562276379393,0.8782437086524704
4,E/e (6).csv,205,18,E,B,2.7690174950050894e-05,0.8737176447762134,1.1179765035423367e-05,0.0007327557341438822,0.1255107295496572
4,D/d (46).csv,195,0,D,D,2.761382340240279e-05,4.2592619755421036e-05,0.0005231655506107775,0.9433044498467347,0.05610217815949684
4,D/d (46).csv,195,1,D,D,2.4156812377967963e-05,3.610446405954075e-05,0.0009263437418255214,0.8651833902238333,0.13383000475790377
4,D/d (46).csv,195,2,D,D,2.281892620528606e-05,3.778793183567312e-05,0.0013887032956619641,0.8658123270088419,0.13273836283745513
4,D/d (46).csv,195,3,D,D,2.3450218694433718e-05,3.743993614325979e-05,0.000735124913980542,0.8885175580695177,0.11068642686166398
4,D/d (46).csv,195,4,D,D,2.3362566144702246e-05,3.585943873424504e-05,0.0005091727523283861,0.8654185430202143,0.13401306222257836
4,D/d (46).csv,195,5,D,D,2.5168252917392233e-05,3.9624346335629465e-05,0.0004738631416497397,0.8670612784097743,0.1324000658493229
4,D/d (46).csv,195,6,D,D,0.22555803232400004,3.531980432308055e-05,1.5984306901175695e-07,0.7735096815362376,0.0008968064923704536
4,D/d (46).csv,195,7,D,D,0.017413496625861814,4.907415163652749e-05,1.969577757089165e-07,0.9412011400015916,0.04133609226313435
4,D/d (46).csv,195,8,D,D,2.3557571901669354e-05,3.695728068289573e-05,0.13327672292353288,0.8658700915081193,0.0007926707157631971
4,D/d (46).csv,195,9,D,D,2.697039486200285e-05,4.427843611905982e-05,0.034455301907932875,0.9645875953408077,0.0008858539202784042
4,D/d (46).csv,195,10,D,D,2.4375725452601694e-05,3.878974685370091e-05,0.0005246583844581767,0.8764926676378555,0.12291950850538015
4,D/d (46).csv,195,11,D,D,2.2806507270279515e-05,3.939731130479438e-05,0.13003929398371922,0.8656020081305861,0.004296494067119589
4,D/d (46).csv,195,12,D,D,2.2460471754166207e-05,3.6491169510859634e-05,0.15042620325453387,0.8485127609367821,0.001002084167419007
4,D/d (46).csv,195,13,D,D,2.4041485711273572e-05,0.0012153756479494071,0.14648348514748163,0.8522560293743008,2.1068344556957742e-05
4,D/d (46).csv,195,14,D,C,2.4220054443679032e-05,4.787673030935913e-05,0.878121564650082,0.11942072806806697,0.00238561049709791
4,D/d (46).csv,195,15,D,D,2.2598215001430938e-05,4.5835945992237545e-05,0.14055742926242212,0.8575304239068179,0.0018437126697663348
4,D/d (46).csv,195,16,D,D,2.2480406672764384e-05,4.199711517022991e-05,0.139734566253741,0.859172962771381,0.0010279934530350067
4,D/d (46).csv,195,17,D,C,2.2779904519105774e-05,3.8555539439075615e-05,0.8641814071376932,0.13495217109692978,0.000805086321418732
4,D/d (46).csv,195,18,D,D,2.2937838874112136e-05,0.0014258616334451733,0.14860480119314218,0.8499231397118906,2.325962264786377e-05
4,C/c (26).csv,125,0,C,C,2.1786132902633453e-05,4.228328616638884e-05,0.8670086982577184,0.12997425485831585,0.0029529774648966015
4,C/c (26).csv,125,1,C,C,2.4458023456593522e-05,4.389536003159012e-05,0.8895256358823569,0.1091930661254781,0.001212944608676829
4,C/c (26).csv,125,2,C,C,2.5281747805865043e-05,4.1542322886006475e-05,0.9000659000267712,0.09769379339375817,0.002173482508778747
4,C/c (26).csv,125,3,C,C,2.7365654573904448e-05,5.1824497476281995e-05,0.9203156656318353,0.07751352605718771,0.0020916181589268478
4,C/c (26).csv,125,4,C,C,2.2790126102687724e-05,4.013075199759155e-05,0.8847244731923992,0.11348408996953163,0.0017285159599688283
4,C/c (26).csv,125,5,C,C,2.3371347034819576e-05,4.2364683114399665e-05,0.8737862419310847,0.1230627286346767,0.003085293404089512
4,C/c (26).csv,125,6,C,C,2.3718547462909616e-05,3.4991877916772826e-05,0.8862885745525251,0.11278462519422086,0.0008680898278743615
4,C/c (26).csv,125,7,C,C,2.3872207838555446e-05,3.244978090022765e-05,0.8765824152961808,0.1223023726024026,0.0010588901126778974
4,C/c (26).csv,125,8,C,C,2.2470459218825167e-05,3.304069496150875e-05,0.862563419977064,0.1363651996976128,0.0010158691711427735
4,C/c (26).csv,125,9,C,D,2.2450102682248206e-05,3.5860802242427056e-05,0.14630085837860765,0.8527393067767571,0.0009015239397106368
4,C/c (26).csv,125,10,C,C,2.2729609949026124e-05,4.2123052544060035e-05,0.8662115697520033,0.13137542019028595,0.0023481573952176316
4,C/c (26).csv,125,11,C,C,2.456187407110844e-05,4.1091286345424595e-05,0.9206493666619764,0.0008273302390282298,0.07845764993857889
4,C/c (26).csv,125,12,C,C,2.5017583884998705e-05,4.30810775561643e-05,0.9702049815746703,0.028740951219062658,0.0009859685448260077
4,C/c (26).csv,125,13,C,C,2.3855520314296227e-05,0.12115658603487497,0.8775418822651476,0.001236536644469844,4.1139535193278896e-05
4,C/c (26).csv,125,14,C,C,2.2964845337961735e-05,0.004141259313530071,0.9004255525249315,0.09538454624528801,2.5677070912394444e-05
4,C/c (26).csv,125,15,C,C,2.2217885068101624e-05,0.126039498054903,0.8729132419580782,1.3694885376730049e-05,0.001011347216574057
4,C/c (26).csv,125,16,C,C,2.660360976208474e-05,0.0019420452078525753,0.934033191094942,1.3142953528960411e-05,0.06398501713391438
4,C/c (26).csv,125,17,C,C,2.3574420181316432e-05,0.14690957489885584,0.8498669212806728,1.1616591239824293e-05,0.003188312809050206
4,C/c (26).csv,125,18,C,C,2.690978267085707e-05,0.11835951605279729,0.8795866742768316,1.570684646895937e-05,0.0020111930412314415
4,E/e (13).csv,212,0,E,E,3.06911389092476e-05,0.10070014769011168,0.0014114432267257574,2.517487912205632e-05,0.8978325430651313
4,E/e (13).csv,212,1,E,B,2.6147231890307038e-05,0.8699581615649571,1.7341197485721805e-05,0.0010474848212949541,0.1289508651843721
4,E/e (13).csv,212,2,E,E,2.541377240545649e-05,0.15621449526291026,0.0008818073293843404,1.3024682830804233e-05,0.8428652589524691
4,E/e (13).csv,212,3,E,E,2.349165096800584e-05,0.15650681497079982,0.0022612280871977617,1.0647151644407333e-05,0.8411978181393901
4,E/e (13).csv,212,4,E,E,2.364930321734991e-05,0.16295398497796962,0.0005077345576147558,9.291447847242687e-06,0.8365053397133511
4,E/e (13).csv,212,5,E,E,2.747540037523052e-05,0.0016021599132803352,0.07852845220793987,1.0430642070369794e-05,0.9198314818363342
4,E/e (13).csv,212,6,E,E,2.6537496935177815e-05,3.8915179880568214e-05,0.1403816995469631,0.001809565500756943,0.8577432822754643
4,E/e (13).csv,212,7,E,E,2.4642220812559568e-05,3.94113852684873e-05,0.0022651143682790335,0.10933436619941313,0.8883364658262268
4,E/e (13).csv,212,8,E,E,2.7090726683936634e-05,4.5587141258369106e-05,0.0007003529340228823,0.1089748400901717,0.8902521291078631
4,E/e (13).csv,212,9,E,E,3.1883268702321914e-05,4.958903185223655e-05,0.0005934945674953168,0.029885133719552648,0.9694398994123974
4,E/e (13).csv,212,10,E,E,2.8316667410362176e-05,0.0015380674213840756,1.3367104102810918e-05,0.04627296044965679,0.9521472883574459
4,E/e (13).csv,212,11,E,E,2.711378682276489e-05,0.004074736899882793,1.0056671391459067e-05,0.1161868033577791,0.8797012892841239
4,E/e (13).csv,212,12,E,E,2.8661826023276918e-05,4.910364855580896e-05,0.0006516805101710283,0.04994939445106486,0.949321159564185
4,E/e (13).csv,212,13,E,E,2.7244190519593586e-05,0.0015749053638460903,0.03915360450450209,1.2219401627149128e-05,0.9592320265395051
4,E/e (13).csv,212,14,E,E,2.6440376614956328e-05,0.06207734709946232,1.0768949996552311e-05,0.0006792017329603321,0.9372062418409658
4,E/e (13).csv,212,15,E,E,2.7954919834152355e-05,0.1262996460353843,1.2422139203808032e-05,0.0007657239709769071,0.8728942529346009
4,E/e (13).csv,212,16,E,E,2.9172387281370406e-05,5.181954065626721e-05,0.10024287502169044,0.0006399038792927302,0.8990362291710792
4,E/e (13).csv,212,17,E,E,2.6385368363487932e-05,0.13994503178960482,9.645266086341557e-06,0.0005626619659045406,0.8594562756100408
4,E/e (13).csv,212,18,E,B,2.7052788904572526e-05,0.900886161668137,1.014610449700889e-05,0.0006183503190123041,0.09845828911944926
5,B/b (10).csv,59,0,B,B,5.176144368025758e-06,0.8900426743499819,1.347512531682979e-05,0.0008595383128775355,0.10907913606745565
5,B/b (10).csv,59,1,B,B,5.303072356113066e-06,0.8870137798714346,0.0007352735584457447,2.1625645094316622e-05,0.1122240178526693
5,B/b (10).csv,59,2,B,B,5.348301541186346e-06,0.8843819172999161,0.0009519426162324767,2.0647746775195573e-05,0.11464014403553506
5,B/b (10).csv,59,3,B,B,5.354244271767391e-06,0.8871183480226139,0.0007618862942331502,2.1344268949052893e-05,0.11209306716993202
5,B/b (10).csv,59,4,B,B,5.622593092033215e-06,0.9357899426528389,0.0007287241115217142,2.2221560453231197e-05,0.06345348908209406
5,B/b (10).csv,59,5,B,B,5.447815915470487e-06,0.9186552072777578,1.3957443095366574e-05,0.0008308702121514418,0.08049451725107985
5,B/b (10).csv,59,6,B,B,0.25600429327090163,0.7422122626803949,2.0782495750344383e-07,0.001750540665083886,3.269555866213281e-05
5,B/b (10).csv,59,7,B,A,0.8702250147203932,0.12726320875880873,2.2793573159760892e-07,0.0024913915001778873,2.015708488857662e-05
5,B/b (10).csv,59,8,B,B,5.560344615157221e-06,0.9072025806167554,0.000679753722536629,2.0777822632276674e-05,0.09209132749346048
5,B/b (10).csv,59,9,B,B,5.254803430351498e-06,0.8921274938326184,0.0008948311555187813,1.8895640067565665e-05,0.10695352456836481
5,B/b (10).csv,59,10,B,B,5.5942708303093545e-06,0.9163911833921803,0.0007974448864106661,2.0226826541074383e-05,0.08278555062403774
5,B/b (10).csv,59,11,B,B,0.00018483539498612476,0.8671000794953729,2.2866535906069517e-07,0.0008197726370920641,0.1318950838071899
5,B/b (10).csv,59,12,B,B,5.393660141916972e-06,0.8730328668709555,1.2048742406609635e-05,0.0007284428876143323,0.12622124783888167
5,B/b (10).csv,59,13,B,B,5.143080458868147e-06,0.8591770769352777,0.0005782414142566761,2.0275224334060763e-05,0.14021926334567256
5,B/b (10).csv,59,14,B,B,4.978920332960672e-06,0.8691807376616131,0.0007067019999647348,1.9424152456405755e-05,0.13008815726563297
5,B/b (10).csv,59,15,B,B,5.17853614571779e-06,0.8880749169617056,0.0007028376238524752,1.9323439785957327e-05,0.11119774343851024
5,B/b (10).csv,59,16,B,B,5.627331916911049e-06,0.8633296465943735,0.0007719879517552195,1.844693941886864e-05,0.13587429118253547
5,B/b (10).csv,59,17,B,B,5.2771297714277715e-06,0.8682689330442801,0.0006863183608430247,1.898472211044393e-05,0.13102048674299502
5,B/b (10).csv,59,18,B,B,5.5752415415429695e-06,0.8666696091728571,0.0005731539429229581,1.983955547637178e-05,0.1327318220872022
5,B/b (31).csv,80,0,B,B,5.28414213431894e-06,0.8898200960710142,0.000685885396755434,2.7564684758363424e-05,0.10946116970533763
5,B/b (31).csv,80,1,B,B,5.298973702621641e-06,0.8895883535448508,0.0008141594217852442,2.08052410762677e-05,0.1095713828185851
5,B/b (31).csv,80,2,B,B,5.58649600412037e-06,0.8820578472541848,0.11707963952000405,2.2370533229396562e-05,0.0008345561965776646
5,B/b (31).csv,80,3,B,B,5.59187650940865e-06,0.8738731485794285,1.388583878158391e-05,0.0008832813428925523,0.12522409236238796
5,B/b (31).csv,80,4,B,E,4.5008060620156374e-06,0.16446918503296343,0.0006249380876367398,2.2589210568131067e-05,0.8348787868627697
5,B/b (31).csv,80,5,B,B,5.243410092362559e-06,0.8669434304900258,1.9337050119479216e-05,0.0009045764330050487,0.13212741261675726
5,B/b (31).csv,80,6,B,B,5.7795089209179665e-06,0.9086415804298257,1.485482939141186e-05,0.0009359872036293752,0.09040179802823275
5,B/b (31).csv,80,7,B,B,5.326153251395212e-06,0.8785211397771725,0.000625803864479974,1.987330406992235e-05,0.1208278569010262
5,B/b (31).csv,80,8,B,B,4.86413397820164e-06,0.8681216789434117,1.3402542999198953e-05,0.0010371657986465884,0.13082288858096425
5,B/b (31).csv,80,9,B,B,4.8618527984535625e-06,0.8591356827041188,0.0005937284704693827,1.9547375606209043e-05,0.1402461795970073
5,B/b (31).csv,80,10,B,B,4.960111432975051e-06,0.8650313734214914,0.000661049386446549,1.926004763392208e-05,0.13428335703299513
5,B/b (31).csv,80,11,B,B,5.14486402854918e-06,0.9027218051229392,0.0009909287767631881,2.1656353376983953e-05,0.09626046488289204
5,B/b (31).csv,80,12,B,B,4.826044783546957e-06,0.8716844141281231,0.0006379995497355629,2.0138819171568336e-05,0.12765262145818612
5,B/b (31).csv,80,13,B,B,5.064000942583572e-06,0.8597516920553336,0.0006063126636911255,1.987765579731664e-05,0.13961705362423535
5,B/b (31).csv,80,14,B,B,4.861559967785239e-06,0.8572267258482654,0.0006158595494030081,2.0613975304159917e-05,0.14213193906705965
5,B/b (31).csv,80,15,B,B,5.327701345414807e-06,0.9523244717027932,0.0013452490103539729,2.7576041109068655e-05,0.04629737554439828
5,B/b (31).csv,80,16,B,B,4.933644997504086e-06,0.8714936833706745,0.0007435499490309717,1.8124296506500594e-05,0.12773970873879065
5,B/b (31).csv,80,17,B,B,4.954614784967266e-06,0.877970436957584,0.0007126529968333691,1.8814573857974537e-05,0.12129314085693955
5,B/b (31).csv,80,18,B,B,5.785037567742541e-06,0.9316596696003137,0.06560835555616722,2.3422118004582116e-05,0.0027027676879467825
5,A/a (33).csv,32,0,A,A,0.9420832993994472,0.0014275126476386757,1.222532674644791e-05,5.559727827994038e-07,0.05647640665338484
5,A/a (33).csv,32,1,A,A,0.8791902018369585,0.001332465521242706,1.0774291567061705e-05,4.78610051213594e-07,0.11946607974018039
5,A/a (33).csv,32,2,A,A,0.8664598175880474,0.0012075977088784593,2.2083601272348808e-07,1.8654043755912567e-05,0.13231370982330545
5,A/a (33).csv,32,3,A,A,0.901005095688436,1.3764859601396471e-06,0.0011153144784230916,2.5317304081738608e-05,0.097852896043099
5,A/a (33).csv,32,4,A,A,0.9080281267246135,1.4477732582397693e-06,0.09089490648631994,2.4685071236374077e-05,0.0010508339445719323
5,A/a (33).csv,32,5,A,A,0.9290249051117173,1.39451965797733e-06,0.0008063377416703541,0.07014811205377676,1.9250573177655516e-05
5,A/a (33).csv,32,6,A,A,0.9656865342927572,0.0015475935486571812,3.041833117023605e-07,2.4605795095204305e-05,0.032740962180178614
5,A/a (33).csv,32,7,A,A,0.8823396087311935,1.3212378271499226e-06,0.0027189076916503126,1.768510449616367e-05,0.11492247723483286
5,A/a (33).csv,32,8,A,A,0.8566034229619114,3.935725572256698e-05,0.14073732503309638,4.531030168015386e-07,0.002619441646253045
5,A/a (33).csv,32,9,A,A,0.9061347345447944,0.09279692651862971,2.210177169465497e-07,1.782469843549422e-05,0.0010502932204233292
5,A/a (33).csv,32,10,A,A,0.8962293859583138,0.10304314660010334,2.2291254969928632e-07,1.9356529127016408e-05,0.0007078879999061587
5,A/a (33).csv,32,11,A,A,0.9559043480097752,0.003773530292586061,0.04030226355757136,5.36351983992837e-07,1.932178808357181e-05
5,A/a (33).csv,32,12,A,A,0.9386729329015355,0.06047633619280135,2.3566679729654911e-07,1.8568783303739877e-05,0.0008319264555620661
5,A/a (33).csv,32,13,A,A,0.8823006511820823,0.11650158760255291,1.0634246683397772e-05,4.662068892234078e-07,0.0011866607617922928
5,A/a (33).csv,32,14,A,A,0.8993120826317742,0.10000220365461558,0.0006647836212400502,2.0446600574827e-05,4.834917953474621e-07
5,A/a (33).csv,32,15,A,A,0.9294607083257906,0.06966562356017444,1.3786339259986857e-05,0.0008594003900569995,4.813847180496254e-07
5,A/a (33).csv,32,16,A,A,0.9582947032395062,0.0024907346493682524,0.03919634382922927,5.364155669284287e-07,1.768186632935849e-05
5,A/a (33).csv,32,17,A,A,0.8796606156307777,0.11774854441758197,1.0607583014617863e-05,4.6158602261696346e-07,0.0025797707826031575
5,A/a (33).csv,32,18,A,A,0.8678183421215188,0.1315194205175943,2.185688793716116e-07,1.731319298507621e-05,0.0006447055990226128
5,D/d (50).csv,199,0,D,D,4.880874568774491e-06,4.775044926703344e-05,0.0006963360096817298,0.8844642878482023,0.11478674481828019
5,D/d (50).csv,199,1,D,D,5.25269497098625e-06,4.400011714417348e-05,0.0010794410820782656,0.8970379787800374,0.10183332732576914
5,D/d (50).csv,199,2,D,D,4.846978280091921e-06,3.945772959646511e-05,0.15907265300583195,0.8380028129177391,0.0028802293685523416
5,D/d (50).csv,199,3,D,D,4.756153931551694e-06,4.149783446771856e-05,0.0016448303684366901,0.8531051406242323,0.1452037750189318
5,D/d (50).csv,199,4,D,D,0.00021228030838870858,1.64068632298835e-06,0.05143149867140061,0.9469529132757166,0.0014016670581710198
5,D/d (50).csv,199,5,D,D,0.009564697457547835,1.766235000520217e-06,1.4155850817166307e-05,0.9435756538651509,0.0468437265914836
5,D/d (50).csv,199,6,D,D,0.00020730681121108795,0.0013355029828108758,2.608041632190658e-07,0.8946125644762927,0.1038443649255221
5,D/d (50).csv,199,7,D,D,5.08217669439604e-06,4.65647452201687e-05,0.0016811504552141565,0.8905895244201156,0.10767767820275563
5,D/d (50).csv,199,8,D,D,5.212009753787982e-06,5.2836435893809797e-05,0.0026820348373688117,0.8668398698907659,0.13042004682621774
5,D/d (50).csv,199,9,D,D,8.21024877475736e-06,0.004392459623826709,0.08618325758239138,0.9093859610866936,3.011145831353049e-05
5,D/d (50).csv,199,10,D,D,5.457625426286043e-06,0.13518604463232936,1.2125310946787014e-05,0.8617192514493814,0.003077120981916108
5,D/d (50).csv,199,11,D,D,0.000261022379594336,0.10006170112649182,2.927077190579382e-07,0.8983836828309986,0.0012933009551962295
5,D/d (50).csv,199,12,D,D,0.018223686017818902,0.13918059983798328,2.6479465648256063e-07,0.8425720958120896,2.3353537451854537e-05
5,D/d (50).csv,199,13,D,D,5.343339459545202e-06,0.0016600880256591732,0.15160165449257165,0.846710164400563,2.2749741746527964e-05
5,D/d (50).csv,199,14,D,D,5.290737353965308e-06,5.898213804247688e-05,0.12355382822237705,0.874651492342856,0.0017304065593704847
5,D/d (50).csv,199,15,D,D,5.672207189438892e-06,0.0037412187474734552,0.0014294457350218517,0.9927057166790902,0.002117946631225013
5,D/d (50).csv,199,16,D,D,5.189333764463133e-06,5.386478333809094e-05,0.0009347039424038539,0.8697064983079644,0.1292997436325291
5,D/d (50).csv,199,17,D,D,5.869628865477212e-06,0.0022596047047202567,3.342455349834291e-05,0.9009189255827205,0.09678217553019537
5,D/d (50).csv,199,18,D,D,6.166784099072532e-06,0.006095158315643443,0.12217614538283461,0.8717023222247283,2.0207292694499014e-05
5,B/b (36).csv,85,0,B,B,6.215709912415223e-06,0.8917280845527069,0.0007406809578503063,2.501348018539844e-05,0.10750000529934496
5,B/b (36).csv,85,1,B,B,5.7113125823870805e-06,0.8854391917148904,0.0006891296575336767,2.2341261101839377e-05,0.11384362605389169
5,B/b (36).csv,85,2,B,B,5.883401020254211e-06,0.9021694186233431,0.0007406472776819715,2.235530288469346e-05,0.09706169539507009
5,B/b (36).csv,85,3,B,B,5.208446634244272e-06,0.8790241007611908,0.11978950268607563,2.010643618136302e-05,0.001161081669917976
5,B/b (36).csv,85,4,B,B,4.8718329844995325e-06,0.8788244007403959,0.001983592760408917,6.462441798014612e-05,0.11912251024823049
5,B/b (36).csv,85,5,B,B,5.262405128473487e-06,0.8901091384821594,1.52964940017375e-05,0.0008700384728372206,0.10900026414587312
5,B/b (36).csv,85,6,B,B,0.341322832928696,0.6570378274760669,1.1242100166664236e-05,0.001627676842570175,4.2065250038319677e-07
5,B/b (36).csv,85,7,B,B,6.077665988868557e-06,0.8886176252618739,0.0006455933085519863,2.1177856653035493e-05,0.11070952590693227
5,B/b (36).csv,85,8,B,B,5.041016230260935e-06,0.885964248897565,0.003413079775129051,2.0990660510528698e-05,0.11059663965056522
5,B/b (36).csv,85,9,B,B,5.265233791366979e-06,0.8675117579319208,0.0007150177762206198,2.029425609533164e-05,0.13174766480197178
5,B/b (36).csv,85,10,B,B,5.089182341204649e-06,0.8860405017652253,0.0008348676002181523,2.0402151568099382e-05,0.11309913930064729
5,B/b (36).csv,85,11,B,B,5.003762021360068e-06,0.8683657080375142,0.0006674893496015884,1.8689888804157247e-05,0.13094310896205874
5,B/b (36).csv,85,12,B,B,5.288880708851529e-06,0.857453277585954,0.0005861656183744494,1.9431917936769392e-05,0.141935835997026
5,B/b (36).csv,85,13,B,B,5.012852114504349e-06,0.864604711379775,0.0006102911295343619,1.9474818316093046e-05,0.13476050982025997
5,B/b (36).csv,85,14,B,B,6.005464060680527e-06,0.96212226419038,0.0009726941202324013,2.218260830953198e-05,0.03687685361701737
5,B/b (36).csv,85,15,B,B,5.346764445779209e-06,0.876123529998341,0.0006347966152620207,1.9490558518939964e-05,0.12321683606343227
5,B/b (36).csv,85,16,B,B,5.7802389234356985e-06,0.8691205983761884,0.0007090790078053433,2.0355973303431954e-05,0.13014418640377948
5,B/b (36).csv,85,17,B,B,5.53501090033846e-06,0.8766498372143166,0.0006916504209846952,2.0449433477896048e-05,0.1226325279203205
5,B/b (36).csv,85,18,B,B,6.247100116666048e-06,0.9029646170730926,0.0008985184191162807,3.0203019392623766e-05,0.09610041438828183
5,B/b (25).csv,74,0,B,B,5.147566779323691e-06,0.9054481159897556,0.09328360157467341,2.183290216691974e-05,0.00124130196662475
5,B/b (25).csv,74,1,B,B,5.46910518019388e-06,0.9385342584078182,0.0007916087685531959,2.47294898055545e-05,0.06064393422864283
5,B/b (25).csv,74,2,B,B,5.355513435761297e-06,0.8852143877362284,0.0006577934553726485,2.100005444268898e-05,0.11410146324052053
5,B/b (25).csv,74,3,B,B,5.2076284843675e-06,0.8801427638861953,1.1978234230425098e-05,0.0007810412782596618,0.1190590089728303
5,B/b (25).csv,74,4,B,B,5.815076252031572e-06,0.9484686660268381,0.050154074561784966,2.484743303018981e-05,0.0013465969020947193
5,B/b (25).csv,74,5,B,B,5.174521489107111e-06,0.8758068618531523,0.0007052547741940771,1.9771679715672565e-05,0.12346293717144896
5,B/b (25).csv,74,6,B,B,5.752999398092324e-06,0.9254269937184229,0.0007516394004256538,0.07379076539744912,2.4848484304296966e-05
5,B/b (25).csv,74,7,B,B,6.776584980580851e-06,0.8845989514772609,1.4475412118660906e-05,0.11445603948158144,0.0009237570440585879
5,B/b (25).csv,74,8,B,B,5.850646168331145e-06,0.9066286960064158,1.5471047680580548e-05,0.09198543682516168,0.0013645454745736126
5,B/b (25).csv,74,9,B,B,5.662728068683011e-06,0.8983772680715992,1.3024269649331465e-05,0.002014977163333183,0.09958906776734959
5,B/b (25).csv,74,10,B,B,5.473006943324763e-06,0.923011744471538,1.4767579253007677e-05,0.0012393607840108748,0.07572865415825483
5,B/b (25).csv,74,11,B,B,5.426035895103118e-06,0.9012370210631762,0.0007809188853090456,2.3348901904637024e-05,0.09795328511371511
5,B/b (25).csv,74,12,B,B,5.216528447819725e-06,0.9005721773847787,0.0009189728163784882,1.978631923461173e-05,0.09848384695116044
5,B/b (25).csv,74,13,B,B,5.001552626634729e-06,0.8843157140963501,0.0006717554478156096,2.0950319337090162e-05,0.11498657858387051
5,B/b (25).csv,74,14,B,B,5.0911918324297435e-06,0.8669983849553121,0.0006454972530788993,1.9839095227660536e-05,0.1323311875045489
5,B/b (25).csv,74,15,B,B,5.1897351068898375e-06,0.8702877073810044,1.2095352753690587e-05,0.0009591827498739685,0.1287358247812611
5,B/b (25).csv,74,16,B,B,5.220483010778997e-06,0.9076248720226766,0.0007212684781820656,2.082644446175681e-05,0.09162781257166885
5,B/b (25).csv,74,17,B,B,5.511771980747315e-06,0.912535985645582,0.001228559589755209,2.2823050774435263e-05,0.08620711994190765
5,B/b (25).csv,74,18,B,B,5.490496323454284e-06,0.8938705682870869,0.0006821725177550199,2.002884401937828e-05,0.10542173985481527
5,B/b (39).csv,88,0,B,B,5.635405230419381e-06,0.9505654320367097,0.04788605094056808,2.57484448392869e-05,0.0015171331726524563
5,B/b (39).csv,88,1,B,B,5.067418876596536e-06,0.8791755019844871,0.0005915912934187702,2.0065161111973607e-05,0.12020777414210546
5,B/b (39).csv,88,2,B,B,5.435646128603993e-06,0.8889851786916613,0.0006832162436395233,2.1799105891482427e-05,0.11030437031267906
5,B/b (39).csv,88,3,B,B,5.619003591611107e-06,0.8923701960763197,0.0007051896894552304,2.1813100502865808e-05,0.1068971821301306
5,B/b (39).csv,88,4,B,B,5.989850999700351e-06,0.9533850313208772,1.7311970324455287e-05,0.04553433205449625,0.0010573348033025723
5,B/b (39).csv,88,5,B,B,4.849732307346883e-06,0.8636918197431563,1.1832320274167058e-05,0.0007593507226532379,0.1355321474816089
5,B/b (39).csv,88,6,B,B,4.8105956466403025e-06,0.8583977335980146,0.0006736620919505961,2.094238894170986e-05,0.14090285132544653
5,B/b (39).csv,88,7,B,E,4.890707619734547e-06,0.1582852421158992,1.1432099009943275e-05,0.0032321823301190962,0.8384662527473521
5,B/b (39).csv,88,8,B,E,4.726432308410057e-06,0.16287318881328877,1.3041584293683684e-05,0.0013090503977160695,0.835799992772393
5,B/b (39).csv,88,9,B,B,4.946986636720841e-06,0.8569413558073542,0.0007858526499210321,1.9161548844411086e-05,0.14224868300724378
5,B/b (39).csv,88,10,B,B,4.714458513202942e-06,0.8612452322436899,1.2280731372981501e-05,0.0007930763219169963,0.13794469624450692
5,B/b (39).csv,88,11,B,B,4.921100593937919e-06,0.8705441494558578,0.0007038539189663949,2.2501582762192456e-05,0.12872457394181974
5,B/b (39).csv,88,12,B,B,4.734968215368629e-06,0.8596112233857027,1.1855358928113387e-05,0.0008649476901058964,0.13950723859704783
5,B/b (39).csv,88,13,B,B,5.090848166954363e-06,0.8545706023819168,1.188827681172751e-05,0.0007361479924630732,0.14467627050064152
5,B/b (39).csv,88,14,B,E,4.797960840413312e-06,0.16219210763826386,0.0007317213998005615,1.874265412110186e-05,0.837052630346974
5,B/b (39).csv,88,15,B,B,4.763423378208744e-06,0.8540528972605952,0.0009740551870340546,1.9662247506880706e-05,0.14494862188148566
5,B/b (39).csv,88,16,B,E,4.693294500035482e-06,0.1655666801265591,0.0006749277974315978,1.846399609137689e-05,0.833735234785418
5,B/b (39).csv,88,17,B,B,4.802849943550576e-06,0.861435915276769,0.0012490004889195328,1.8717918232960456e-05,0.1372915634661349
5,B/b (39).csv,88,18,B,B,5.033442168703266e-06,0.8786920353687661,0.0006682180258341095,2.0003701891504995e-05,0.1206147094613396
5,C/c (31).csv,130,0,C,C,5.485819509761146e-06,6.449396364453142e-05,0.9118092594320789,0.0852796074104406,0.0028411533743261243
5,C/c (31).csv,130,1,C,C,5.50038409376947e-06,5.690862732906216e-05,0.8759658597437583,0.0018559641778449272,0.12211576706697409
5,C/c (31).csv,130,2,C,C,4.621609922468938e-06,0.13073404112175047,0.8663305625020812,2.298913192276184e-05,0.0029077856343232016
5,C/c (31).csv,130,3,C,C,5.498207331145733e-06,0.10610187010219987,0.892258618851133,0.0015836712429279096,5.0341596408134886e-05
5,C/c (31).csv,130,4,C,C,4.555146713100384e-06,0.003586295781079102,0.8601051306924989,0.13628417891856104,1.9839461147799072e-05
5,C/c (31).csv,130,5,C,C,4.67199663975822e-06,4.726510163534397e-05,0.8614218384953036,0.1376626849181285,0.0008635394882927945
5,C/c (31).csv,130,6,C,C,4.820813530066823e-06,0.0015414755620653921,0.8646036790816547,0.13383011928488492,1.9905257864820056e-05
5,C/c (31).csv,130,7,C,C,4.6468554410810636e-06,4.78588853887769e-05,0.8758330846852445,0.12333114994342917,0.0007832596304965678
5,C/c (31).csv,130,8,C,C,4.905546079291714e-06,4.890520210553866e-05,0.8806364715329082,0.11840548710296517,0.0009042306159416761
5,C/c (31).csv,130,9,C,D,4.76448826513881e-06,5.4089643933941085e-05,0.15250895779869914,0.8461097234096119,0.001322464659489786
5,C/c (31).csv,130,10,C,D,4.612134563591394e-06,0.0015382354202979106,0.16529456676551513,0.8331422366420492,2.0349037574147306e-05
5,C/c (31).csv,130,11,C,C,4.702366580640274e-06,4.733836320239042e-05,0.9016509248830419,0.09735215569727171,0.0009448786899033947
5,C/c (31).csv,130,12,C,C,4.806403702659668e-06,4.686185268916605e-05,0.9112982515282565,0.0013890063131869503,0.0872610739021648
5,C/c (31).csv,130,13,C,C,5.226881926308994e-06,4.716056749392858e-05,0.9538291644314998,0.04507878774922679,0.0010396603698531726
5,C/c (31).csv,130,14,C,C,4.9453179346884726e-06,4.973356682610149e-05,0.9557232462702696,0.04241716049061546,0.0018049143543541373
5,C/c (31).csv,130,15,C,C,4.856549854912456e-06,0.002369330460017429,0.9415629855957546,0.05603642498259267,2.6402411780404607e-05
5,C/c (31).csv,130,16,C,C,4.542267541162682e-06,0.005761710712380322,0.877586286605331,0.11662658968504855,2.087072969888018e-05
5,C/c (31).csv,130,17,C,C,5.391968074228128e-06,0.0021904415857672615,0.9504797194436886,0.047301170963972246,2.327603849770306e-05
5,C/c (31).csv,130,18,C,C,4.883475049650617e-06,0.1109367170615468,0.8882307383087928,0.0008072615090544656,2.0399645556243182e-05
5,D/d (11).csv,160,0,D,D,0.007447404019329993,1.6263203432149767e-06,1.380252284584371e-05,0.8859960905910388,0.10654107654644218
5,D/d (11).csv,160,1,D,D,5.411991699514569e-06,4.359377194311685e-05,0.0007177420128923818,0.8918203806843149,0.10741287153915005
5,D/d (11).csv,160,2,D,D,5.449122735731966e-06,4.430819608518708e-05,0.08022566119049405,0.9183592877838549,0.0013652937068301502
5,D/d (11).csv,160,3,D,D,0.007361664412449233,1.822853202559245e-06,1.4585795568244658e-05,0.960155180152312,0.03246674678646781
5,D/d (11).csv,160,4,D,D,0.18159052602327524,1.4604098089193162e-06,0.0008976486349387101,0.8174895527686136,2.08121633635085e-05
5,D/d (11).csv,160,5,D,D,0.25474945159479107,1.2992605644939385e-06,0.0006296346558087064,0.7446003153046435,1.9299184192146198e-05
5,D/d (11).csv,160,6,D,D,0.3463120782697035,1.1739838948557213e-06,1.0094355218330074e-05,0.6530778495292149,0.0005988038619683426
5,D/d (11).csv,160,7,D,D,0.0001902530399856751,1.5232300095207025e-06,0.13590476133418983,0.8605692312059731,0.0033342311898419273
5,D/d (11).csv,160,8,D,D,5.861940422095555e-06,4.8144521097501546e-05,0.0007391237942752759,0.895417842212375,0.10378902753183011
5,D/d (11).csv,160,9,D,D,6.515106705950637e-06,5.535095461477748e-05,0.035140022467560754,0.9639135595922276,0.0008845518788909691
5,D/d (11).csv,160,10,D,D,0.0070574497796575516,1.5392809949095475e-06,0.11257359466896377,0.8803477242274865,1.9692042897198547e-05
5,D/d (11).csv,160,11,D,D,0.007774425725651286,0.07031601250135794,3.4444970987110345e-07,0.9218863770856097,2.284023767107737e-05
5,D/d (11).csv,160,12,D,D,0.00021324682883881846,0.07159900295832773,3.0498660310230167e-07,0.9272811453319677,0.0009062998942626296
5,D/d (11).csv,160,13,D,D,0.007779828183567146,0.10052453046162199,1.548226242813261e-05,0.8916795452238225,6.138685600962363e-07
5,D/d (11).csv,160,14,D,D,0.000222392068785127,0.0035471833914878805,0.053250430740138785,0.9429793888594412,6.049401469753194e-07
5,D/d (11).csv,160,15,D,D,4.8410374742560895e-06,4.4625868116759495e-05,0.12613175705083313,0.8706146816989938,0.003204094344582039
5,D/d (11).csv,160,16,D,D,4.779677734074797e-06,4.129217317638385e-05,0.14250509303120348,0.8535811282395988,0.0038677068782873927
5,D/d (11).csv,160,17,D,C,5.308730192136697e-06,4.744543167043516e-05,0.8732855363461465,0.0035178058720780644,0.12314390361991284
5,D/d (11).csv,160,18,D,E,8.649403580177816e-06,0.00335589779520514,0.0014321669204142846,0.002008895149408468,0.9931943907313919
5,C/c (6).csv,105,0,C,C,4.920685973893756e-06,0.0026647401266529877,0.8746992457119985,0.12261199483035634,1.909864501843968e-05
5,C/c (6).csv,105,1,C,C,4.817435283992153e-06,0.004822389235334572,0.8809486818614848,0.11420494438620449,1.916708169205433e-05
5,C/c (6).csv,105,2,C,C,4.393964498017347e-06,0.1452036333361416,0.8512133386690452,2.109814281197563e-05,0.0035575358875032104
5,C/c (6).csv,105,3,C,C,4.534397212336276e-06,0.14405275463132058,0.8522624408849223,1.92773785735827e-05,0.003660992707971021
5,C/c (6).csv,105,4,C,C,4.706890123957525e-06,4.2168148675372584e-05,0.8728022943838579,0.1261408191972293,0.0010100113801135163
5,C/c (6).csv,105,5,C,C,4.846777289352789e-06,3.741940526613078e-05,0.8684258537731089,0.128444768942375,0.0030871111019605568
5,C/c (6).csv,105,6,C,C,5.102494742535925e-06,3.9141936210728994e-05,0.8764309435096878,0.12229007215253088,0.0012347399068281736
5,C/c (6).csv,105,7,C,C,4.887848211714452e-06,3.953026841111496e-05,0.8683132666715655,0.1288274088954961,0.0028149063163156
5,C/c (6).csv,105,8,C,C,4.640270172155142e-06,4.153535461823374e-05,0.8637292844056907,0.13320642201160135,0.003018117957917389
5,C/c (6).csv,105,9,C,C,4.6455929911805e-06,4.560458064444108e-05,0.8750385661015168,0.002993396134531713,0.12191778759031581
5,C/c (6).csv,105,10,C,C,4.622170601960511e-06,5.469159979401554e-05,0.8803777512359374,0.0011576688377132108,0.11840526615595333
5,C/c (6).csv,105,11,C,C,4.799114365654316e-06,4.2061899517104157e-05,0.8987168659331332,0.09881442495050716,0.0024218481024768394
5,C/c (6).csv,105,12,C,C,5.301147009672071e-06,4.60155035101678e-05,0.9335973804381191,0.0011907273778439512,0.06516057553351705
5,C/c (6).csv,105,13,C,C,4.647244667689916e-06,4.373970868207839e-05,0.8813678403473022,0.001059129247485367,0.11752464345186261
5,C/c (6).csv,105,14,C,E,4.648254016728153e-06,0.00187032067979436,0.15947401674469874,2.3822954285103226e-05,0.838627191367205
5,C/c (6).csv,105,15,C,C,4.831956004111079e-06,0.0018995155698768099,0.8806064148968521,1.9291161313716947e-05,0.11746994641595329
5,C/c (6).csv,105,16,C,B,5.050111296496041e-06,0.861231926359253,0.13767575108782695,2.785649605536687e-05,0.0010594159455681277
5,C/c (6).csv,105,17,C,C,4.935226116512048e-06,0.1484982783025855,0.8492273919789648,2.2114429634679144e-05,0.0022472800626983664
5,C/c (6).csv,105,18,C,C,4.91378874579147e-06,0.13194389819488592,0.8668038244674817,0.0012288512162288493,1.8512332657864517e-05
5,B/b (43).csv,92,0,B,B,5.41762310402486e-06,0.8783476588570885,0.0006824775224842362,2.1513390966834803e-05,0.12094293260635637
5,B/b (43).csv,92,1,B,B,5.258916750001338e-06,0.8789356207702057,0.0011679896352196457,2.0983032389868784e-05,0.11987014764543479
5,B/b (43).csv,92,2,B,B,5.645619416183147e-06,0.8981242763572496,0.0009722058085856076,2.1446625641573628e-05,0.10087642558910703
5,B/b (43).csv,92,3,B,B,6.104053583825955e-06,0.9445460310456085,0.054429951484689355,3.153758767632325e-05,0.0009863758284418104
5,B/b (43).csv,92,4,B,B,5.412698072027813e-06,0.9065882939682005,0.09196267956700332,2.2995901932366825e-05,0.0014206178647916679
5,B/b (43).csv,92,5,B,B,6.798408634626661e-06,0.8744460609407133,1.733064820850022e-05,0.001655992691293528,0.12387381731114994
5,B/b (43).csv,92,6,B,B,0.00021540949292811953,0.892414076514822,3.1947304537576904e-07,0.002411025517336507,0.10495916900186804
5,B/b (43).csv,92,7,B,B,5.7102726779511105e-06,0.895174249455695,1.6207864430218594e-05,0.001019739579073378,0.10378409282812334
5,B/b (43).csv,92,8,B,B,5.039286531845543e-06,0.8685686743594686,0.0006852763943417267,2.0174997432363364e-05,0.1307208349622255
5,B/b (43).csv,92,9,B,B,4.9809213165296665e-06,0.8629878659347938,1.1659795377990939e-05,0.0006988990404284932,0.13629659430808325
5,B/b (43).csv,92,10,B,B,5.013022632719759e-06,0.8754533828954908,1.2691850969324062e-05,0.000949202072406585,0.12357971015850075
5,B/b (43).csv,92,11,B,B,5.9964155781292795e-06,0.9518164729756788,1.4496317265447719e-05,0.0015601485851926757,0.046602885706284986
5,B/b (43).csv,92,12,B,B,5.791340144546013e-06,0.9398208695602591,1.2626191224671032e-05,0.0009776580484784309,0.05918305485989323
5,B/b (43).csv,92,13,B,B,5.8305246823169545e-06,0.9565598038500388,0.0010834845916181085,2.3868671195944733e-05,0.04232701236246477
5,B/b (43).csv,92,14,B,B,5.21738744716113e-06,0.9052820742945592,0.0009234968570441778,2.2478231046022704e-05,0.09376673322990328
5,B/b (43).csv,92,15,B,B,5.426455850603319e-06,0.9402752344221048,1.7803615390713345e-05,0.05840581695668687,0.0012957185499669888
5,B/b (43).csv,92,16,B,B,4.815345538957659e-06,0.8629684646716552,0.0006039278946532385,1.95444309219713e-05,0.1364032476572306
5,B/b (43).csv,92,17,B,B,4.950445111036407e-06,0.8762385878105445,1.196404261973427e-05,0.0009672364097962216,0.12277726129192848
5,B/b (43).csv,92,18,B,B,5.6110473659218445e-06,0.901934491705633,0.0008150114343232814,2.2028308801661494e-05,0.0972228575038761
5,B/b (1).csv,50,0,B,B,5.9330827216364465e-06,0.8859972670054094,0.1122124831136075,0.0017558277794999398,2.8489018761481512e-05
5,B/b (1).csv,50,1,B,B,6.191629004612651e-06,0.8839575031276529,1.5279050769129156e-05,0.002006469917618535,0.11401455627495481
5,B/b (1).csv,50,2,B,B,5.347830405634995e-06,0.8674151080522873,1.2907961513415002e-05,0.002413847487841173,0.13015278866795255
5,B/b (1).csv,50,3,B,B,4.721683299239731e-06,0.8628996851786093,1.126947347620162e-05,0.001318547350541948,0.1357657763140734
5,B/b (1).csv,50,4,B,B,4.842789168389592e-06,0.863075861681711,1.2315627585540939e-05,0.0028965042645730838,0.13401047563696186
5,B/b (1).csv,50,5,B,B,4.7348821884529716e-06,0.8628087591295228,1.2149667328297727e-05,0.0011711909279812339,0.1360031653929791
5,B/b (1).csv,50,6,B,B,0.00020552832165160627,0.8888451005138482,2.4053506377828976e-07,0.0033816996550759646,0.10756743097436035
5,B/b (1).csv,50,7,B,A,0.8604262986327279,0.13622773217262943,2.3494765017340228e-07,0.0033282473839283105,1.7486863064254113e-05
5,B/b (1).csv,50,8,B,B,6.192150872335365e-06,0.8864509705051081,0.00220716522526425,0.11131505551960305,2.061659915221417e-05
5,B/b (1).csv,50,9,B,B,6.473256435340535e-06,0.9609565044201139,0.0009242449532513457,0.038089431795690624,2.3345574508773566e-05
5,B/b (1).csv,50,10,B,B,0.010568168775525561,0.9884831932329462,1.5506974284216814e-05,2.76438270523767e-05,0.0009054871901917252
5,B/b (1).csv,50,11,B,B,6.338374035045532e-06,0.9632832568838976,0.0012800261657087025,2.5040388631334705e-05,0.03540533818772729
5,B/b (1).csv,50,12,B,B,5.948566022034792e-06,0.9543306588782102,1.4157660820080617e-05,0.044556532853594455,0.0010927020413530975
5,B/b (1).csv,50,13,B,B,5.468821793715534e-06,0.8838678045756382,1.092191914740846e-05,0.0013036012030492098,0.11481220348037152
5,B/b (1).csv,50,14,B,B,5.213597694356602e-06,0.8813554519496785,1.3548794120999248e-05,0.11725109662944454,0.0013746890290616657
5,B/b (1).csv,50,15,B,B,5.850138419474738e-06,0.9964221525037513,0.0009932160793792565,0.0012926818818439513,0.001286099396605867
5,B/b (1).csv,50,16,B,B,5.386323593791363e-06,0.900814344063787,0.09806038471345525,2.4224321735822016e-05,0.0010956605774279835
5,B/b (1).csv,50,17,B,B,5.6352550146668866e-06,0.9455133166166593,0.0022843896595419783,2.342502222679372e-05,0.05217323344655719
5,B/b (1).csv,50,18,B,B,0.3066246136707418,0.6917842797047778,2.431622692680201e-07,2.2954529513155827e-05,0.001567908932697847
5,A/a (37).csv,36,0,A,A,0.9401315402545187,4.930966474136874e-05,2.4125860781962863e-07,0.058297568238791016,0.001521340583341121
5,A/a (37).csv,36,1,A,A,0.8877534842890601,0.001445420132603508,2.3442146690505918e-07,1.8396182406023213e-05,0.11078246497446341
5,A/a (37).csv,36,2,A,A,0.873915682919519,0.0033740792453835883,9.993027387413168e-06,4.512876498672486e-07,0.12269979352006018
5,A/a (37).csv,36,3,A,A,0.8984011704661525,0.0012715322417083095,1.1892925015861938e-05,5.124389054967475e-07,0.1003148919282177
5,A/a (37).csv,36,4,A,A,0.9628216896354445,1.5689484371995059e-06,1.514565053638589e-05,0.00086992043620375,0.03629167532937813
5,A/a (37).csv,36,5,A,A,0.8942758286463752,4.1259788896291025e-05,1.1695482124157863e-05,0.10565374833224454,1.7467750359707505e-05
5,A/a (37).csv,36,6,A,A,0.9563043252914848,1.499962590206826e-06,1.2920241721747905e-05,0.042887788714558554,0.0007934657896446721
5,A/a (37).csv,36,7,A,A,0.9949180363434695,0.002277289051010817,2.448993023029977e-07,0.0018921470103015145,0.0009122826959158034
5,A/a (37).csv,36,8,A,A,0.958411015756217,0.0017709527932565686,2.3890159917680725e-07,0.039798194572635885,1.9597976291556342e-05
5,A/a (37).csv,36,9,A,A,0.9438860306323607,0.05466033262112495,0.0014298874662458866,2.323637500793319e-05,5.129052604731088e-07
5,A/a (37).csv,36,10,A,A,0.8782978076971683,0.12070566923545933,2.4370269487125547e-07,0.0009787155470342434,1.7563817643152607e-05
5,A/a (37).csv,36,11,A,A,0.997540050047718,0.0015354473617288072,1.5442170546767425e-05,0.0008872383814255644,2.182203858099246e-05
5,A/a (37).csv,36,12,A,A,0.9116305959522972,0.0015366152147064714,2.3961324957057663e-07,1.9077590048559732e-05,0.08681347162969812
5,A/a (37).csv,36,13,A,A,0.8928162877858838,0.10628436740408091,2.2185180904850785e-07,2.039963005172405e-05,0.0008787233281745743
5,A/a (37).csv,36,14,A,A,0.9505495155148405,0.048440370333237705,2.3744115558661306e-07,2.3121081166151177e-05,0.0009867556295999676
5,A/a (37).csv,36,15,A,A,0.9489354203859962,0.001330151253256589,2.6055979545510265e-07,0.04971506023956599,1.9107561385778692e-05
5,A/a (37).csv,36,16,A,A,0.9638633189346728,0.001660811070499658,0.034456255583823606,5.821631686117866e-07,1.9032247835302695e-05
5,A/a (37).csv,36,17,A,A,0.9436963605487432,0.05557362768975389,2.4796023192833927e-07,1.8896825928373538e-05,0.0007108669753426611
5,A/a (37).csv,36,18,A,A,0.8822542403069839,0.11703344580036962,1.1727515647083756e-05,5.132915905719887e-07,0.0007000730854090474
5,E/e (14).csv,213,0,E,E,4.835183208529565e-06,0.15900286601403665,0.0007145668022979533,2.351520387822449e-05,0.8402542167965786
5,E/e (14).csv,213,1,E,E,4.656246846993475e-06,0.1502945301246518,1.1938020742298161e-05,0.0011285649898169006,0.848560310617942
5,E/e (14).csv,213,2,E,E,4.5452117906062654e-06,0.15598281136519243,0.0038302046237700077,2.193211734857903e-05,0.8401605066818983
5,E/e (14).csv,213,3,E,E,6.1975367344472055e-06,0.0028144015935249876,1.5144482817397202e-05,0.09735076562018087,0.8998134907667422
5,E/e (14).csv,213,4,E,B,0.00039402759358457036,0.8969932492184425,2.928778810194235e-07,0.0014153557003936644,0.1011970746096984
5,E/e (14).csv,213,5,E,A,0.891407127798049,0.0046433530034846815,2.4469981290007846e-07,3.844174859177853e-05,0.1039108327500616
5,E/e (14).csv,213,6,E,E,5.212758658675347e-06,0.12938924051615966,0.0022364174204895157,3.0255679325580114e-05,0.8683388736253664
5,E/e (14).csv,213,7,E,E,6.323053447853369e-06,0.05277188581747154,0.0007180195292181793,2.454218779347695e-05,0.9464792294120689
5,E/e (14).csv,213,8,E,E,5.5338166162794815e-06,0.0029592611487757776,1.4556853639249791e-05,0.049548521666225566,0.9474721265147432
5,E/e (14).csv,213,9,E,E,5.986811736652927e-06,0.001609800557998199,0.049829084257896984,2.2055908694186067e-05,0.9485330724636739
5,E/e (14).csv,213,10,E,E,5.244517272371963e-06,0.0019158279468541885,0.12068834068193583,1.9508660484465477e-05,0.8773710781934531
5,E/e (14).csv,213,11,E,E,5.103185575276992e-06,0.0035099724651131434,0.13401794780945286,1.8370106186967976e-05,0.8624486064336718
5,E/e (14).csv,213,12,E,E,5.0958844652387384e-06,0.1548012079901421,0.002083353248340255,1.8000948372869003e-05,0.8430923419286794
5,E/e (14).csv,213,13,E,E,5.06670493409441e-06,0.004815073227325647,0.14180347686662692,1.7900260057187046e-05,0.8533584829410563
5,E/e (14).csv,213,14,E,E,5.204072483315814e-06,0.14219009945923575,0.0027915697634213195,1.8246644710577897e-05,0.8549948800601491
5,E/e (14).csv,213,15,E,B,4.999018551658032e-06,0.8587737804314992,0.0014683640350093624,1.8775302930980026e-05,0.13973408121200878
5,E/e (14).csv,213,16,E,E,5.690962786901595e-06,0.002553451179317035,0.003464727263902437,0.0038472477302655232,0.9901288828637281
5,E/e (14).csv,213,17,E,E,5.6372329437042916e-06,0.0046538647345917,0.0028849672234732655,0.0011685509986551217,0.9912869798103362
5,E/e (14).csv,213,18,E,E,6.030095002585266e-06,0.10724599679280904,1.504459012048077e-05,0.0019516836960517764,0.8907812448260162
5,C/c (23).csv,122,0,C,C,4.865780842212788e-06,5.909740448934748e-05,0.9391964710798663,0.059505906672998855,0.0012336590618033047
5,C/c (23).csv,122,1,C,C,5.179409707318324e-06,0.002581812076493492,0.9473094462322194,0.05006824924582228,3.53130357574762e-05
5,C/c (23).csv,122,2,C,C,4.918225134905857e-06,9.274174138710893e-05,0.9045574991808326,0.09429094588338524,0.0010538949692603021
5,C/c (23).csv,122,3,C,C,5.11051314869802e-06,5.7593456371841605e-05,0.9585924302750505,0.04002073738887908,0.001324128366549893
5,C/c (23).csv,122,4,C,E,7.144601568795791e-06,0.11698131494952568,2.5165403447782066e-05,0.001903119176523288,0.8810832558689344
5,C/c (23).csv,122,5,C,D,5.474128670878897e-06,0.004933557048501276,0.13898427702701416,0.856045330158024,3.136163778969689e-05
5,C/c (23).csv,122,6,C,C,5.157089631037997e-06,0.0019047289756614078,0.8967698209720139,0.1012938752987944,2.641766389922241e-05
5,C/c (23).csv,122,7,C,C,5.259074623660184e-06,0.0016506889320247438,0.944516718891099,0.05380418658414299,2.314651810958704e-05
5,C/c (23).csv,122,8,C,C,5.008432294536362e-06,4.4942469718115706e-05,0.9002543637328055,0.09795226565351355,0.00174341971166817
5,C/c (23).csv,122,9,C,C,5.5959284102051e-06,0.0013472560599311944,0.8695403275278258,1.909687425353863e-05,0.12908772360957926
5,C/c (23).csv,122,10,C,C,5.789166083684519e-06,4.9743561725888915e-05,0.9702599470921244,0.0008028608336292687,0.028881659346436734
5,C/c (23).csv,122,11,C,C,5.423812103989309e-06,0.0014444139890321863,0.9608341588362116,0.03769486370921394,2.1139653438351895e-05
5,C/c (23).csv,122,12,C,C,0.013178661847719268,5.511478279988712e-05,0.9460067323486611,0.040758976810519175,5.142103006775052e-07
5,C/c (23).csv,122,13,C,C,0.27129318093390764,0.0012086835610535301,0.727480771576502,1.694166381851207e-05,4.22264718335468e-07
5,C/c (23).csv,122,14,C,C,0.00019390616652577072,0.10447570736777612,0.8945392378936928,0.0007906284889378602,5.200830676780644e-07
5,C/c (23).csv,122,15,C,C,5.626334536450869e-06,0.08851905371519536,0.9094353109559279,1.963234305467571e-05,0.0020203766512857844
5,C/c (23).csv,122,16,C,C,5.7261009913808396e-06,0.003432492275459904,0.9120039746927671,0.08453821698165843,1.9589949123190182e-05
5,C/c (23).csv,122,17,C,C,5.217544343918641e-06,0.12861302639699537,0.8697503464185383,2.1295792982344887e-05,0.0016101138471399541
5,C/c (23).csv,122,18,C,C,5.652235653720382e-06,0.0040162904982235115,0.885553890435839,2.049519697640321e-05,0.11040367163330732
5,B/b (16).csv,65,0,B,B,5.0464648241894755e-06,0.8924226748268801,1.488101572454453e-05,0.0008702528076108681,0.10668714488496026
5,B/b (16).csv,65,1,B,B,5.015855455478773e-06,0.8720946095137783,1.2510163119863581e-05,0.0008427608184666693,0.1270451036491796
5,B/b (16).csv,65,2,B,B,4.76536738295049e-06,0.8703461820592913,1.229187156420432e-05,0.0008352622084956346,0.12880149849326597
5,B/b (16).csv,65,3,B,B,5.4912434445396986e-06,0.9014921655430377,1.3699427390684979e-05,0.0008611350358612102,0.09762750875026587
5,B/b (16).csv,65,4,B,B,5.448113354351143e-06,0.9008713396397697,0.09807208218688901,2.3351489543117317e-05,0.0010277785704436609
5,B/b (16).csv,65,5,B,E,5.318138318621816e-06,0.15703175056533308,1.240593659112886e-05,0.001214270512452175,0.841736254847305
5,B/b (16).csv,65,6,B,B,5.0526881082766685e-06,0.8702321499068273,1.5580134092025786e-05,0.0007562939710046367,0.12899092329996778
5,B/b (16).csv,65,7,B,B,5.218359841177972e-06,0.8869904201341441,1.4468445577541204e-05,0.00109022048892151,0.11189967257151567
5,B/b (16).csv,65,8,B,B,4.9613000257877955e-06,0.8620779181366109,0.13685258814966383,0.001040712167985955,2.382024571366065e-05
5,B/b (16).csv,65,9,B,B,5.253918391885247e-06,0.8732304472280655,0.12567304441332536,2.3331288040570915e-05,0.0010679231521764287
5,B/b (16).csv,65,10,B,B,5.19878686269885e-06,0.8764496866399696,0.1224846012849359,3.994781287209876e-05,0.0010205654753597335
5,B/b (16).csv,65,11,B,B,5.104103564723762e-06,0.9100102761288933,1.667350350030791e-05,0.0027274336012576748,0.08724051266278407
5,B/b (16).csv,65,12,B,B,5.163703887416434e-06,0.9011920552424765,0.001725155620760169,2.3950135702632666e-05,0.09705367529717338
5,B/b (16).csv,65,13,B,C,4.751728451728035e-06,0.1450610248273891,0.8537271243033783,0.0011875283519091422,1.9570788871855396e-05
5,B/b (16).csv,65,14,B,B,5.541764243464209e-06,0.9215105114497133,0.0014461048703464814,2.5930825873143576e-05,0.07701191108982368
5,B/b (16).csv,65,15,B,B,5.427651442321318e-06,0.8794125026026388,0.00308820951826153,2.0160827213097124e-05,0.11747369940044416
5,B/b (16).csv,65,16,B,B,5.086724193121347e-06,0.8541023777426132,0.142993626569698,2.4375625811080653e-05,0.0028745333376845473
5,B/b (16).csv,65,17,B,B,4.837310360179551e-06,0.861799290563641,0.0009279962930390348,2.7968424717923243e-05,0.13723990740824182
5,B/b (16).csv,65,18,B,B,4.685424146674258e-06,0.8644633934999004,1.550893566850424e-05,0.000969142586238093,0.1345472695540462
5,C/c (30).csv,129,0,C,C,4.448220548917989e-06,0.1259213812605383,0.8710725226462803,2.356489448701186e-05,0.00297808297814539
5,C/c (30).csv,129,1,C,C,4.557502210181282e-06,0.0025578136039698853,0.8930540146427476,0.1043618575773653,2.1756673707123044e-05
5,C/c (30).csv,129,2,C,C,5.13483784594836e-06,0.06900793194338355,0.9300040489743724,2.8147749685653065e-05,0.000954736494712452
5,C/c (30).csv,129,3,C,C,4.748685577341539e-06,0.0034371165233266286,0.9028594560743297,0.0936703127056203,2.8366011146144103e-05
5,C/c (30).csv,129,4,C,C,4.611768291719611e-06,4.944731873233205e-05,0.8681740372250246,0.0033462963952524344,0.12842560729269897
5,C/c (30).csv,129,5,C,C,4.9581882897907624e-06,5.1754666647376495e-05,0.8803054145621234,0.11641013646680683,0.003227736116132669
5,C/c (30).csv,129,6,C,C,5.257406005839599e-06,4.60103984742818e-05,0.888849782662663,0.11039007646216294,0.0007088730706939617
5,C/c (30).csv,129,7,C,C,4.744319281055752e-06,4.452106283252708e-05,0.8851008565887188,0.11360225495916978,0.001247623069997821
5,C/c (30).csv,129,8,C,C,4.519150145476713e-06,4.188749682909855e-05,0.8809280384996298,0.11554105684379604,0.0034844980095997883
5,C/c (30).csv,129,9,C,C,4.9176076783564885e-06,4.764205534856457e-05,0.888041064585193,0.1084404543018816,0.003465921449898385
5,C/c (30).csv,129,10,C,C,4.727017374987292e-06,4.853699967616244e-05,0.8676937979463968,0.0008289195255069483,0.13142401851104513
5,C/c (30).csv,129,11,C,C,4.833915812547046e-06,4.393890253178814e-05,0.9078875016852664,0.0012814056963519724,0.09078231980003726
5,C/c (30).csv,129,12,C,C,4.691441335884347e-06,5.030878118577702e-05,0.899743514855973,0.09703585896126041,0.003165625960244851
5,C/c (30).csv,129,13,C,C,5.109070800338117e-06,0.06358719682123211,0.935410736586695,0.0009679094193640815,2.9048101908384208e-05
5,C/c (30).csv,129,14,C,C,4.712740729137699e-06,0.004625197150146464,0.8885403126443978,0.10680559822049783,2.4179244228683328e-05
5,C/c (30).csv,129,15,C,E,4.649455302811804e-06,0.1601116808902925,0.0036800803320130816,1.9706096378788177e-05,0.8361838832260128
5,C/c (30).csv,129,16,C,C,4.613844536908806e-06,0.13929676228737672,0.8571295397543809,2.4795656789423523e-05,0.0035442884569159903
5,C/c (30).csv,129,17,C,C,5.46762332036091e-06,0.0021456519718476316,0.9589090134448867,0.038912242868211176,2.762409173418486e-05
5,C/c (30).csv,129,18,C,C,5.3015431344087704e-06,0.12958213874337782,0.8679342340133954,2.2806378887626468e-05,0.0024555193212047197
5,D/d (10).csv,159,0,D,D,0.00018055089982549113,1.4650438933739039e-06,0.0006761623146094106,0.8741577250278137,0.12498409671385804
5,D/d (10).csv,159,1,D,D,0.00017940025914628196,1.4239141776467993e-06,0.002603656424612172,0.85570340616666,0.14151211323540386
5,D/d (10).csv,159,2,D,C,0.00016162383864720226,1.353494765813014e-06,0.8634349914996633,0.13257241383524287,0.0038296173316808534
5,D/d (10).csv,159,3,D,D,5.042369431935035e-06,3.8947769089416086e-05,0.1519869279147518,0.8443169360835331,0.0036521458631937525
5,D/d (10).csv,159,4,D,D,4.930094562435781e-06,4.174138077323777e-05,0.1282978843233583,0.867676385222541,0.0039790589787649985
5,D/d (10).csv,159,5,D,D,5.265098060835306e-06,4.763674993993461e-05,0.001022104613820086,0.8919876814867904,0.1069373120513888
5,D/d (10).csv,159,6,D,D,0.016398552559067334,1.8821846371356712e-06,0.0008521732586849386,0.9815858423112808,0.0011615496863298222
5,D/d (10).csv,159,7,D,D,0.0002764348725115133,0.0017965384438344242,3.0322089424200975e-07,0.9122349555308392,0.08569176793192061
5,D/d (10).csv,159,8,D,E,5.796157957053116e-06,0.0020920327541042627,1.8733756793978937e-05,0.10938184456833817,0.8885015927628065
5,D/d (10).csv,159,9,D,D,4.714210591070283e-06,4.8117869749047916e-05,0.1480805606013353,0.8476604353858588,0.004206171932465632
5,D/d (10).csv,159,10,D,D,5.013529272669229e-06,0.1209231921795215,0.0029009323015935485,0.8761117087210061,5.915326860628496e-05
5,D/d (10).csv,159,11,D,D,5.585890126088e-06,0.14564629496762024,1.732903389450042e-05,0.853372602333091,0.000958187775268124
5,D/d (10).csv,159,12,D,D,6.995198858703283e-06,0.09273819708293995,1.5252791476842493e-05,0.9057592798790014,0.0014802750477230764
5,D/d (10).csv,159,13,D,D,6.256065814424324e-06,0.12062226162314348,0.0009410470268824433,0.8784033769424147,2.705834174507202e-05
5,D/d (10).csv,159,14,D,D,4.862219402639672e-06,0.0019466503906961756,0.147992613750401,0.850034505022094,2.136861740613737e-05
5,D/d (10).csv,159,15,D,D,5.0078901705733435e-06,6.122285210002988e-05,0.13129170811033997,0.8672970321775709,0.0013450289698184932
5,D/d (10).csv,159,16,D,D,5.066936156171069e-06,0.0015583980672839652,0.15607002926849442,0.8423437149815648,2.2790746500804775e-05
5,D/d (10).csv,159,17,D,D,4.744121407150887e-06,0.005305765534546201,0.13727107068435218,0.8573979139371198,2.050572257449542e-05
5,D/d (10).csv,159,18,D,B,6.015456647218977e-06,0.8840528918027699,1.4385741073264536e-05,0.11373032267283906,0.0021963843266705743
5,E/e (31).csv,230,0,E,E,4.943019715954232e-06,0.15788375395023288,0.0008203129574949468,2.875723986048908e-05,0.8412622328326956
5,E/e (31).csv,230,1,E,B,1.1847223831813219e-05,0.38500845562989106,0.00013648454158788685,0.31573177560065063,0.2991114370040387
5,E/e (31).csv,230,2,E,B,4.662860166243433e-06,0.856561826430989,1.543279001659119e-05,0.0031716166365552793,0.14024646128227294
5,E/e (31).csv,230,3,E,E,4.7696951914683926e-06,0.15348446214333797,0.0007708554338748837,1.8861174093714608e-05,0.845721051553502
5,E/e (31).csv,230,4,E,E,5.121505914920075e-06,4.8349517453838635e-05,0.15742598889404194,0.0008156942277082796,0.8417048458548809
5,E/e (31).csv,230,5,E,E,4.976123124823586e-06,4.313397749421759e-05,0.15694140804215873,0.0011377644201021903,0.84187271743712
5,E/e (31).csv,230,6,E,E,5.645246129298989e-06,5.0712611914192926e-05,0.0486250446774456,0.001052240948028638,0.9502663565164823
5,E/e (31).csv,230,7,E,E,5.513122592716991e-06,0.06189851804608251,0.0008838000254663317,2.221396031143559e-05,0.937189954845547
5,E/e (31).csv,230,8,E,E,5.503288335764481e-06,0.057890097157818586,0.0007800152964058257,2.2857667260663815e-05,0.9413015265901792
5,E/e (31).csv,230,9,E,E,5.5440941374054054e-06,0.04884994376130936,0.0008164512019338754,2.3034612508742243e-05,0.9503050263301106
5,E/e (31).csv,230,10,E,E,5.572736398195683e-06,5.5422807667641066e-05,0.04194532218376229,0.0009945405922064936,0.9569991416799654
5,E/e (31).csv,230,11,E,E,5.401292590246211e-06,0.05983892766929373,1.5377679385795856e-05,0.0012376012381529605,0.9389026921205773
5,E/e (31).csv,230,12,E,E,5.6062593717663e-06,0.055842956918034946,0.0018386452905457588,2.5168901208451818e-05,0.942287622630839
5,E/e (31).csv,230,13,E,E,5.296703227775822e-06,5.913217117155745e-05,0.0011104971745208774,0.0699336629667841,0.9288914109842956
5,E/e (31).csv,230,14,E,E,5.80054302999282e-06,0.0019310619781996764,0.0009596698027951452,0.001141289796850206,0.9959621778791249
5,E/e (31).csv,230,15,E,E,5.032824991529989e-06,4.9410865243935815e-05,0.0009874228043927284,0.10197437158031777,0.896983761925054
5,E/e (31).csv,230,16,E,E,5.7355637974718436e-06,6.70587314590222e-05,0.0010304912494085146,0.04698896321317199,0.9519077512421631
5,E/e (31).csv,230,17,E,E,5.3630565838368416e-06,0.16376686319949288,1.1469589897438807e-05,0.0009440717505350188,0.8352722324034909
5,E/e (31).csv,230,18,E,B,0.00024516506694823704,0.8780583503263871,3.2030818382440744e-07,0.11956293673711584,0.002133227561364981
5,D/d (30).csv,179,0,D,E,5.4422256410063006e-06,4.677830714502446e-05,0.0009684710981905843,0.13380100940246972,0.8651782989665537
5,D/d (30).csv,179,1,D,D,4.925851570932651e-06,4.2162431783235584e-05,0.0022760994498797643,0.8637481490836301,0.13392866318313604
5,D/d (30).csv,179,2,D,D,4.789856968223957e-06,4.284855163407984e-05,0.0019571307186541567,0.8668174634395046,0.13117776743323897
5,D/d (30).csv,179,3,D,D,4.603504911725231e-06,4.161758129380347e-05,0.15172126938122754,0.8442270788979419,0.004005430634625178
5,D/d (30).csv,179,4,D,D,4.782193478982312e-06,4.0586839325701044e-05,0.0035733098652853475,0.8572168269431546,0.13916449415875534
5,D/d (30).csv,179,5,D,D,5.458487085952615e-06,4.330201826285231e-05,0.0006701237466893581,0.8826228890267289,0.11665822672123297
5,D/d (30).csv,179,6,D,D,0.25594002882783173,4.211302914091605e-05,2.431135526567455e-07,0.7430194990540578,0.0009981159754168397
5,D/d (30).csv,179,7,D,D,0.29987150408755303,3.96467653053697e-05,2.2596695865206588e-07,0.6990268199766744,0.0010618032035085996
5,D/d (30).csv,179,8,D,D,0.3052712979586987,1.2076155916567612e-06,1.048083098032359e-05,0.6939634737755188,0.0007535398192105287
5,D/d (30).csv,179,9,D,D,0.007448168997817343,1.6857966447689726e-06,1.7038582046923762e-05,0.9287185061764943,0.06381460044699659
5,D/d (30).csv,179,10,D,D,0.00020532935778431227,1.6848792068881466e-06,0.046300510282722626,0.9526463772034287,0.0008460982768574912
5,D/d (30).csv,179,11,D,D,6.6085485332730784e-06,5.042948420882728e-05,0.0007624366256768755,0.9598711816748378,0.03930934366674333
5,D/d (30).csv,179,12,D,D,6.3336100291072484e-06,6.58719492106344e-05,0.048451081390899015,0.9491348662586843,0.0023418467911770803
5,D/d (30).csv,179,13,D,D,5.465259292787914e-06,5.264607284766231e-05,0.11943170604353516,0.8772510009767438,0.0032591816475805407
5,D/d (30).csv,179,14,D,D,5.656616304012692e-06,4.777203853069503e-05,0.13344034659476228,0.8637598747203044,0.002746350030098653
5,D/d (30).csv,179,15,D,D,5.5277044915575695e-06,5.0155114780089835e-05,0.12775450143577702,0.8711809128517775,0.0010089028931739908
5,D/d (30).csv,179,16,D,D,5.46067396012401e-06,4.5390168394373604e-05,0.0011452732587792737,0.8626617163069936,0.13614215959187267
5,D/d (30).csv,179,17,D,D,4.794387025516447e-06,0.006774129656372349,1.1529751454129048e-05,0.8581676978333019,0.135041848371846
5,D/d (30).csv,179,18,D,E,4.689860502465448e-06,0.006077089389175513,1.3483462019488966e-05,0.1388440674190665,0.8550606698692361
5,D/d (38).csv,187,0,D,D,0.012193454470223897,1.506793159170232e-06,1.3339456508608902e-05,0.874089831515858,0.11370186776425037
5,D/d (38).csv,187,1,D,D,5.802181609334804e-06,5.4323301078285595e-05,0.0007047284948253447,0.9556967015577957,0.04353844446469131
5,D/d (38).csv,187,2,D,D,4.925836346035255e-06,4.642790405625506e-05,0.001397021661044184,0.8641043077351026,0.13444731686345085
5,D/d (38).csv,187,3,D,C,5.0579592482216805e-06,4.015285813113975e-05,0.8671497868140028,0.12910697369385338,0.003698028674764545
5,D/d (38).csv,187,4,D,D,5.195424383134198e-06,4.429295005694897e-05,0.0035947332744594163,0.8612827574515056,0.1350730208995949
5,D/d (38).csv,187,5,D,D,5.175030815792307e-06,4.610110028818526e-05,0.003258707315299855,0.866166098393166,0.1305239181604302
5,D/d (38).csv,187,6,D,D,0.0002892709218365826,1.491925751926077e-06,0.12382619411603177,0.8726469650121813,0.003236078024198448
5,D/d (38).csv,187,7,D,D,0.012705969513483326,4.661874028723375e-05,2.588474321906389e-07,0.860487811292824,0.12675934160597319
5,D/d (38).csv,187,8,D,D,5.447012237234311e-06,4.813951055862506e-05,0.12416384201399205,0.8721036263393108,0.003678945123901255
5,D/d (38).csv,187,9,D,D,4.657754494033314e-06,4.248568047123282e-05,0.16147010029576042,0.8356512516350026,0.0028315046342715696
5,D/d (38).csv,187,10,D,D,4.721806767778649e-06,6.285730798427769e-05,0.14817667491045253,0.8489014203589721,0.0028543256158234357
5,D/d (38).csv,187,11,D,D,4.797425720505118e-06,0.00339050428549707,0.14743057839237245,0.8491457051544635,2.8414741946459328e-05
5,D/d (38).csv,187,12,D,D,5.111103468787543e-06,0.15208507540224592,0.0011119018308773847,0.8467753030313899,2.260863201797017e-05
5,D/d (38).csv,187,13,D,B,5.404824594822847e-06,0.8659654583243904,1.2759493234328327e-05,0.0029445325391203522,0.13107184481866016
5,D/d (38).csv,187,14,D,E,5.271984176733966e-06,9.367289141446632e-05,0.0009983229595723966,0.12098652393245343,0.8779162082323829
5,D/d (38).csv,187,15,D,E,4.833005667850747e-06,0.004367313887031955,2.1087093793267806e-05,0.13092584669136698,0.86468091932214
5,D/d (38).csv,187,16,D,D,4.773314889821633e-06,5.002019112453662e-05,0.002444131357475843,0.8611205698458806,0.13638050529062926
5,D/d (38).csv,187,17,D,D,4.7552924480560615e-06,5.102044985212114e-05,0.0009790893397766112,0.85533840151362,0.14362673340430318
5,D/d (38).csv,187,18,D,D,5.400112687287496e-06,0.14592068583119566,2.2809063651510455e-05,0.8507108006212236,0.003340304371241987
5,A/a (38).csv,37,0,A,A,0.9594097171470836,4.383929870351692e-05,2.5496590356839254e-07,0.0009144247969821023,0.03963176379132739
5,A/a (38).csv,37,1,A,A,0.9569493721129306,0.04221729881704917,2.3374611227673717e-07,2.1400851656517907e-05,0.0008116944722512528
5,A/a (38).csv,37,2,A,A,0.9183299277222061,0.08087284052650452,1.2307329083112153e-05,5.08890657697613e-07,0.0007844155315483972
5,A/a (38).csv,37,3,A,A,0.877289729516409,5.122755041550318e-05,0.000667840072771117,4.496857513258192e-07,0.121990753174653
5,A/a (38).csv,37,4,A,A,0.8921322014787711,0.0011764084338111056,2.3359445367945152e-07,1.907988515906234e-05,0.10667207660780485
5,A/a (38).csv,37,5,A,A,0.9474725114001986,1.4625122444737071e-06,1.2705694078136438e-05,0.05161900843111618,0.0008943119623625944
5,A/a (38).csv,37,6,A,A,0.9330330074540065,1.436448218152081e-06,1.3183278810993311e-05,0.06624388333265141,0.0007084894863127621
5,A/a (38).csv,37,7,A,A,0.9526306454697382,1.4351627633662e-06,0.04656154103501631,1.9270090268946245e-05,0.0007871082422132254
5,A/a (38).csv,37,8,A,A,0.9515470671830979,1.4978870639747283e-06,1.6345964112744582e-05,0.0008342750976900004,0.047600813868035365
5,A/a (38).csv,37,9,A,A,0.9350385397613915,1.5504481830317152e-06,1.2453548491311232e-05,0.0007811770639157284,0.06416627917801833
5,A/a (38).csv,37,10,A,A,0.9514869987141623,1.5184349730425228e-06,0.0477714721151639,2.057012111805663e-05,0.0007194406145826917
5,A/a (38).csv,37,11,A,A,0.9366021088931376,4.392786383135957e-05,0.000606520477722883,5.450003201020872e-07,0.06274689776498801
5,A/a (38).csv,37,12,A,A,0.950003505043456,0.049145679738944265,1.4836877596157008e-05,5.412319319094545e-07,0.0008354371080717311
5,A/a (38).csv,37,13,A,A,0.8844845164138689,0.0023088591287807195,1.185843134737236e-05,4.961094759983739e-07,0.11319426991652701
5,A/a (38).csv,37,14,A,A,0.9083980813018607,0.09082725493857456,1.1386263948487088e-05,4.935881611191128e-07,0.0007627839074550744
5,A/a (38).csv,37,15,A,A,0.8883295762039649,0.11093707461896721,2.221108948660712e-07,1.9367525601948273e-05,0.0007137595405708933
5,A/a (38).csv,37,16,A,A,0.946441150534915,0.05275844338096439,2.6509777754068013e-07,1.937490579414508e-05,0.0007807660805490146
5,A/a (38).csv,37,17,A,A,0.8858165275067549,0.11344424675048767,1.2294901038444583e-05,4.671135642828698e-07,0.0007264637281546025
5,A/a (38).csv,37,18,A,A,0.8561246135536817,0.1431929712437825,2.3233306211621245e-07,1.857668001921325e-05,0.0006636061894543961
5,D/d (4).csv,153,0,D,D,0.009168314797180452,1.6105489993871513e-06,1.3134923210848466e-05,0.8829166564157097,0.10790028331489963
5,D/d (4).csv,153,1,D,D,5.695209594378553e-06,4.5540938516766175e-05,0.0007849601837182882,0.8874097401807378,0.1117540634874328
5,D/d (4).csv,153,2,D,D,4.878494384055403e-06,4.270638155293499e-05,0.13479182352966276,0.8611135538971817,0.004047037697218478
5,D/d (4).csv,153,3,D,D,5.194240135096776e-06,5.508162549255607e-05,0.09533869702781586,0.9036086367465863,0.000992390359970211
5,D/d (4).csv,153,4,D,D,5.596470209280483e-06,5.5459477478450765e-05,0.03329645881949929,0.9657001442764922,0.0009423409563207192
5,D/d (4).csv,153,5,D,D,5.738485775956646e-06,4.899435608789665e-05,0.04416035029060844,0.9524774978309813,0.003307419036546294
5,D/d (4).csv,153,6,D,D,0.2685866666848564,1.2900128645465978e-06,1.0974498905900567e-05,0.7306226703803339,0.0007783984230391121
5,D/d (4).csv,153,7,D,D,0.34878392936162445,1.146480502277067e-06,0.0004610695384687126,0.6507384947637399,1.535985566457995e-05
5,D/d (4).csv,153,8,D,D,0.3483398126469153,3.481976844622715e-05,0.0005520360360652444,0.6510729250574289,4.06491144390058e-07
5,D/d (4).csv,153,9,D,D,0.008394777810211803,1.3967930009281492e-06,0.1414145009977617,0.8501678847965023,2.1439602523269805e-05
5,D/d (4).csv,153,10,D,C,0.0001676901477253658,1.3004811530596252e-06,0.861439460766719,0.13594435060825072,0.002447197996151947
5,D/d (4).csv,153,11,D,D,0.00017920658411524514,1.4603655370274247e-06,0.0023961655163263853,0.8744408989984304,0.12298226853559097
5,D/d (4).csv,153,12,D,D,0.00020294126534248772,1.5952129402782807e-06,0.08463724282389402,0.9142512975573205,0.0009069231405026234
5,D/d (4).csv,153,13,D,D,0.000219083379456185,1.663673880310677e-06,0.04975833244494084,0.9490809862707428,0.0009399342309798987
5,D/d (4).csv,153,14,D,D,0.007236292663538043,1.7981358318500501e-06,1.6257691697163936e-05,0.9240786524516146,0.06866699905731846
5,D/d (4).csv,153,15,D,D,6.4634756915400005e-06,4.7991763482737354e-05,0.09207642406640354,0.904839368101149,0.0030297525932731694
5,D/d (4).csv,153,16,D,D,5.164272770106451e-06,4.124405472017181e-05,0.14235293274729102,0.8567968869995826,0.0008037719256361811
5,D/d (4).csv,153,17,D,D,5.1660737594081544e-06,4.626266713782942e-05,0.10622728742095429,0.8898168249561701,0.003904458881978391
5,D/d (4).csv,153,18,D,D,4.600382850097517e-06,0.004485474197226516,1.2868144823960046e-05,0.8555325214750864,0.13996453580001308
5,A/a (12).csv,11,0,A,A,0.9670386199609178,0.0013753039828611833,2.4825396162244845e-07,1.9412465483514384e-05,0.031566415336775934
5,A/a (12).csv,11,1,A,A,0.9629418050311124,0.03631002102284963,1.2157347564031335e-05,5.116451022555401e-07,0.0007355049533716596
5,A/a (12).csv,11,2,A,A,0.9595127654410581,0.039793062881802226,1.3427191146486189e-05,5.189579106999914e-07,0.0006802255280823554
5,A/a (12).csv,11,3,A,A,0.9460018855095116,1.4459102305065971e-06,1.3810647128925848e-05,0.0009794189746927583,0.05300343895843628
5,A/a (12).csv,11,4,A,A,0.902171562717973,0.0013062350801132064,2.5799280361827825e-07,2.0056634889279007e-05,0.09650188757422097
5,A/a (12).csv,11,5,A,A,0.9533643909347412,1.4611436637942145e-06,1.357046614247954e-05,0.045841917047893185,0.0007786604075592133
5,A/a (12).csv,11,6,A,A,0.8892994922502311,3.969770516271248e-05,2.3858045959995273e-07,0.10989201162501602,0.0007685598391306352
5,A/a (12).csv,11,7,A,A,0.8931493293816418,3.9950597817831366e-05,2.376930047018757e-07,0.10601508350774384,0.0007953988197916555
5,A/a (12).csv,11,8,A,A,0.9219174500120697,1.4223927839824556e-06,1.236747942805035e-05,0.0773464102444686,0.0007223498712495535
5,A/a (12).csv,11,9,A,A,0.9696943185927978,1.518484809091841e-06,1.3540060233847597e-05,0.0007965715298495649,0.029494051332309743
5,A/a (12).csv,11,10,A,A,0.9681163971029305,0.001407568250301436,2.635778807503383e-07,0.03045469372740902,2.107734147832847e-05
5,A/a (12).csv,11,11,A,A,0.9586211325496441,0.0014598343345446445,2.385836972690815e-07,0.03989854781952202,2.024671259202967e-05
5,A/a (12).csv,11,12,A,A,0.9552015044815091,4.425644864530385e-05,2.436946279851329e-07,0.04400487379704189,0.00074912157817558
5,A/a (12).csv,11,13,A,A,0.8663335920609782,0.13299506139143252,2.170532007467609e-07,1.787846184317864e-05,0.0006532510325453556
5,A/a (12).csv,11,14,A,A,0.8686559959151097,0.13051561738920356,1.1189043591800699e-05,4.617196746998697e-07,0.0008167359324202409
5,A/a (12).csv,11,15,A,A,0.9578414914953365,0.041337829262743354,2.3623885461399068e-07,1.851633693354606e-05,0.0008019266661321451
5,A/a (12).csv,11,16,A,A,0.9496349792614032,0.049468485837249124,2.448557124819113e-07,0.0008753171869815521,2.0972858653586277e-05
5,A/a (12).csv,11,17,A,A,0.9073307105186571,0.09198035678886621,1.275682137841458e-05,0.0006757171780235457,4.5869307459709716e-07
5,A/a (12).csv,11,18,A,A,0.9515417879169268,0.001733205943824183,2.700809142371073e-07,0.04670172626672933,2.3009791605442572e-05
5,A/a (48).csv,47,0,A,A,0.8710206773017657,0.0017958671202839844,1.1098083801768152e-05,4.546955217827372e-07,0.1271719027986269
5,A/a (48).csv,47,1,A,A,0.9221723309619407,4.711951828452866e-05,2.499010062283475e-07,0.07539940547225686,0.0023808941465116246
5,A/a (48).csv,47,2,A,A,0.9025399364471011,0.0012533555118317953,2.473855907598564e-07,1.9492611241448202e-05,0.09618696804423495
5,A/a (48).csv,47,3,A,A,0.881247991191618,0.004034254981442624,2.1994198888276517e-07,1.799815668264087e-05,0.11469953572826778
5,A/a (48).csv,47,4,A,A,0.9076744189377517,0.0028939972632337618,1.394172229697784e-05,5.717887492253765e-07,0.0894170702879682
5,A/a (48).csv,47,5,A,A,0.8894174806721967,1.4126175579890798e-06,0.10967832172925368,1.8573136667774042e-05,0.0008842118443237556
5,A/a (48).csv,47,6,A,A,0.9591176069528903,1.4749029391507084e-06,0.0007375878333306086,0.04012040412213027,2.292618870959199e-05
5,A/a (48).csv,47,7,A,A,0.9538978633631704,5.124867712301647e-05,2.495045668354656e-07,0.04508588067197309,0.0009647577831667295
5,A/a (48).csv,47,8,A,A,0.9068845781642154,4.449578891373467e-05,0.0009431826000595437,0.09212725452232137,4.88924490182958e-07
5,A/a (48).csv,47,9,A,A,0.9084916332318358,4.5534520728383754e-05,2.2898819107115023e-07,0.09053068345316048,0.0009319198060842298
5,A/a (48).csv,47,10,A,A,0.9003750338891661,0.0014110936934661196,1.2997852116723275e-05,0.0982003781370234,4.964282277883087e-07
5,A/a (48).csv,47,11,A,A,0.9558967790613637,5.7413574300956184e-05,0.0008550291448316974,0.04319026315574476,5.150637588788304e-07
5,A/a (48).csv,47,12,A,A,0.9163932961955233,0.08231846646326893,2.2638150710944106e-07,0.0012681372235489384,1.9873736151699973e-05
5,A/a (48).csv,47,13,A,A,0.951203826624745,0.04795243729081655,2.8952608789067036e-07,2.3250544518169818e-05,0.0008201960138322626
5,A/a (48).csv,47,14,A,A,0.9481054085536691,1.6158045877552333e-06,0.0009728599046295885,0.05089939984828035,2.0715888833251924e-05
5,A/a (48).csv,47,15,A,A,0.8796929497238525,0.0012583739903838118,0.11902987395220835,5.293658553222483e-07,1.827296770004827e-05
5,A/a (48).csv,47,16,A,A,0.899388941306608,4.936770628128734e-05,2.505321565691345e-07,0.09954911934828956,0.0010123211066645048
5,A/a (48).csv,47,17,A,A,0.8933311625727188,5.163979385276667e-05,2.482333167935853e-07,0.10560597747538711,0.0010109719247245125
5,A/a (48).csv,47,18,A,A,0.8592456025478162,0.13977874026481604,1.3464912915791094e-05,5.229034264119325e-07,0.0009616693710256212
5,E/e (10).csv,209,0,E,E,5.420226741801661e-06,0.1457407118844878,1.3785599807800405e-05,0.0016794378255447133,0.8525606444634178
5,E/e (10).csv,209,1,E,C,4.46748806266682e-06,0.00016779064263731052,0.8656744902168806,0.0030110759414573108,0.13114217571096204
5,E/e (10).csv,209,2,E,E,4.989206308703417e-06,0.16097205784931357,1.3510522892721748e-05,0.0008599717333767742,0.8381494706881083
5,E/e (10).csv,209,3,E,B,1.007404858231146e-05,0.9335369504584459,0.0018108880433645427,2.938259959506606e-05,0.06461270485001208
5,E/e (10).csv,209,4,E,A,0.8270570206710685,0.007642596197070016,5.99098006944798e-05,9.894137257892461e-05,0.16514153195858802
5,E/e (10).csv,209,5,E,A,0.8662318208191022,4.321469170443368e-05,0.13053238078101684,5.067946839572743e-07,0.003192076913492568
5,E/e (10).csv,209,6,E,E,0.00021663001138962545,1.4388716736853955e-06,0.16443353635403987,0.0007932585557676417,0.8345551362071292
5,E/e (10).csv,209,7,E,E,6.1263512834286655e-06,4.687171155160149e-05,0.0010673948550817146,0.07029341228117919,0.9285861948009041
5,E/e (10).csv,209,8,E,E,5.95594967095267e-06,5.7713566639203584e-05,0.0007574348918966621,0.04431462123234285,0.9548642743594503
5,E/e (10).csv,209,9,E,E,0.00020228877981292456,0.0016556664904759041,2.726829683685865e-07,0.08599159706328942,0.9121501749834534
5,E/e (10).csv,209,10,E,E,6.981827007757984e-06,0.0017146902798976342,0.0008128526936859421,0.0010985070244142088,0.9963669681749944
5,E/e (10).csv,209,11,E,E,5.005337681664737e-06,4.4639765438078796e-05,0.14851653812741164,0.0007412268412555353,0.850692589928213
5,E/e (10).csv,209,12,E,C,4.9695363692232064e-06,4.783483212526894e-05,0.8680628984895004,0.0010827025126582672,0.13080159462934682
5,E/e (10).csv,209,13,E,E,5.096710176025288e-06,4.551364405721572e-05,0.14897707316540995,0.002561637058940702,0.8484106794214161
5,E/e (10).csv,209,14,E,E,4.838642819813041e-06,5.2259374545379136e-05,0.1556017025533908,0.003079962936829426,0.8412612364924145
5,E/e (10).csv,209,15,E,C,1.3163550740750254e-05,0.00023210371874841007,0.3811892330760007,0.31214498554508385,0.30642051410942633
5,E/e (10).csv,209,16,E,D,5.585473050949013e-06,5.5098723597363275e-05,0.0012585658374644872,0.8643138879994776,0.1343668619664096
5,E/e (10).csv,209,17,E,E,5.322822673643968e-06,0.0026300014460460827,1.679289737562354e-05,0.0976483844810842,0.8996994983528205
5,E/e (10).csv,209,18,E,B,6.3195300994776896e-06,0.9194051640624261,1.4275723835268485e-05,0.0791675429231687,0.0014066977604703533
5,A/a (3).csv,2,0,A,A,0.9575951459537142,0.001553465351022785,2.4851781625668806e-07,0.040826511878180184,2.4628299266663322e-05
5,A/a (3).csv,2,1,A,A,0.9475229264066709,0.0013983904842501,2.5560727859770115e-07,1.9141782501525627e-05,0.05105928571929886
5,A/a (3).csv,2,2,A,A,0.9130553236149852,0.001738970813245189,1.1247950780236915e-05,4.6501099075897535e-07,0.08519399260999856
5,A/a (3).csv,2,3,A,A,0.8683190315434413,0.0011893038546625084,1.0697593600838613e-05,4.433416676757313e-07,0.13048052366662768
5,A/a (3).csv,2,4,A,A,0.8746457684575838,1.4153024558088395e-06,0.0006149766652973777,2.097038457699893e-05,0.12471686919008602
5,A/a (3).csv,2,5,A,A,0.9347997115984226,1.5270468500460854e-06,0.0006637175957323191,2.0626640225420705e-05,0.0645144171187696
5,A/a (3).csv,2,6,A,A,0.9001247153313312,4.153801876962534e-05,2.467624044428049e-07,0.0009122226004024806,0.09892127728709228
5,A/a (3).csv,2,7,A,A,0.963761830984537,4.684203760442116e-05,0.000925289601037474,6.415226819110186e-07,0.03526539585413923
5,A/a (3).csv,2,8,A,A,0.9065211928892557,1.3683246118578484e-06,0.09266267432648236,1.9112019464715778e-05,0.0007956524401852601
5,A/a (3).csv,2,9,A,A,0.9463639958729746,1.462911839615312e-06,0.0006849120548172478,2.030346516507346e-05,0.05292932569520346
5,A/a (3).csv,2,10,A,A,0.964074833835317,4.579065103945981e-05,0.03512984327570839,6.204260728257334e-07,0.0007489118118622871
5,A/a (3).csv,2,11,A,A,0.9631897987852647,0.0014640696080930411,2.6281313239292703e-07,0.03532328668993108,2.258210357888924e-05
5,A/a (3).csv,2,12,A,A,0.9669401854022045,4.988167189857095e-05,2.707621599243364e-07,0.03212123664146686,0.0008884255222701351
5,A/a (3).csv,2,13,A,A,0.9580296772849116,4.7758484837256144e-05,0.0021895788619244534,5.53110208022829e-07,0.03973243225811868
5,A/a (3).csv,2,14,A,A,0.8800038325040956,0.003984942207752893,0.11599216846080385,4.6251194281622655e-07,1.8594315404794765e-05
5,A/a (3).csv,2,15,A,A,0.8672653115764104,0.1319184557069115,1.2227142130565269e-05,4.4093694678785554e-07,0.0008035646376009554
5,A/a (3).csv,2,16,A,A,0.859742626884382,0.13844919826783222,1.0916629446996523e-05,4.464698067529304e-07,0.0017968117485321325
5,A/a (3).csv,2,17,A,D,0.35976194720088833,0.0014886748334711276,2.010867237072683e-07,0.6387336773329159,1.549954600103951e-05
5,A/a (3).csv,2,18,A,D,0.3154610495297249,5.564947028656941e-05,2.6777881986522863e-07,0.6825557293263841,0.001927303894784581
5,C/c (9).csv,108,0,C,C,4.676443494475624e-06,0.005648195275157809,0.8873970602175006,4.339824946163697e-05,0.10690666981438543
5,C/c (9).csv,108,1,C,C,4.545204033304838e-06,0.1410878873319287,0.8575888872372549,0.001293984663699443,2.4695563083679117e-05
5,C/c (9).csv,108,2,C,C,5.245964484267512e-06,0.0031097885136829547,0.9542441866888767,0.04261956325932129,2.121557363477855e-05
5,C/c (9).csv,108,3,C,C,5.106868482277931e-06,0.00195426314467959,0.9254152736268334,0.07260507277772986,2.0283582274937087e-05
5,C/c (9).csv,108,4,C,C,5.33158765491551e-06,0.06371079038135184,0.9354087548578212,0.0008497755916070055,2.5347581565027245e-05
5,C/c (9).csv,108,5,C,C,5.567542535302908e-06,4.575181980414675e-05,0.9190489363128681,0.0798147847592771,0.0010849595655153099
5,C/c (9).csv,108,6,C,C,4.776383173342775e-06,4.020342705407897e-05,0.871824717518062,0.12735991677326783,0.000770385898442716
5,C/c (9).csv,108,7,C,C,4.8590009852385195e-06,4.303398082838944e-05,0.8645494121491459,0.13468521473389308,0.0007174801351474075
5,C/c (9).csv,108,8,C,C,4.973117513564581e-06,4.18399393277607e-05,0.8932522231471571,0.10595093774206404,0.000750026053937367
5,C/c (9).csv,108,9,C,C,5.147505826089745e-06,4.291651348342123e-05,0.9259447906861037,0.0707390944124177,0.0032680508821690607
5,C/c (9).csv,108,10,C,C,4.625795371188374e-06,3.965059048821471e-05,0.8747664468758615,0.1231739922469003,0.002015284491378855
5,C/c (9).csv,108,11,C,C,4.6578743713450645e-06,4.058956605448668e-05,0.8848128551398592,0.11368686101326261,0.0014550364064522898
5,C/c (9).csv,108,12,C,C,5.487575103794269e-06,4.2071063698484676e-05,0.8957340196728522,0.10340616541574307,0.0008122562726024873
5,C/c (9).csv,108,13,C,D,6.9256934318389065e-06,6.137791807427469e-05,0.12064279252244352,0.877370572880946,0.001918330985104393
5,C/c (9).csv,108,14,C,C,5.844888031919352e-06,4.986871782111575e-05,0.9494269537261011,0.049669568331029625,0.0008477643370163173
5,C/c (9).csv,108,15,C,C,5.721818595159719e-06,0.0015623014217750846,0.9491316075694617,2.50437023858541e-05,0.04927532548778221
5,C/c (9).csv,108,16,C,C,5.30592142215416e-06,5.5143532649221805e-05,0.9026543138539197,0.0008188145300923005,0.0964664221619166
5,C/c (9).csv,108,17,C,C,5.907811569320721e-06,0.056091463457265366,0.9429528550071468,0.0009212712224145479,2.850250160401015e-05
5,C/c (9).csv,108,18,C,C,4.715184677300501e-06,0.11392190910939622,0.8851109843612257,0.0009390443406944078,2.334700400645085e-05
5,E/e (26).csv,225,0,E,E,5.08775261018439e-06,0.14932156315904793,1.5914548345233048e-05,0.0010480930839862955,0.8496093414560104
5,E/e (26).csv,225,1,E,E,4.7680383644765e-06,0.00012343201758233024,0.13438134979402627,0.003434126689230716,0.8620563234607962
5,E/e (26).csv,225,2,E,E,4.852819938651946e-06,5.15281425267491e-05,0.133206578911372,0.0010650554244583676,0.8656719847017041
5,E/e (26).csv,225,3,E,E,4.521041928570799e-06,4.5346421646305526e-05,0.15602698664448453,0.0038329462139971666,0.8400901996779434
5,E/e (26).csv,225,4,E,E,1.0334227029370668e-05,0.0030459918569908997,0.0013740021352101936,0.0019200755436483662,0.9936495962371212
5,E/e (26).csv,225,5,E,E,0.015699309010519726,8.051789655285384e-05,4.709127360990411e-07,0.06483812195887353,0.9193815802213178
5,E/e (26).csv,225,6,E,E,5.185970051142251e-06,4.299912092075787e-05,0.11582701226119997,0.0010817364018966876,0.8830430662459314
5,E/e (26).csv,225,7,E,E,5.844782150300054e-06,0.0014908498420191014,0.04909754370808473,2.4019741168379157e-05,0.9493817419265774
5,E/e (26).csv,225,8,E,E,5.786104296814095e-06,4.6883960473284915e-05,0.05757951336164816,0.0009087541214948641,0.9414590624520869
5,E/e (26).csv,225,9,E,E,5.554240073597164e-06,5.05818192575176e-05,0.03737756629275099,0.000900659605242883,0.961665638042675
5,E/e (26).csv,225,10,E,E,5.212324236102877e-06,0.054979755664752876,0.001978982223623971,2.4176160402317785e-05,0.9430118736269848
5,E/e (26).csv,225,11,E,E,5.551046030768231e-06,5.138009455974737e-05,0.05465797495807701,0.0010369559490919105,0.9442481379522405
5,E/e (26).csv,225,12,E,E,5.888269749419751e-06,0.0016914689036067734,0.05409078469911991,2.3994972247495987e-05,0.9441878631552764
5,E/e (26).csv,225,13,E,E,5.231718632143756e-06,0.09637957811272345,0.0012534952325029835,2.0667533309433772e-05,0.902341027402832
5,E/e (26).csv,225,14,E,B,5.63495951963384e-06,0.8724075784569061,1.2805901271807979e-05,0.0027823316247425436,0.12479164905756004
5,E/e (26).csv,225,15,E,E,4.595115793674423e-06,0.15951522825117564,1.117408974935819e-05,0.001087305871410376,0.839381696671871
5,E/e (26).csv,225,16,E,E,4.577182598867531e-06,0.1524064907392908,1.3927645782921804e-05,0.000910681767614639,0.8466643226647127
5,E/e (26).csv,225,17,E,E,4.54608184508337e-06,0.16234666414216237,1.340785921849217e-05,0.0010095780194657273,0.8366258038973083
5,E/e (26).csv,225,18,E,B,5.763292416489029e-06,0.8648917576744021,1.3478145926994889e-05,0.0012604402605614026,0.13382856062669307
5,C/c (37).csv,136,0,C,C,4.766260222664467e-06,0.09115179291110377,0.90673572614666,2.104888755325461e-05,0.0020866657944604255
5,C/c (37).csv,136,1,C,C,4.661626834159937e-06,0.14857593206520192,0.8507379648091092,1.8985183661432425e-05,0.000662456315193152
5,C/c (37).csv,136,2,C,C,4.627690338202273e-06,0.1405967699164836,0.8586811933026195,2.017568251421719e-05,0.0006972334080443872
5,C/c (37).csv,136,3,C,C,4.539774901399645e-06,0.14609827222827157,0.8530982999908041,0.00077974996504739,1.9138040975431333e-05
5,C/c (37).csv,136,4,C,C,4.7444906800215055e-06,0.14970482661484857,0.8493524699633846,0.000919686734418303,1.8272196668466093e-05
5,C/c (37).csv,136,5,C,C,4.972033805733198e-06,5.2388423524841093e-05,0.9129215919238194,0.08579641556827017,0.0012246320505797962
5,C/c (37).csv,136,6,C,C,4.9651804310493754e-06,4.4162630132671e-05,0.8851150928940213,0.11386702498487272,0.0009687543105423029
5,C/c (37).csv,136,7,C,C,4.9026084390653334e-06,0.00015566440293522142,0.90398036762597,0.09414660781535383,0.001712457547301798
5,C/c (37).csv,136,8,C,C,4.648779054059446e-06,5.055574689419199e-05,0.8753583084691267,0.001057652425684177,0.12352883457924083
5,C/c (37).csv,136,9,C,C,4.755088300749177e-06,4.905699371297991e-05,0.8974380051453914,0.10109743919265742,0.001410743579937439
5,C/c (37).csv,136,10,C,C,4.941635945542205e-06,0.12054629696775176,0.8784785790184866,0.0009527659066771722,1.7416471139004672e-05
5,C/c (37).csv,136,11,C,C,5.010715830690668e-06,0.11984988405627783,0.8793517807049565,0.0007744955381665164,1.8828984768622364e-05
5,C/c (37).csv,136,12,C,C,4.795073546875502e-06,0.13515331785745,0.8639868644352682,2.1660457717605374e-05,0.0008333621760173311
5,C/c (37).csv,136,13,C,C,5.0873873369771436e-06,0.0021244994655670374,0.9114961693800798,0.08635503060197812,1.9213165038189373e-05
5,C/c (37).csv,136,14,C,C,5.1648906370955946e-06,0.05404447529299542,0.9450565399649017,0.0008729097342847281,2.0910117181157598e-05
5,C/c (37).csv,136,15,C,C,4.611003317870898e-06,0.1397837945811229,0.8594450101474881,1.8304828111070046e-05,0.0007482794399599282
5,C/c (37).csv,136,16,C,C,4.4728941565823576e-06,0.1609931665520031,0.8380621000674581,1.7196850853215774e-05,0.0009230636355290082
5,C/c (37).csv,136,17,C,C,4.581463185891267e-06,0.15218502041174203,0.8468921950145024,1.874536648822772e-05,0.0008994577440815572
5,C/c (37).csv,136,18,C,C,5.297196236246863e-06,0.1378861259982158,0.8611119834885719,2.2369092299572335e-05,0.0009742242246766245
5,C/c (44).csv,143,0,C,B,0.00018711882329513533,0.8417169955131991,0.158056139740597,2.124017146033356e-05,1.8505751448297443e-05
5,C/c (44).csv,143,1,C,C,5.418389985339705e-06,0.13448704995195898,0.8646644980567028,0.0008260872364733765,1.6946364879491977e-05
5,C/c (44).csv,143,2,C,C,4.675026965714673e-06,0.1464124998344252,0.8527547034048416,0.0008102367619526798,1.788497181481292e-05
5,C/c (44).csv,143,3,C,C,4.754481845736839e-06,0.12236206375592437,0.8765003841339705,0.0011149769504397102,1.782067781986405e-05
5,C/c (44).csv,143,4,C,E,5.538349649786484e-06,7.130641280066392e-05,0.1252558984832354,0.0035556948513892697,0.8711115619029248
5,C/c (44).csv,143,5,C,C,4.895085070573126e-06,3.8066574092090474e-05,0.8642013256492276,0.1323123579689128,0.0034433547226969457
5,C/c (44).csv,143,6,C,C,4.607688022101714e-06,3.799783965186988e-05,0.8688167181486983,0.1301403151830856,0.0010003611405421469
5,C/c (44).csv,143,7,C,C,4.547361861196375e-06,3.9270608203895614e-05,0.8741272526121845,0.12198093357775094,0.0038479958399994124
5,C/c (44).csv,143,8,C,C,4.757991765259311e-06,3.842604151667061e-05,0.8705379470366951,0.001531576240145897,0.12788729268987706
5,C/c (44).csv,143,9,C,C,4.858517421186105e-06,3.920932969880372e-05,0.8844599642645443,0.11207505944589523,0.0034209084424405194
5,C/c (44).csv,143,10,C,C,4.877447695599955e-06,4.1388060409765315e-05,0.8893717682166009,0.10658633198472046,0.003995634290573279
5,C/c (44).csv,143,11,C,C,4.656384795040617e-06,4.072564136113365e-05,0.8629120150017954,0.002917667030120226,0.13412493594192829
5,C/c (44).csv,143,12,C,E,4.718442758154364e-06,3.998080671463541e-05,0.16267252505637997,0.001089831875194669,0.8361929438189525
5,C/c (44).csv,143,13,C,C,4.80786076791798e-06,3.874902892276429e-05,0.8651582540778651,0.0018710271667361335,0.13292716186570822
5,C/c (44).csv,143,14,C,C,5.080789147657302e-06,3.88610855675775e-05,0.8888125129676956,0.10776625534833803,0.00337728980925138
5,C/c (44).csv,143,15,C,C,4.813538123681846e-06,4.042765413682096e-05,0.8865945715967491,0.0013285202085433702,0.11203166700244699
5,C/c (44).csv,143,16,C,C,4.602311998858315e-06,4.102775569949412e-05,0.8792004025535192,0.11895693486502906,0.001797032513753377
5,C/c (44).csv,143,17,C,C,4.568907235144628e-06,4.34122043889561e-05,0.8866623010693959,0.11227730759064866,0.0010124102283314337
5,C/c (44).csv,143,18,C,C,5.029019140738125e-06,5.1843135465498036e-05,0.8881331473875612,0.11086786906908541,0.0009421113887470862
5,E/e (25).csv,224,0,E,E,5.632936666292735e-06,0.12224313621395853,1.4224317271567645e-05,0.0025826542292007922,0.8751543523029027
5,E/e (25).csv,224,1,E,E,5.129129343963521e-06,0.07607159567262256,0.003372643358561076,3.4144786566178025e-05,0.9205164870529061
5,E/e (25).csv,224,2,E,C,4.622516594174317e-06,5.591854408271108e-05,0.8727688461673913,0.003439787991662775,0.12373082478026903
5,E/e (25).csv,224,3,E,E,4.887812687668898e-06,0.1542623792260621,1.3577665951276684e-05,0.0008427670982544828,0.8448763881970445
5,E/e (25).csv,224,4,E,E,4.9304631025520536e-06,8.600364292286224e-05,0.14795173259457334,0.001974875799916579,0.8499824574994846
5,E/e (25).csv,224,5,E,E,5.404415382221605e-06,6.660902519053402e-05,0.0011449857194370402,0.11597367892707705,0.8828093219129132
5,E/e (25).csv,224,6,E,E,6.055508283216138e-06,5.241036388823962e-05,0.03732271413427602,0.0011210635297466203,0.961497756463806
5,E/e (25).csv,224,7,E,C,4.6085090617513866e-06,3.8752437215360166e-05,0.8587659117429822,0.0012867766531726094,0.13990395065756817
5,E/e (25).csv,224,8,E,E,5.667986499704895e-06,5.31658319641077e-05,0.08513426442707783,0.0010856647440533342,0.913721237010405
5,E/e (25).csv,224,9,E,E,5.175029853640973e-06,4.486133568279151e-05,0.0006625357720493003,0.11805706260222999,0.8812303652601842
5,E/e (25).csv,224,10,E,E,5.621344029160599e-06,5.076840082772105e-05,0.0007797475215384182,0.0987941244189852,0.9003697383146195
5,E/e (25).csv,224,11,E,E,5.05126334902486e-06,4.481893356697604e-05,0.001997997792454605,0.130456385467167,0.8674957465434624
5,E/e (25).csv,224,12,E,E,5.367833958901623e-06,5.141465078588832e-05,0.0012195059547125608,0.10214992922952935,0.8965737823310133
5,E/e (25).csv,224,13,E,E,5.441773673095998e-06,5.229213807083455e-05,0.0009731497196463451,0.11920217757412312,0.8797669387944865
5,E/e (25).csv,224,14,E,E,5.626657691237957e-06,5.15208906230212e-05,0.001086567950085332,0.09874775858237848,0.9001085259192219
5,E/e (25).csv,224,15,E,E,5.924740911713348e-06,0.0017070469857718242,1.7636107261593103e-05,0.08096345899179529,0.9173059331742596
5,E/e (25).csv,224,16,E,E,5.6508496249012665e-06,5.5727798168925156e-05,0.05295232168310025,0.0014399148500079718,0.9455463848190979
5,E/e (25).csv,224,17,E,E,5.16042599640245e-06,5.0891531128871527e-05,0.0017365499932546847,0.09637067610874706,0.901836721940873
5,E/e (25).csv,224,18,E,E,5.825203490829288e-06,0.14163066165816543,1.2250287320050128e-05,0.0027147014315481925,0.8556365614194755
5,E/e (18).csv,217,0,E,E,4.963602646027889e-06,0.14832134030566935,0.0006534822226547171,2.2089246637817304e-05,0.8509981246223922
5,E/e (18).csv,217,1,E,E,5.463948504489418e-06,0.10164987660526703,0.0006633424436858655,2.3949596573538674e-05,0.8976573674059691
5,E/e (18).csv,217,2,E,E,4.866533220387747e-06,0.13212306232429746,0.0008951474300575883,1.9523863787684486e-05,0.866957399848637
5,E/e (18).csv,217,3,E,B,4.927322901855173e-06,0.859477563438906,0.002282066047474896,2.0154028751441444e-05,0.13821528916196577
5,E/e (18).csv,217,4,E,E,5.237920551297776e-06,0.15221604558754806,1.3548455584355851e-05,0.0011368601338419557,0.8466283079024743
5,E/e (18).csv,217,5,E,E,0.009377621254038812,5.44300022198463e-05,2.5192943381316435e-07,0.1174700598771956,0.873097636937112
5,E/e (18).csv,217,6,E,E,0.006971570490333363,4.3714493231793186e-05,2.4262921360801444e-07,0.13952204738511953,0.8534624250021018
5,E/e (18).csv,217,7,E,E,5.544431385714598e-06,4.4781688778787725e-05,0.0014094343414607603,0.12255436284534654,0.8759858766930282
5,E/e (18).csv,217,8,E,C,0.013562764293627766,1.7938354701882715e-06,0.9809527643227824,0.0024857713481953136,0.002996906199924165
5,E/e (18).csv,217,9,E,E,0.0004349220259932671,0.10308816330522237,0.0018800505859971242,7.040396500975722e-07,0.8945961600431372
5,E/e (18).csv,217,10,E,E,5.298969556989068e-06,6.861021730362995e-05,0.10556356138281905,0.002139455903406649,0.8922230735269137
5,E/e (18).csv,217,11,E,D,5.254876882563548e-06,0.0018725995053846768,1.3976915994720776e-05,0.8665413462025126,0.1315668224992255
5,E/e (18).csv,217,12,E,E,4.944264831113779e-06,0.0020800541739672265,1.26916312388256e-05,0.1212877590467117,0.8766145508832511
5,E/e (18).csv,217,13,E,C,5.1016111329629855e-06,4.557851077947686e-05,0.8747564308330796,0.12157279790733115,0.0036200911376767482
5,E/e (18).csv,217,14,E,E,5.196185456176552e-06,5.142331830276445e-05,0.15482945248779384,0.002222584721063522,0.8428913432873838
5,E/e (18).csv,217,15,E,C,4.82021033934026e-06,4.0183232755056966e-05,0.8648259768146402,0.0024619149589278143,0.1326671047833376
5,E/e (18).csv,217,16,E,C,4.826475546547205e-06,4.239078322660375e-05,0.8664517965536714,0.0036128368183444555,0.12988814936921092
5,E/e (18).csv,217,17,E,E,6.4620247350901994e-06,5.4376355320331605e-05,0.0008756295234516055,0.10206160299628174,0.8970019291002111
5,E/e (18).csv,217,18,E,E,0.00022050013102880542,0.14208244040878182,2.600685196530477e-07,0.00134359380880179,0.856353205582868
5,D/d (6).csv,155,0,D,D,0.0068292227107124934,1.6178927796579512e-06,1.3736268952331613e-05,0.8762400556386907,0.11691536748886487
5,D/d (6).csv,155,1,D,D,0.00021022340794687728,0.0025518691400333096,2.715910623110522e-07,0.8709664511341275,0.12627118472683
5,D/d (6).csv,155,2,D,D,5.123262102361489e-06,0.0030494942766313192,1.3637898506583074e-05,0.8723917478723431,0.12453999669041668
5,D/d (6).csv,155,3,D,D,5.551862079837944e-06,0.09909609918346483,1.336666015039177e-05,0.8998833505182174,0.001001631776087451
5,D/d (6).csv,155,4,D,D,4.901328199372641e-06,0.13910898284883758,0.0008311979838096172,0.8600336480920576,2.1269747095814076e-05
5,D/d (6).csv,155,5,D,D,5.106751845197461e-06,5.3388668719337437e-05,0.0946550692937905,0.904462709764567,0.0008237255210778588
5,D/d (6).csv,155,6,D,D,4.948781831244168e-06,4.604952348753458e-05,0.0008831250661050721,0.8949164027191713,0.10414947390940484
5,D/d (6).csv,155,7,D,D,5.4035163686454765e-06,4.700085087538206e-05,0.0006161181918789019,0.9073967312523818,0.09193474618849523
5,D/d (6).csv,155,8,D,D,0.0002138233448196954,5.238087943488134e-05,1.365023105080416e-05,0.9621394409071707,0.037580704637523867
5,D/d (6).csv,155,9,D,D,4.900714300016397e-06,4.6960288367236635e-05,0.10855210191556128,0.8878068989007121,0.0035891381810593454
5,D/d (6).csv,155,10,D,D,4.668879013775258e-06,4.348755583702996e-05,0.14042152253265644,0.8563463678424815,0.003183953190011148
5,D/d (6).csv,155,11,D,D,5.009212218646462e-06,7.130708092565656e-05,0.0011830528490556216,0.8739749847419399,0.12476564611586012
5,D/d (6).csv,155,12,D,D,6.109712317124895e-06,0.0019213847843932395,0.09267283166613578,0.9053780413458231,2.1632491330681482e-05
5,D/d (6).csv,155,13,D,D,6.841481467654123e-06,0.07785327547308331,0.0007933419401186249,0.9213253828482887,2.1158257041634068e-05
5,D/d (6).csv,155,14,D,D,6.412965485893539e-06,0.004024055356677141,0.0655726713860403,0.9303769304866575,1.992980513910687e-05
5,D/d (6).csv,155,15,D,D,5.1204990230039115e-06,8.213387794919682e-05,0.0013083721842836547,0.8951355704158168,0.1034688030229273
5,D/d (6).csv,155,16,D,D,4.9446738902455966e-06,4.726594600262403e-05,0.11604944647454193,0.8807868542389481,0.003111488666617056
5,D/d (6).csv,155,17,D,D,4.663637903331777e-06,4.127149077588776e-05,0.00291222543435994,0.8598960007532062,0.1371458386837547
5,D/d (6).csv,155,18,D,D,4.751380077015494e-06,4.157517815554386e-05,0.13999444857677387,0.8558283084644326,0.004130916400560954
5,A/a (50).csv,49,0,A,A,0.9609980962383209,1.5889547007510164e-06,1.2519276240792597e-05,0.0008195486438453285,0.038168246886892104
5,A/a (50).csv,49,1,A,A,0.9039147957142648,0.09528060036805501,1.2665032748476416e-05,4.930864388462973e-07,0.000791445798493023
5,A/a (50).csv,49,2,A,A,0.8613459601753597,0.135655971023002,2.1827366106326857e-07,1.653928897739919e-05,0.0029813112389998654
5,A/a (50).csv,49,3,A,A,0.8772484460712923,0.0014588854386532201,1.2265269243549605e-05,4.7183405699474793e-07,0.12127993138675393
5,A/a (50).csv,49,4,A,A,0.9537918885117392,1.5365082380085212e-06,1.4094466534058141e-05,0.044587910862003234,0.0016045696514855423
5,A/a (50).csv,49,5,A,A,0.9301369475272082,1.5257612636499915e-06,0.0007073562410443099,0.06913307057021646,2.109990026734244e-05
5,A/a (50).csv,49,6,A,A,0.9236992317412557,4.2437904944868044e-05,0.0754151087552753,0.0008427243106103976,4.972879138108015e-07
5,A/a (50).csv,49,7,A,A,0.9965952341636944,0.0014516229886867172,0.0009977634709836896,0.0009547689419197148,6.10434715310109e-07
5,A/a (50).csv,49,8,A,A,0.9032884368500276,4.559299538989451e-05,1.2325189394842882e-05,0.09663518344092538,1.8461524262297364e-05
5,A/a (50).csv,49,9,A,A,0.9582432522547046,1.5018699619731705e-06,0.0007427998929525343,0.04099025019572226,2.219578665851181e-05
5,A/a (50).csv,49,10,A,A,0.9539706140991832,6.296452646427807e-05,1.4182915989708392e-05,2.5049904071270165e-05,0.04592718855429163
5,A/a (50).csv,49,11,A,A,0.9113667075097732,0.001783156193143586,1.4105590339225256e-05,0.08683555952833355,4.7117841033779586e-07
5,A/a (50).csv,49,12,A,A,0.8789645468236078,0.11780288358488537,1.1198074944829583e-05,0.0032209246526493703,4.4686391281225544e-07
5,A/a (50).csv,49,13,A,A,0.8584660374967108,0.13988841772353042,2.1636276775415305e-07,0.0016270068984645537,1.83215185266001e-05
5,A/a (50).csv,49,14,A,A,0.9531259141593552,5.623113781818494e-05,0.000849333158512964,0.045967960285289024,5.612590246141655e-07
5,A/a (50).csv,49,15,A,A,0.9219959756786333,0.0017220564433372615,0.07626006113454346,5.878973385104362e-07,2.1318846147594087e-05
5,A/a (50).csv,49,16,A,A,0.8750965782663913,0.12354572376578626,0.0013331475265422647,5.199446253443186e-07,2.403049665505614e-05
5,A/a (50).csv,49,17,A,B,0.32855078543874183,0.6704970775519141,2.2578596782697536e-05,0.0009291204370204561,4.379755409957546e-07
5,A/a (50).csv,49,18,A,A,0.8774329299399372,0.1217058483176999,0.0008342077743796834,2.6531546271876747e-05,4.82421711134325e-07
5,A/a (18).csv,17,0,A,A,0.9168385734076318,4.34108853276891e-05,2.5043694098707717e-07,0.08218104821768059,0.0009367170524191239
5,A/a (18).csv,17,1,A,A,0.9439458309660085,0.0013826511778614271,2.425277682394523e-07,0.05465070223466814,2.0573093693873414e-05
5,A/a (18).csv,17,2,A,A,0.9555183273833139,0.04372344017500057,1.4049953499067085e-05,4.951673075866716e-07,0.0007436873208787007
5,A/a (18).csv,17,3,A,A,0.9002318580768954,0.0014215419191069762,1.0997622711183933e-05,4.6446352913450985e-07,0.09833513791775728
5,A/a (18).csv,17,4,A,A,0.9532675782187737,0.04584984865874488,2.4760278581974124e-07,1.994731524960395e-05,0.0008623782044460661
5,A/a (18).csv,17,5,A,A,0.9662636220810888,1.4960320662545618e-06,0.0008844357750577668,0.032831481061761154,1.896505002598276e-05
5,A/a (18).csv,17,6,A,A,0.919282063401142,1.4274408443039277e-06,0.0007634811399154818,0.07993348489564041,1.9543122457935816e-05
5,A/a (18).csv,17,7,A,A,0.9611251395421752,4.2686042958038024e-05,0.03799186438795988,0.0008398132022902306,4.968246166158729e-07
5,A/a (18).csv,17,8,A,A,0.9575740100698068,4.247788511796761e-05,0.000997199484807583,0.0413858280357085,4.845245590684229e-07
5,A/a (18).csv,17,9,A,A,0.9241371526956534,1.436203706708274e-06,1.175840575914403e-05,0.07515076038685056,0.0006988923080301398
5,A/a (18).csv,17,10,A,A,0.9427458926963478,0.05599539159794512,2.341529929903898e-07,0.0012366792590777042,2.180229363647711e-05
5,A/a (18).csv,17,11,A,A,0.9563031071737522,0.04281648733743939,2.3699727426196628e-07,2.111550912635077e-05,0.0008590529824080605
5,A/a (18).csv,17,12,A,A,0.9978909551731964,0.001318201477444557,1.372968410408286e-05,2.0190922757468754e-05,0.0007569227424975536
5,A/a (18).csv,17,13,A,A,0.9647043754120157,1.5352395306156508e-06,1.2350606802546287e-05,0.034566204679773685,0.0007155340618774902
5,A/a (18).csv,17,14,A,A,0.9686533771692769,4.694800812705785e-05,0.0006919876022623895,0.030607194837754266,4.923825794282526e-07
5,A/a (18).csv,17,15,A,A,0.9605016549467856,0.03870646410347099,2.4974531191349153e-07,0.0007726153608667399,1.9015843564852577e-05
5,A/a (18).csv,17,16,A,A,0.908305488267199,0.09099705977748103,1.2656005710006385e-05,4.882235735341423e-07,0.0006843077260363735
5,A/a (18).csv,17,17,A,A,0.8616415442579416,0.1345595449554255,2.0322716732090576e-07,2.0863619715301424e-05,0.003777843939750006
5,A/a (18).csv,17,18,A,A,0.8754260282486949,0.004391096990011158,2.1091407017773895e-07,2.0425657609525904e-05,0.12016223818961431
5,E/e (39).csv,238,0,E,E,5.11238708113306e-06,5.839659596350008e-05,0.1555967971559517,0.0008756213328589213,0.8434640725281447
5,E/e (39).csv,238,1,E,E,5.238830910705973e-06,0.07357969776361042,0.0014167990528649592,2.4855343519963314e-05,0.924973409009094
5,E/e (39).csv,238,2,E,E,5.526827853777619e-06,0.11692838897825204,1.689026336060347e-05,0.0012152650265379013,0.8818339289039957
5,E/e (39).csv,238,3,E,E,5.288928009519798e-06,0.1361311155491556,0.0019079966893799745,1.94233503031838e-05,0.8619361754831517
5,E/e (39).csv,238,4,E,E,4.862825565265033e-06,0.14039182021868202,0.0007441183896901392,2.0419962500811693e-05,0.8588387786035618
5,E/e (39).csv,238,5,E,E,5.267303865177835e-06,0.08981230003160708,0.0006428210375920924,2.1040337130550637e-05,0.9095185712898051
5,E/e (39).csv,238,6,E,E,5.407370802062763e-06,0.11288898232376193,0.0018708668626910058,2.6017906234939862e-05,0.8852087255365101
5,E/e (39).csv,238,7,E,E,5.6839547420125976e-06,0.004646390707288464,1.3628161994001291e-05,0.11262619281979552,0.88270810435618
5,E/e (39).csv,238,8,E,E,5.582849472962642e-06,0.09174940850532412,1.314110268389803e-05,0.0019758367459003488,0.9062560307966187
5,E/e (39).csv,238,9,E,E,5.0865343325071414e-06,0.13596401047356343,0.0006918525634317829,1.9809376016812355e-05,0.8633192410526555
5,E/e (39).csv,238,10,E,E,5.405146551852436e-06,0.12048834700057427,0.0010863704934727903,2.2213648859485e-05,0.8783976637105416
5,E/e (39).csv,238,11,E,E,4.932086320045152e-06,0.0020958897484442606,0.12148022189937738,1.88996451418798e-05,0.8764000566207164
5,E/e (39).csv,238,12,E,E,4.981762925523445e-06,0.10918085831255935,0.0014493806255523477,1.9913171446927697e-05,0.8893448661275158
5,E/e (39).csv,238,13,E,E,5.949325274370449e-06,0.05298750717927684,0.0008089866237664868,2.5007360625095944e-05,0.9461725495110572
5,E/e (39).csv,238,14,E,E,5.686028053542633e-06,0.001888180553788133,1.6859649526728496e-05,0.043629755480499945,0.9544595182881317
5,E/e (39).csv,238,15,E,E,5.228713814281897e-06,5.59420343696505e-05,0.11690658253514834,0.0011605446013335146,0.8818717021153342
5,E/e (39).csv,238,16,E,E,5.347100662860571e-06,0.0018387016998382849,2.6529148708976454e-05,0.08536327688514841,0.9127661451656415
5,E/e (39).csv,238,17,E,E,5.144361708834331e-06,0.08874583303610785,0.0024829376526135554,2.1691612055753105e-05,0.908744393337514
5,E/e (39).csv,238,18,E,B,5.05867253736764e-06,0.8679488443133172,1.279973928490044e-05,0.000764036526824143,0.13126926074803638
5,D/d (24).csv,173,0,D,D,0.00021416197065850633,1.5942321768058523e-06,0.0007623572630879479,0.8757561798349756,0.12326570669910117
5,D/d (24).csv,173,1,D,D,0.00021854383054439744,1.9029602149822092e-06,0.0012434120079480662,0.8808055267241133,0.1177306144771793
5,D/d (24).csv,173,2,D,E,5.66180444483665e-06,4.233723513680208e-05,0.00220212191262152,0.1290701461254048,0.868679732922392
5,D/d (24).csv,173,3,D,D,0.007514150467156649,1.6238777750874369e-06,1.714318588864072e-05,0.8735601934460848,0.11890688902309474
5,D/d (24).csv,173,4,D,D,0.2841164059167516,1.3832621056969218e-06,1.1155859524474558e-05,0.7147932756088338,0.001077779352784477
5,D/d (24).csv,173,5,D,D,0.2544969522309149,4.853908319604643e-05,2.7427828084989925e-07,0.7436839981468804,0.00177023626072793
5,D/d (24).csv,173,6,D,D,0.31315673699944885,4.071157061043773e-05,2.345999384423555e-07,0.6854878648645485,0.001314451965453767
5,D/d (24).csv,173,7,D,D,0.008970189909573236,1.6989332832019452e-06,0.001402195670565938,0.987157781226345,0.0024681342602325
5,D/d (24).csv,173,8,D,D,0.007226469369885118,1.8395870539826098e-06,0.0008207314592687989,0.9908697647077594,0.0010811948760326004
5,D/d (24).csv,173,9,D,D,0.007540890860770224,1.4701015636386454e-06,0.11372763253884588,0.8787080231444895,2.1983354330660962e-05
5,D/d (24).csv,173,10,D,D,0.0002159903863385272,1.6518386582077438e-06,0.12543973884616394,0.8735016980873651,0.0008409208414742667
5,D/d (24).csv,173,11,D,D,0.00019196223734889713,1.5242475175036524e-06,0.11870444538072494,0.8802763151197092,0.0008257530146995576
5,D/d (24).csv,173,12,D,D,5.366183423822102e-06,4.189027543034748e-05,0.14776669115605304,0.8514055008528633,0.0007805515322294453
5,D/d (24).csv,173,13,D,D,0.005910490126693832,1.4464767165081531e-06,0.1424146094618246,0.8516552680886178,1.818584614729349e-05
5,D/d (24).csv,173,14,D,D,6.526210162755634e-06,4.952633300093656e-05,0.04701624421799087,0.952038865933966,0.0008888373048794844
5,D/d (24).csv,173,15,D,D,0.006830700069646321,1.7283880484962276e-06,1.4606819298727393e-05,0.9331768458275869,0.05997611889541961
5,D/d (24).csv,173,16,D,D,6.550926067057864e-06,5.3248227125888385e-05,0.041844239753525574,0.9572387354156184,0.0008572256776631062
5,D/d (24).csv,173,17,D,D,4.606408536976721e-06,3.832130156324915e-05,0.16907300792456093,0.8274259020271841,0.0034581623381546517
5,D/d (24).csv,173,18,D,E,0.000190645950057696,0.0017293200921724514,2.6373126669714235e-07,0.082819817129216,0.9152599530972872
5,C/c (50).csv,149,0,C,C,4.962340354284544e-06,0.001672259058996726,0.9159394116896995,0.08236057466037676,2.2792250572775153e-05
5,C/c (50).csv,149,1,C,C,4.916217371321462e-06,0.0034860277750834935,0.9164599924647178,2.040361282610108e-05,0.08002865993000131
5,C/c (50).csv,149,2,C,C,5.379679602032405e-06,0.09574235804665392,0.903389251889082,0.0008399321152668482,2.307826939527124e-05
5,C/c (50).csv,149,3,C,C,4.63456654306555e-06,0.13026716007379746,0.8688998682237247,1.9038607395258984e-05,0.0008092985285394857
5,C/c (50).csv,149,4,C,C,4.860052021646132e-06,0.12236464206484686,0.8768007806842211,1.9947906704717364e-05,0.0008097692922057477
5,C/c (50).csv,149,5,C,B,6.055665900739827e-06,0.8533772902829397,0.14555025331512675,3.264550180925735e-05,0.0010337552342234752
5,C/c (50).csv,149,6,C,C,4.972129740726398e-06,4.2454207557423306e-05,0.8694496725921703,0.003150299648873983,0.12735260142165752
5,C/c (50).csv,149,7,C,C,4.750464108605593e-06,3.9501205885939563e-05,0.8630932012405308,0.00378261120524649,0.13307993588422817
5,C/c (50).csv,149,8,C,C,4.992806662326767e-06,4.3383307630199805e-05,0.9041108679982404,0.0926397455455,0.0032010103419671597
5,C/c (50).csv,149,9,C,C,4.824926135902805e-06,0.10196497897203115,0.8969914896340894,2.1805549968373772e-05,0.0010169009177752267
5,C/c (50).csv,149,10,C,C,4.718188614066302e-06,0.0051775682742609555,0.8910447594433935,2.058393701659902e-05,0.10375237015671483
5,C/c (50).csv,149,11,C,E,4.642574670090446e-06,0.1545251375665333,0.003641268313886214,2.071162957281823e-05,0.8418082399153375
5,C/c (50).csv,149,12,C,C,4.702957852308677e-06,0.14020989316779878,0.8573548175837056,1.932705227854826e-05,0.0024112592383647626
5,C/c (50).csv,149,13,C,C,4.662768921828314e-06,0.0054851774578714065,0.8749197577627594,1.8116328261414013e-05,0.11957228568218599
5,C/c (50).csv,149,14,C,C,4.81319622773383e-06,0.0021701306648133395,0.8875001024329493,1.8149319433585155e-05,0.1103068043865761
5,C/c (50).csv,149,15,C,C,5.15054501724272e-06,0.13931468398138055,0.8577535150625007,1.773636147751539e-05,0.0029089140496236926
5,C/c (50).csv,149,16,C,C,4.875464042371209e-06,0.13620161609506912,0.8605086375629478,1.839311946795074e-05,0.0032664777584725958
5,C/c (50).csv,149,17,C,C,4.864683645609216e-06,0.1428692217609146,0.8551036273957461,2.1117210853874648e-05,0.002001168948839944
5,C/c (50).csv,149,18,C,C,5.2476595602448506e-06,0.11882405872080129,0.8801362839229538,2.17466061387374e-05,0.0010126630905458634
