path,window,true,predicted,prob_A,prob_B,prob_C,prob_D,prob_E
D/d (2).csv,0,D,D,0.00014424402150780852,1.5033050934977754e-06,0.11111199730804013,0.8871281886682247,0.001614066697133774
D/d (2).csv,1,D,D,0.00015231939664636754,1.5850883058464664e-06,0.05305069997167391,0.945079545332917,0.0017158502104567541
D/d (2).csv,2,D,D,0.006456150538931106,1.7337686623266575e-06,0.0009236435220181091,0.9914580574737122,0.0011604146966762488
D/d (2).csv,3,D,D,0.0001631494188708674,1.558045960548139e-06,0.09502016446189421,0.9037399784040837,0.0010751496691905598
D/d (2).csv,4,D,D,0.007050925315442947,1.6803863984668668e-06,1.8411353479316283e-05,0.9414459313482549,0.05148305159642437
D/d (2).csv,5,D,D,0.2525838804513395,4.2560073094102615e-05,3.5833116521754903e-07,0.7460253653571197,0.0013478357872814162
D/d (2).csv,6,D,D,0.014544144016318117,1.9320020428652106e-06,3.2886962672044236e-05,0.8920570091708006,0.09336402784816639
D/d (2).csv,7,D,D,0.00015734572209370339,1.3587709232153364e-06,0.16928244950427876,0.8296263084543619,0.0009325375483424845
D/d (2).csv,8,D,D,4.333572186498436e-06,5.406809804510932e-05,0.0008353122156142934,0.9463458245045814,0.052760461609572824
D/d (2).csv,9,D,D,4.557099982414552e-06,5.10049755261724e-05,0.04229214570243051,0.9558344767238636,0.0018178154981972553
D/d (2).csv,10,D,D,0.00015391167064420725,1.5716166293198947e-06,0.1224298833295608,0.8764250300880193,0.0009896032951465495
D/d (2).csv,11,D,D,5.037423769112368e-06,0.00168871140859389,0.05014323757100986,0.9481260237430941,3.698985353310778e-05
D/d (2).csv,12,D,D,4.546815241748541e-06,5.619331406719422e-05,0.10740776978496742,0.8914514669359977,0.0010800231497258735
D/d (2).csv,13,D,D,4.52961994177825e-06,0.0016836052201766893,0.039815349281145204,0.9584566843757298,3.983150300649431e-05
D/d (2).csv,14,D,D,4.0084075343684585e-06,4.652552749919573e-05,0.06536762238823629,0.9315376511329815,0.003044192543748609
D/d (2).csv,15,D,D,3.5584159358461804e-06,4.193915825994149e-05,0.147729967700412,0.8490416887475606,0.0031828459778316704
D/d (2).csv,16,D,D,3.696237492797747e-06,4.3852963463481386e-05,0.15183778372284026,0.8437414450832611,0.004373221992942314
D/d (2).csv,17,D,D,3.671597990441833e-06,5.0062854848692995e-05,0.15595406843139908,0.841699419645083,0.00229277747067883
D/d (2).csv,18,D,E,0.0001968645239477095,0.1532384914472988,3.553585959094548e-07,0.0005348654404410104,0.8460294232297166
A/a (19).csv,0,A,A,0.9689970075293344,5.178510551573979e-05,4.6577146309084374e-07,0.02958325810736565,0.0013674834863212206
A/a (19).csv,1,A,A,0.951115009138019,0.0019159028842003654,0.04693564534125309,1.9468113089182547e-07,3.324795539683512e-05
A/a (19).csv,2,A,A,0.9956380708400844,0.0018194504357992376,0.0012051583768666174,1.9291005259604451e-07,0.001337127437197217
A/a (19).csv,3,A,A,0.9287791054009789,0.06990763044228526,1.8519122154478383e-05,2.1223472511659488e-07,0.0012945327998564655
A/a (19).csv,4,A,A,0.8967715784592799,0.0013389037615581223,3.717686264658376e-07,9.554012343025509e-06,0.10187959199819241
A/a (19).csv,5,A,A,0.8765493212753988,0.004312657717217278,3.1819464073719884e-07,1.1435327541233317e-05,0.11912626748520196
A/a (19).csv,6,A,A,0.9699902351042878,1.5958491304615355e-06,1.8087487537357953e-05,0.028910999555346803,0.0010790820036974628
A/a (19).csv,7,A,A,0.965312236554754,1.552042484838833e-06,1.8106566813249642e-05,0.033451946237238,0.0012161585987100106
A/a (19).csv,8,A,A,0.971164901514742,4.6392706712559925e-05,1.7985920130986325e-05,0.028734015339182014,3.67045192324136e-05
A/a (19).csv,9,A,A,0.9205655664220926,4.239465650111269e-05,0.0007559852006314787,0.07863502929331907,1.0244274557523415e-06
A/a (19).csv,10,A,A,0.938399268683514,4.367981338471119e-05,0.0008994472610719793,0.0606565818993227,1.0223427066890118e-06
A/a (19).csv,11,A,A,0.9496630480175029,0.04977432910536003,3.9448563217482195e-07,0.0005287401241653505,3.3488267339379e-05
A/a (19).csv,12,A,A,0.9396529512387083,0.05932117792799716,3.5654600885478073e-07,0.0009899635284062159,3.5550758879406774e-05
A/a (19).csv,13,A,A,0.9490179909237635,0.04979691383740902,3.7086650037624954e-07,1.2432515695382026e-05,0.00117229185663158
A/a (19).csv,14,A,A,0.8771709372984081,0.12183947659070166,3.3546249067206124e-07,9.05206483247048e-06,0.0009801985835671916
A/a (19).csv,15,A,A,0.8928381964489265,0.10590900192188567,3.228366014110278e-07,8.945399035954675e-06,0.0012435333935506545
A/a (19).csv,16,A,A,0.9390234123734993,0.05990671869554051,1.5892589418499204e-05,1.965334637643741e-07,0.0010537798080778947
A/a (19).csv,17,A,A,0.9613796212188067,0.0015887652794207793,0.037020393167927386,1.0136725279517985e-05,1.0836085657246622e-06
A/a (19).csv,18,A,A,0.9498649738257352,0.04913497662246464,3.927594835411987e-07,9.68341546292709e-06,0.0009899733768537898
B/b (47).csv,0,B,B,4.681893328726221e-06,0.8971010741334137,0.0019821103732999405,1.684478938140461e-05,0.10089528881057626
B/b (47).csv,1,B,B,4.213038798517349e-06,0.8759972286845809,0.0008637079473696703,1.0556536400120073e-05,0.1231242937928509
B/b (47).csv,2,B,B,3.968462846637336e-06,0.8940493321114527,0.0012643467128688466,1.0860845160560915e-05,0.1046714918676713
B/b (47).csv,3,B,B,3.870706275498756e-06,0.857130427596813,0.14174136285350056,1.2711903058697504e-05,0.0011116269403523783
B/b (47).csv,4,B,B,3.903085477720418e-06,0.8554656594831215,0.14327184874176113,1.1296566714693455e-05,0.0012472921229248213
B/b (47).csv,5,B,B,3.851601689270049e-06,0.8768750016611788,3.422254253778375e-05,0.0009521517679466711,0.12213477242664735
B/b (47).csv,6,B,B,4.0074047141270404e-06,0.862502810252053,2.279296319317693e-05,0.0005611501093519884,0.13690923927068768
B/b (47).csv,7,B,B,3.984571357192646e-06,0.8521368399907597,1.5242224903524194e-05,0.0007029607480193924,0.14714097246496008
B/b (47).csv,8,B,B,3.704881308882611e-06,0.8518713624708508,0.1436828366024985,1.1181177934653674e-05,0.004430914867407123
B/b (47).csv,9,B,B,3.8008440775278114e-06,0.8463881174117907,1.5001169472676302e-05,0.00047063416731463463,0.15312244640734446
B/b (47).csv,10,B,B,3.953092567251575e-06,0.8486271561916561,0.0007781853983947196,1.0016191235095303e-05,0.15058068912614686
B/b (47).csv,11,B,B,4.508697359394002e-06,0.8600621259536857,0.0007530724792064331,9.909312643446054e-06,0.13917038355710498
B/b (47).csv,12,B,B,4.60728162714185e-06,0.8871331285306814,0.001032365128192782,1.0805562714236507e-05,0.11181909349678434
B/b (47).csv,13,B,B,3.725428727494653e-06,0.8496461053346528,0.0008729492542367913,9.470120261150116e-06,0.1494677498621217
B/b (47).csv,14,B,B,3.7048104625951585e-06,0.8415000835499928,0.003737343653298941,9.00313140576636e-06,0.1547498648548398
B/b (47).csv,15,B,E,4.014053431717648e-06,0.15246724600325895,0.0036656988321529787,9.500655344497875e-06,0.8438535404558118
B/b (47).csv,16,B,B,3.991787880551715e-06,0.8479346603476409,0.0007509245287140229,9.76758691138122e-06,0.151300655748853
B/b (47).csv,17,B,B,3.858635782879088e-06,0.8497353195187206,0.0007973515597038556,9.69793041737176e-06,0.14945377235537524
B/b (47).csv,18,B,B,4.265477047645432e-06,0.8748129343308403,0.0008569796067206092,1.0164746517092855e-05,0.12431565583887437
B/b (17).csv,0,B,B,4.56219032004539e-06,0.9386400366830526,2.0517003437684755e-05,0.001999273954910278,0.05933561016827932
B/b (17).csv,1,B,B,4.715491111656651e-06,0.9426589074616472,0.0018517420578977842,1.1297672119191736e-05,0.055473337317224224
B/b (17).csv,2,B,B,4.236747768949764e-06,0.8959954290675711,0.001080024427938129,1.147498869763981e-05,0.10290883476802405
B/b (17).csv,3,B,B,4.173425122015205e-06,0.9302918540709756,0.001333169982182245,1.203486406927657e-05,0.06835876765765088
B/b (17).csv,4,B,B,4.0456178281231244e-06,0.8711803022787886,0.0007496113319479221,1.0380322833767296e-05,0.1280556604486015
B/b (17).csv,5,B,B,4.492778996040036e-06,0.8510969504210164,0.0007117378017300173,1.0211155290811973e-05,0.14817660784296668
B/b (17).csv,6,B,B,0.01060630087290725,0.8516440531520278,3.37701291447073e-07,1.244548678579598e-05,0.1377368627869876
B/b (17).csv,7,B,B,0.00039408837768850906,0.861555755368715,3.508223597772015e-07,0.002141148094385471,0.13590865733685137
B/b (17).csv,8,B,B,4.39620230923405e-06,0.8545567762760632,0.001120667464377128,1.1143384884814463e-05,0.1443070166723655
B/b (17).csv,9,B,B,4.596382370508789e-06,0.9483642066383419,0.001853075379189446,1.2917876066880535e-05,0.04976520372403134
B/b (17).csv,10,B,B,4.224542566517312e-06,0.9199455594044483,0.0030246655067745374,0.07697702394175401,4.852660445653588e-05
B/b (17).csv,11,B,B,4.4394674339327005e-06,0.9313453482757554,2.1343989014765215e-05,0.0006143821588167385,0.06801448610897913
B/b (17).csv,12,B,B,0.00016948593295331961,0.9073718582811289,3.6956735904727095e-07,0.0010137935889218195,0.09144449262963686
B/b (17).csv,13,B,B,4.023911907855894e-06,0.8535865818672093,1.5478098532834998e-05,0.000451632430789887,0.14594228369156007
B/b (17).csv,14,B,B,3.8256358260553015e-06,0.8546149034855218,1.6739889003122535e-05,0.0007857491262341985,0.1445787818634148
B/b (17).csv,15,B,B,4.4705172920280184e-06,0.948877445966083,0.0013985205594439212,0.04967672745530357,4.283550187746238e-05
B/b (17).csv,16,B,B,4.822304462114417e-06,0.9493590960311556,0.0012359926370459778,1.3421068269062784e-05,0.04938666795906724
B/b (17).csv,17,B,B,4.060164393309826e-06,0.85990469992469,1.5069789669327811e-05,0.0005046191165273752,0.13957155100472
B/b (17).csv,18,B,B,4.164189128450816e-06,0.8734356981363938,1.678818615342128e-05,0.0005021154695635325,0.12604123401876086
A/a (8).csv,0,A,A,0.9169370544744334,4.827309751574486e-05,3.772574995893829e-07,0.08176570266366258,0.0012485925068886979
A/a (8).csv,1,A,A,0.8801399017898859,0.003379193950866164,0.11645117909230979,1.7751099294569352e-07,2.9547655945042566e-05
A/a (8).csv,2,A,A,0.8896646907219999,0.1092846340067324,1.74737627191699e-05,1.9707972640154682e-07,0.0010330044288223406
A/a (8).csv,3,A,A,0.8649501192286546,0.13288134240564334,1.4739979571970106e-05,1.7514686380253053e-07,0.0021536232392660296
A/a (8).csv,4,A,A,0.917335114698004,0.07875963912598781,3.2877713397177325e-07,1.104046949612479e-05,0.0038938769293782667
A/a (8).csv,5,A,A,0.9151451629400522,0.08275210703666741,3.6724396792604893e-07,1.3950569443337714e-05,0.0020884122098691884
A/a (8).csv,6,A,A,0.9254726198423886,0.0012890530511097456,3.944259187279152e-07,0.07320291154729813,3.502113328482286e-05
A/a (8).csv,7,A,A,0.9148404842868051,5.072198619395618e-05,4.010931176124408e-07,0.08234194403968742,0.0027664485941959766
A/a (8).csv,8,A,A,0.8798879664977122,1.4228087906075652e-06,1.537806004829196e-05,0.11912316132877396,0.0009720713046749043
A/a (8).csv,9,A,A,0.9687359231031077,4.837808546287858e-05,0.001012084089817711,0.030202540618489128,1.0741031227328367e-06
A/a (8).csv,10,A,A,0.9096751353973265,0.08906823123422662,2.9581369271487466e-05,2.0548075504279716e-07,0.0012268465184203299
A/a (8).csv,11,A,A,0.9514192258551534,0.047999585964659704,3.8218759493704297e-07,0.0005478387417243743,3.296725086769702e-05
A/a (8).csv,12,A,A,0.9578761092921799,0.04153534066311854,1.7772705278519507e-05,0.0005696879216207973,1.0894178020861323e-06
A/a (8).csv,13,A,A,0.9612628792007816,0.037617409892815507,3.640513663035467e-07,1.0931533378975887e-05,0.0011084153216577544
A/a (8).csv,14,A,A,0.9422392077799665,0.056655466283431245,0.0010720865448858132,1.8957574221264814e-07,3.3049815974221555e-05
A/a (8).csv,15,A,A,0.8720865679474673,0.12706680887774466,0.0008167021864518757,1.8761523262503895e-07,2.973337310362066e-05
A/a (8).csv,16,A,A,0.8604994181821096,0.13852589659515682,3.3412533971657544e-07,9.031316703808295e-06,0.0009653197806897269
A/a (8).csv,17,A,A,0.8580304820277879,0.140689360395673,2.1930052704893847e-05,1.7289378867447752e-07,0.001258054630045399
A/a (8).csv,18,A,A,0.8884903507328069,0.11086557185302205,3.7703812104189076e-07,0.000612581957191843,3.111841885802744e-05
E/e (17).csv,0,E,B,3.917972066550066e-06,0.8412702124169956,0.15547498340586274,3.9603253849980946e-05,0.003211282951225134
E/e (17).csv,1,E,E,3.618093876019272e-06,0.004356463832601918,0.16150000944618192,1.6305586697084162e-05,0.8341236030406429
E/e (17).csv,2,E,E,3.7016843491178383e-06,0.16022203587805472,1.6779261308984443e-05,0.0006411934357041067,0.8391162897405832
E/e (17).csv,3,E,E,3.6755070382702295e-06,0.1602667998561451,0.0012256950626328405,1.9338609070443484e-05,0.8384844909651135
E/e (17).csv,4,E,B,3.831790042589941e-06,0.85656234019667,0.0009643945798931582,1.0332885334296143e-05,0.14245910054805996
E/e (17).csv,5,E,E,4.389060848310106e-06,0.005133816802762876,1.7919470430110078e-05,0.1102043939025192,0.8846394807634395
E/e (17).csv,6,E,C,4.191381070863331e-06,7.44653038769127e-05,0.8981203477716354,0.09740561086801801,0.004395384675398804
E/e (17).csv,7,E,E,4.163420641257966e-06,0.11404790640469627,0.002232208191634535,1.1925656306863721e-05,0.8837037963267211
E/e (17).csv,8,E,E,4.311607563624178e-06,0.14677884130247482,1.7375378699530213e-05,0.0006719333604546537,0.8525275383508074
E/e (17).csv,9,E,E,4.112859379677131e-06,5.0998431101783864e-05,0.1421341228639467,0.0006316139431231354,0.8571791519024488
E/e (17).csv,10,E,E,4.763623963306661e-06,0.0016649230207132653,2.164353203342885e-05,0.0662278582429679,0.9320808115803221
E/e (17).csv,11,E,E,4.710882980112384e-06,5.387807189342413e-05,0.0011130111931817867,0.04445956916092811,0.9543688306910165
E/e (17).csv,12,E,E,5.473995694824455e-06,0.052064598462011454,1.9658719920536654e-05,0.0007325271355138756,0.9471777416868593
E/e (17).csv,13,E,E,0.00020347475368516661,0.06768451568916936,4.2960318094910855e-07,0.0006651937369617802,0.9314463862170028
E/e (17).csv,14,E,E,4.0141083129902754e-06,0.11362667495183124,2.0719342388100655e-05,0.0006296891762889745,0.8857189024211787
E/e (17).csv,15,E,E,4.422712199028365e-06,0.0030062786122376363,1.953609424261671e-05,0.04924948860294042,0.9477202739783803
E/e (17).csv,16,E,E,4.2002923097782964e-06,0.004581294537735461,2.142875217369459e-05,0.08072949698347594,0.9146635794343052
E/e (17).csv,17,E,E,4.9840100907554086e-06,0.10060126347658724,0.0009747576003200523,1.0674522249971958e-05,0.898408320390752
E/e (17).csv,18,E,E,0.006295263665678836,0.16053894965889376,3.5924478714427743e-07,9.83967097578532e-06,0.8331555877596646
D/d (32).csv,0,D,D,0.0052775441695112725,4.975011623282654e-05,3.6214162047232075e-07,0.8885748176580702,0.10609752591456524
D/d (32).csv,1,D,D,4.255644335174465e-06,5.806175574217179e-05,0.0007580831332136187,0.9413994799349356,0.0577801195317735
D/d (32).csv,2,D,D,3.7418735702653675e-06,0.001531910166216668,0.11596799264031141,0.8824556912762419,4.066404365968861e-05
D/d (32).csv,3,D,D,3.440672424772961e-06,4.0593649243787295e-05,0.1629027598420495,0.835583929268797,0.0014692765674849657
D/d (32).csv,4,D,D,0.0001481329192424194,1.5068258067893516e-06,0.06054085444967959,0.9354169281539052,0.0038925776513659568
D/d (32).csv,5,D,D,0.0001658190128491785,1.6274438065650823e-06,0.03633098812589939,0.9619620011672185,0.001539564250226326
D/d (32).csv,6,D,D,4.078293450554577e-06,4.051535124512589e-05,0.001348396898947454,0.8724066525877892,0.12620035686856768
D/d (32).csv,7,D,D,3.897488489549499e-06,4.626047103316717e-05,0.0017432784165398506,0.860252813766108,0.13795374985782935
D/d (32).csv,8,D,D,3.5820388699827446e-06,4.1289142236876036e-05,0.14584820039849866,0.8495557910623441,0.004551137358050493
D/d (32).csv,9,D,D,3.623841746646233e-06,4.772577971723852e-05,0.1444923441639786,0.8525404787272189,0.002915827487338608
D/d (32).csv,10,D,D,3.815395509526171e-06,0.005604606686918577,0.11643957748657027,0.8779184604680952,3.353996290638924e-05
D/d (32).csv,11,D,D,3.581884382581764e-06,0.0029225218068511566,0.143874439603172,0.8531606457128359,3.881099275814295e-05
D/d (32).csv,12,D,D,3.566900704155335e-06,4.375428477000764e-05,0.15164143733549065,0.8433995549103781,0.004911686568657113
D/d (32).csv,13,D,D,3.85641086701393e-06,4.623042103148748e-05,0.12972069235469094,0.8690335188096313,0.0011957020037790908
D/d (32).csv,14,D,D,3.573212774047705e-06,5.4904512085162734e-05,0.14530523023838288,0.8534249624234548,0.0012113296133031085
D/d (32).csv,15,D,D,3.6738648883635374e-06,4.942890888118869e-05,0.13610086467595153,0.8598216890639372,0.00402434348634165
D/d (32).csv,16,D,D,4.1194735363409035e-06,5.1492042273196236e-05,0.05139103082405229,0.9466674121960937,0.0018859454640444368
D/d (32).csv,17,D,D,3.847278830645555e-06,0.11322101677736005,1.5451261334657187e-05,0.8825420906827992,0.00421759399967544
D/d (32).csv,18,D,B,0.01766088237033884,0.8648561842943567,3.510520791152474e-07,0.11731614440443158,0.00016643787879377968
B/b (20).csv,0,B,B,4.695888250204631e-06,0.8727761828195948,1.955161093398342e-05,0.000812230721629325,0.1263873389595916
B/b (20).csv,1,B,B,4.8124786231710415e-06,0.8654907236129391,2.058575461689719e-05,0.001136724559350758,0.13334715359447014
B/b (20).csv,2,B,B,3.9698812538504215e-06,0.8558460133824061,0.14269226122506196,1.4180254763806315e-05,0.0014435752565145012
B/b (20).csv,3,B,B,4.050340429726212e-06,0.9110011700061905,0.0033850647345610107,1.0534791798776147e-05,0.08559918012701995
B/b (20).csv,4,B,B,4.675029584251508e-06,0.9961821493255675,0.0012809531815468937,0.0010912912043421566,0.0014409312589592426
B/b (20).csv,5,B,B,0.006285749708829662,0.9073850791737463,0.08628824750883252,2.3231375105538954e-07,4.0691294840394545e-05
B/b (20).csv,6,B,B,0.00017295840586439384,0.8863016897031495,4.2471951434601036e-07,0.11221668014463261,0.0013082470268389976
B/b (20).csv,7,B,B,4.231665162401815e-06,0.8645213032085781,2.186715116454893e-05,0.0011580656697389737,0.13429453230535593
B/b (20).csv,8,B,C,4.324759727011059e-06,0.005274728092051257,0.8935295657002619,0.1011519110448682,3.9470403091709865e-05
B/b (20).csv,9,B,B,0.00019537988139267692,0.9261512219930323,0.0009288984151197092,0.0727232729426745,1.226767780721872e-06
B/b (20).csv,10,B,B,3.998317729190113e-06,0.8680700973830052,1.6521878137177567e-05,0.0015484545085039114,0.13036092791262457
B/b (20).csv,11,B,B,4.358881067733873e-06,0.8864216368285289,0.11187594590555208,0.0016465065113887066,5.155187346256752e-05
B/b (20).csv,12,B,B,0.0001927005324571545,0.9429174362097203,4.845303522371312e-07,0.0008155427106138395,0.056073836016856456
B/b (20).csv,13,B,B,4.7362403962697004e-06,0.9537994552304774,0.001210323574632479,1.0745736345049597e-05,0.04497473921814892
B/b (20).csv,14,B,B,4.301532285662739e-06,0.9129928810641095,1.9657757417533554e-05,0.0005401306792196038,0.08644302896696766
B/b (20).csv,15,B,B,4.075628501052722e-06,0.8644480313295337,0.000752281060103954,9.129623491203287e-06,0.13478648235836999
B/b (20).csv,16,B,B,4.4245120463651335e-06,0.8435310305611465,0.15532746959349197,9.641913307842163e-06,0.0011274334200075452
B/b (20).csv,17,B,B,4.351599735149505e-06,0.9292906404737922,0.0008417809495034442,1.0852487017930577e-05,0.06985237448995128
B/b (20).csv,18,B,B,4.052594160722113e-06,0.8737516014793015,1.7707309300075815e-05,0.0004889453047594741,0.12573769331247825
D/d (15).csv,0,D,D,0.006414907244432744,1.943741010562472e-06,2.0807876797341206e-05,0.9452791074991076,0.048283233638651744
D/d (15).csv,1,D,D,4.078995112466045e-06,4.545130588357449e-05,0.057166825729804,0.9381687777568785,0.0046148662123215774
D/d (15).csv,2,D,D,4.178265237085156e-06,5.561996964050563e-05,0.03403511375964031,0.9645509536736722,0.001354134331809837
D/d (15).csv,3,D,D,3.6866164004804233e-06,5.484804797847985e-05,0.12203850272870798,0.8764230509197559,0.0014799116871572053
D/d (15).csv,4,D,D,4.064447617617215e-06,4.9228035317814296e-05,0.0008611426051411492,0.9148441408138592,0.08424142409806429
D/d (15).csv,5,D,D,0.0001619781376492902,1.6964232704813621e-06,0.04672053322422487,0.9518261301133444,0.0012896621015109763
D/d (15).csv,6,D,D,0.0055889246556064705,1.7433185005909699e-06,1.871266497523433e-05,0.9278811728037977,0.06650944655712009
D/d (15).csv,7,D,D,0.00015276670636049858,1.4375539630767725e-06,0.14295984264160197,0.8559188164119313,0.0009671366861432091
D/d (15).csv,8,D,D,3.9671859704043105e-06,5.326592627450818e-05,0.0988815102218822,0.8973818593521389,0.0036793973137340136
D/d (15).csv,9,D,D,3.6524406060523632e-06,4.8854698151162536e-05,0.16576316980644595,0.8331178451782918,0.0010664778765049525
D/d (15).csv,10,D,D,3.6705609629702183e-06,0.0037993133154078504,0.15953305422102537,0.8366294746245369,3.44872780671492e-05
D/d (15).csv,11,D,D,0.0001956669497019247,0.001643798576841134,0.08754273464202104,0.9106167566984663,1.0431329696376276e-06
D/d (15).csv,12,D,D,4.889906723428865e-06,0.055815981454262545,0.0008169888158598638,0.9433220638493249,4.007597382930081e-05
D/d (15).csv,13,D,D,0.006820282876508182,0.0713288732895369,3.875118260134728e-07,0.9218123485276479,3.8107794480969104e-05
D/d (15).csv,14,D,D,4.883718500042932e-06,0.13799666580677214,0.0008453980420484995,0.8611180207012591,3.5031731420261574e-05
D/d (15).csv,15,D,B,4.270614088046988e-06,0.8959912282160705,0.0032947316778946726,2.4959618729181164e-05,0.10068480987321751
D/d (15).csv,16,D,D,3.5193780010353385e-06,5.672366083779925e-05,0.1505894021596951,0.8458532801279864,0.003497074673479614
D/d (15).csv,17,D,D,3.573901324978707e-06,0.0017467671530969674,0.15540372763035296,0.8428003118032602,4.561951196503114e-05
D/d (15).csv,18,D,B,4.712408044688019e-06,0.942058327838354,2.1815089679311666e-05,0.0009244528341182613,0.0569906918298038
B/b (44).csv,0,B,B,4.5207465111719185e-06,0.8607351364185976,1.7307897466675915e-05,0.0015203822538262324,0.13772265268359843
B/b (44).csv,1,B,B,4.1264605002141525e-06,0.9117061610962653,0.002064493291172215,1.0390892305033843e-05,0.08621482825975726
B/b (44).csv,2,B,B,3.844376862799554e-06,0.8587195603166312,0.1380455323796714,1.0238188140112712e-05,0.003220824738694428
B/b (44).csv,3,B,B,3.946354599672094e-06,0.8875335773689899,2.6703275211254595e-05,0.0017385413419400675,0.11069723165925911
B/b (44).csv,4,B,B,3.833614959392122e-06,0.8817877590532038,1.978316700121599e-05,0.0018124950975523346,0.11637612906728326
B/b (44).csv,5,B,B,4.049557173690564e-06,0.8668658119028597,0.1311688016699039,1.7210838888659594e-05,0.0019441260311740805
B/b (44).csv,6,B,B,4.531465635458011e-06,0.8922509091875325,2.3134609758442552e-05,0.0014954424311702612,0.1062259823059033
B/b (44).csv,7,B,B,4.0935472637548765e-06,0.8555084195412126,0.0032209149792135627,1.001387844324373e-05,0.14125655805386683
B/b (44).csv,8,B,B,3.833382954448916e-06,0.8565836865135583,1.5274675296032766e-05,0.0007868146919866476,0.14261039073620468
B/b (44).csv,9,B,B,4.276241336574679e-06,0.8800020359869615,1.5740413900072034e-05,0.0020586275289770947,0.11791931982882481
B/b (44).csv,10,B,B,4.087635716415391e-06,0.8625718140960071,2.047983632876848e-05,0.0007936164900957329,0.13661000194185188
B/b (44).csv,11,B,B,4.3386107600584405e-06,0.9207170067693924,2.1228626181951618e-05,0.0023562799579773743,0.07690114603568822
B/b (44).csv,12,B,B,3.79753202524668e-06,0.8564140480661655,0.0020000252983276576,9.980484450588341e-06,0.141572148619031
B/b (44).csv,13,B,B,4.053950091139679e-06,0.8798731966929472,0.0018643074231077508,1.0841638914170742e-05,0.11824760029493984
B/b (44).csv,14,B,B,4.0923154004687274e-06,0.872003098045982,0.0008028115660990096,1.1960145722454774e-05,0.12717803792679608
B/b (44).csv,15,B,B,3.77462210845153e-06,0.8509391014995206,1.744766323575288e-05,0.0005333070882519712,0.14850636912688328
B/b (44).csv,16,B,B,4.071988637461777e-06,0.8470369596996447,1.5433661954015656e-05,0.00047581749038975833,0.15246771715937413
B/b (44).csv,17,B,B,4.368888992218379e-06,0.8634097303559042,1.7346942932212532e-05,0.0006631336855567209,0.1359054201266147
B/b (44).csv,18,B,B,4.5815940340383685e-06,0.868692501792876,0.0008265974400477116,1.2221691775215999e-05,0.1304640974812668
B/b (28).csv,0,B,B,4.156650031675508e-06,0.8984242783352502,0.0009913875694230881,1.2371898136637652e-05,0.10056780554715829
B/b (28).csv,1,B,B,4.120988479363221e-06,0.8650787946565693,1.652194987846519e-05,0.0005448468514506879,0.1343557155536221
B/b (28).csv,2,B,B,4.361745446835339e-06,0.8932598335770585,0.0008889827623864213,1.1202493113069951e-05,0.10583561942199515
B/b (28).csv,3,B,B,4.073627860591953e-06,0.8748289632907521,0.0009110522652852272,9.613451878916612e-06,0.12424629736422314
B/b (28).csv,4,B,B,3.8064097917644516e-06,0.8500786452664224,0.0009385369034762144,1.0263585490366362e-05,0.14896874783481914
B/b (28).csv,5,B,E,5.52303719591957e-06,0.0025696729407452892,2.6666581762798585e-05,0.09898708072103987,0.8984110567192561
B/b (28).csv,6,B,E,4.935116125589112e-06,0.12056953356607651,1.8032751841024784e-05,0.0020819272960119215,0.8773255712699449
B/b (28).csv,7,B,B,4.234222343893167e-06,0.8518169168980041,1.4851134890484569e-05,0.0005298074640443171,0.14763419028071723
B/b (28).csv,8,B,B,4.229470760359488e-06,0.8982106812886727,1.813547465636492e-05,0.0005904123652531407,0.1011765414006574
B/b (28).csv,9,B,B,4.030017467351155e-06,0.8825343962409108,0.001507716000994794,9.951784421237389e-06,0.11594390595620588
B/b (28).csv,10,B,B,4.002564646404636e-06,0.8655996898121349,0.0032307203893621812,9.926891968652904e-06,0.1311556603418879
B/b (28).csv,11,B,B,4.073163378175718e-06,0.8613825247476931,0.0008515913377901499,8.928582899480794e-06,0.1377528821682392
B/b (28).csv,12,B,B,4.0592027681119e-06,0.8732636115604537,0.0008234959354931431,9.80434721907969e-06,0.1258990289540659
B/b (28).csv,13,B,B,4.09501691715604e-06,0.866983695582805,1.6721124347777776e-05,0.0004636504868738512,0.13253183778905622
B/b (28).csv,14,B,B,4.160623405041342e-06,0.8844852699214543,0.0009319395940468196,9.981571124588648e-06,0.11456864828996934
B/b (28).csv,15,B,B,4.005970289749346e-06,0.855335639699921,0.0007448567967634742,1.001221735513889e-05,0.14390548531567068
B/b (28).csv,16,B,B,3.966313447070308e-06,0.8859276206200686,0.0008155895267538458,9.982691239948681e-06,0.11324284084849053
B/b (28).csv,17,B,B,4.051300971104633e-06,0.8840643756849927,0.0007825743791359568,1.1111929939311177e-05,0.11513788670496092
B/b (28).csv,18,B,B,4.530542371136423e-06,0.9451861255249477,0.0010631963774265488,1.1297565571814542e-05,0.0537348499896829
B/b (2).csv,0,B,B,0.00014744584333812772,0.8754989084871729,3.4693035366353624e-07,0.12108242568236524,0.0032708730567699885
B/b (2).csv,1,B,B,3.900024080200475e-06,0.8700892887068571,1.5894824787682864e-05,0.002500008156345448,0.12739090828792957
B/b (2).csv,2,B,B,3.757822028713806e-06,0.8492564981677937,0.0007455406059948373,1.1131678168442156e-05,0.14998307172601438
B/b (2).csv,3,B,B,3.788563512449999e-06,0.8568901992102891,0.0007986036479802668,9.801824859256938e-06,0.142297606753359
B/b (2).csv,4,B,B,3.893552371133207e-06,0.8539405414287504,0.0008966944748536384,9.901395885132238e-06,0.1451489691481397
B/b (2).csv,5,B,E,3.989236593743471e-06,0.16407427675256173,1.5672538491813638e-05,0.000634153901458514,0.8352719075708942
B/b (2).csv,6,B,D,4.617791168659997e-06,0.005636812302390095,1.5934847920930196e-05,0.8625454353522148,0.1317971997063053
B/b (2).csv,7,B,D,0.00020280745703800876,0.003645882232479328,3.3659385281132084e-07,0.873933678515351,0.12221729520127877
B/b (2).csv,8,B,B,0.00017082109463674363,0.86318484507766,3.4731222963153643e-07,0.13221907805082087,0.004424908464652932
B/b (2).csv,9,B,B,4.326551207753344e-06,0.8569880600242019,1.5754317806860498e-05,0.0007388780126968615,0.14225298109408657
B/b (2).csv,10,B,B,0.00014828300860184136,0.8516697388924669,3.438590253883465e-07,0.0007043028793883274,0.14747733136051766
B/b (2).csv,11,B,B,4.059717262870462e-06,0.8714070641624196,1.6655367358634058e-05,0.12364979545983108,0.004922425293127676
B/b (2).csv,12,B,B,4.21554177517953e-06,0.8745086070730422,0.001138039856251353,1.1058879726713724e-05,0.12433807864920442
B/b (2).csv,13,B,B,4.614156896905894e-06,0.9618273767978823,2.479821186962152e-05,0.03676940780407438,0.0013738030292767707
B/b (2).csv,14,B,B,4.029211534912862e-06,0.8601391435347686,2.099474606671093e-05,0.0005879442047233476,0.13924788830290644
B/b (2).csv,15,B,C,4.531166952104161e-06,0.14531466060855183,0.8535194189107008,9.855978291211672e-06,0.001151533335504005
B/b (2).csv,16,B,B,4.283947432529183e-06,0.9094179998570298,0.0023708583248806974,0.08814323177197216,6.362609868492589e-05
B/b (2).csv,17,B,E,3.6991884505594533e-06,0.1636514927171329,1.7172098296163236e-05,0.0015411162937907488,0.8347865197023295
B/b (2).csv,18,B,B,3.987312864151508e-06,0.8541903746630045,1.8743815654257226e-05,0.0006844966506585938,0.14510239755781854
E/e (32).csv,0,E,E,4.141056788401023e-06,0.16087764426884027,0.0009237983775300449,1.050105982270105e-05,0.8381839152370186
E/e (32).csv,1,E,E,4.031749145823599e-06,0.14965464371873125,0.0026285852819944717,9.422717333258964e-06,0.8477033165327952
E/e (32).csv,2,E,B,4.273138636588229e-06,0.8552685637121115,1.9612131710420258e-05,0.0005219286811741343,0.14418562233636736
E/e (32).csv,3,E,E,3.974985279970922e-06,5.477660804849882e-05,0.11937153186590792,0.0014472488182316848,0.8791224677225319
E/e (32).csv,4,E,E,4.753180014903887e-06,5.2915609669673996e-05,0.059009929187330286,0.0007372229031407557,0.9401951791198444
E/e (32).csv,5,E,E,4.808518604753029e-06,0.0016481778508607313,2.2055584737321905e-05,0.0750868960532244,0.9232380619925729
E/e (32).csv,6,E,E,5.1666092004040865e-06,0.002140192938088392,1.8952782016402973e-05,0.07241943774915076,0.925416249921544
E/e (32).csv,7,E,E,4.457989415205014e-06,0.0015441254122902951,1.9640713322874176e-05,0.09357234533263817,0.9048594305523334
E/e (32).csv,8,E,E,4.528968495519557e-06,5.9352224089423535e-05,0.00105037586719271,0.05285291869437222,0.9460328242458501
E/e (32).csv,9,E,E,4.4882315861866095e-06,5.260130513849029e-05,0.0009684159721701607,0.08133145346733733,0.9176430410237678
E/e (32).csv,10,E,E,6.348594221319637e-06,0.002324585909541018,0.0013015215124000138,0.0013737357685237883,0.9949938082153139
E/e (32).csv,11,E,E,4.9147110475556465e-06,0.053447764450946976,0.0014125657349547225,1.2225748147027642e-05,0.9451225293549038
E/e (32).csv,12,E,E,4.566843312247369e-06,0.08601757752545115,0.0011293965656756259,1.2121729710319216e-05,0.9128363373358506
E/e (32).csv,13,E,E,4.6993675500723685e-06,0.058293573311692305,0.001072774513226451,1.4730351053158998e-05,0.940614222456478
E/e (32).csv,14,E,E,4.316314855693447e-06,0.056510844280442236,0.0010272461109893682,1.3279866900187263e-05,0.9424443134268125
E/e (32).csv,15,E,E,4.089626513898433e-06,4.7433991783646005e-05,0.15186918668371427,0.0005784905927526163,0.8475007991052355
E/e (32).csv,16,E,E,4.536196342424927e-06,4.339278602421561e-05,0.16143632796783017,0.000656602687298531,0.8378591403625048
E/e (32).csv,17,E,E,4.767532495800811e-06,0.0634106649098158,0.001005267221470683,1.2863502699215422e-05,0.9355664368335185
E/e (32).csv,18,E,B,0.00015401555215135951,0.8580243717021901,4.036222590882755e-07,0.0007349257568665839,0.14108628336653273
A/a (21).csv,0,A,A,0.9307485250523934,5.124960127051322e-05,3.6971020719196096e-07,0.0007700798355379699,0.06842977580059098
A/a (21).csv,1,A,A,0.9534810501660161,5.649673549443582e-05,3.78247490538568e-07,0.0007172048316308995,0.04574487001936787
A/a (21).csv,2,A,A,0.9481573851284039,0.051353473048065944,3.8223908875285404e-07,0.000457356716729012,3.1402867712319466e-05
A/a (21).csv,3,A,A,0.8843078625049717,0.11465172149470995,1.534153516846646e-05,1.8704190110859659e-07,0.0010248874232488443
A/a (21).csv,4,A,A,0.9949850400305514,0.0019430421348022235,4.291671329651353e-07,0.0015623198757042233,0.0015091687918091852
A/a (21).csv,5,A,A,0.9615782277967928,0.03775425327368834,3.903129044371534e-07,0.0006313892476212054,3.5739368993057e-05
A/a (21).csv,6,A,A,0.9279885645960553,1.703353329602757e-06,1.7932611331079865e-05,0.07091597976935561,0.001075819669928544
A/a (21).csv,7,A,A,0.8948598479392439,4.2087617775622154e-05,0.0008007695265897719,0.1042962706366064,1.0242797844009206e-06
A/a (21).csv,8,A,A,0.9266992756585503,1.4953722973284157e-06,0.00204429095245505,0.07122264277180101,3.229524489616506e-05
A/a (21).csv,9,A,A,0.9019011146339668,0.001337817378165705,3.409708792438862e-07,0.0967310157315384,2.9711285449805947e-05
A/a (21).csv,10,A,A,0.9047754724907542,0.0012752194775790843,3.5868893668779493e-07,0.09391712176133088,3.1827581399095065e-05
A/a (21).csv,11,A,A,0.9489061820151891,0.05010797599906538,3.7139746908556587e-07,1.0102478199401978e-05,0.0009753681100770515
A/a (21).csv,12,A,A,0.9614338334128341,0.038063368839343206,1.6719182692199453e-05,0.00048501231275050014,1.0662523799454461e-06
A/a (21).csv,13,A,A,0.9559043318993126,0.0016564544618128069,0.04242781314717386,1.0317286977708154e-05,1.0832047228208302e-06
A/a (21).csv,14,A,A,0.8938843506273176,0.10566063727516724,1.543831217395898e-05,0.00043858293605186766,9.908492892720423e-07
A/a (21).csv,15,A,A,0.8986838531566784,0.10085289148024792,3.4384879479506935e-07,0.0004332949794341199,2.9616534844702604e-05
A/a (21).csv,16,A,A,0.9433098081133816,0.003382973092248301,0.05329625241160602,9.899438089307328e-06,1.0669446748734345e-06
A/a (21).csv,17,A,A,0.861756337111847,0.005009240941628981,0.13320426770845734,1.9339361363948792e-07,2.996084445311699e-05
A/a (21).csv,18,A,A,0.8766036665568405,0.12239933665688738,0.000960652830602266,2.0784097080542964e-07,3.613611469895797e-05
E/e (23).csv,0,E,B,0.013092347588507563,0.8515199271625865,3.9732328070784653e-07,2.299427273663587e-05,0.13536433365288872
E/e (23).csv,1,E,E,4.433478340180061e-06,5.735855431663597e-05,0.047883845585256116,0.0007116945057856922,0.9513426678763014
E/e (23).csv,2,E,E,4.144514105413996e-06,5.708985340447825e-05,0.07918378916135502,0.0020716378202932117,0.9186833386508418
E/e (23).csv,3,E,E,4.445964434181648e-06,5.7440932234660925e-05,0.00114874492421596,0.07402121118259429,0.9247681569965209
E/e (23).csv,4,E,E,4.409888354663768e-06,0.05676532984199733,0.0009102019290997882,1.4971651867586917e-05,0.9423050866886806
E/e (23).csv,5,E,E,4.645247269835595e-06,5.518508318780819e-05,0.052138544168784856,0.0007288848178503474,0.9470727406829071
E/e (23).csv,6,E,E,3.793459106875589e-06,4.07577274339683e-05,0.16536360605864459,0.0004963466888973569,0.8340954960659172
E/e (23).csv,7,E,E,4.624477669029032e-06,0.04952341556735845,0.000999424094364285,1.3032717304192879e-05,0.9494595031433041
E/e (23).csv,8,E,E,4.421583076876326e-06,6.026501103620014e-05,0.04481624139667892,0.0005841869836470692,0.9545348850255609
E/e (23).csv,9,E,E,4.229432395556625e-06,0.05660683328116294,1.930478720281365e-05,0.00059812717902934,0.9427715053202094
E/e (23).csv,10,E,E,4.4607597762227005e-06,0.05475235061768781,0.0009093761117867146,1.1784788183936684e-05,0.9443220277225653
E/e (23).csv,11,E,E,4.613963442733383e-06,0.07074057074797299,2.104428546451341e-05,0.0007567379146238637,0.9284770330884958
E/e (23).csv,12,E,E,4.383543716299269e-06,0.0028253291824309004,0.05547778805281644,1.5188006771099753e-05,0.9416773112142653
E/e (23).csv,13,E,E,3.971710665362459e-06,0.14442546287295716,1.786207212943272e-05,0.0005902609311292749,0.8549624424131188
E/e (23).csv,14,E,E,3.959074665672268e-06,0.16046605775646897,2.0278623408754067e-05,0.0005172076109638891,0.8389924969344927
E/e (23).csv,15,E,E,3.952000229074628e-06,0.003230668138997047,1.79040151119813e-05,0.1320659500911325,0.8646815257545294
E/e (23).csv,16,E,E,4.369173039199593e-06,0.05699643182643922,0.0009553885427259467,1.1331108030646942e-05,0.942032479349765
E/e (23).csv,17,E,E,4.54872897552284e-06,5.35039044987732e-05,0.0008566098306116037,0.04835601195204139,0.9507293255838727
E/e (23).csv,18,E,E,5.431315935287866e-06,0.14837020808712217,0.0009459830413893278,1.0261827729975726e-05,0.8506681157278233
B/b (35).csv,0,B,B,0.00024267087852004632,0.9975760728704255,2.148409434218104e-05,0.000822243992456586,0.0013375281642556938
B/b (35).csv,1,B,B,4.074964549628857e-06,0.8603940758746507,1.5817346680281167e-05,0.00048421623727020174,0.13910181557684917
B/b (35).csv,2,B,B,4.3523541454097946e-06,0.88468197328497,0.0008831016987990208,1.1413946066963874e-05,0.11441915871601858
B/b (35).csv,3,B,B,4.415277678022381e-06,0.9043300969328054,1.8886155356681653e-05,0.0009060785797491454,0.0947405230544107
B/b (35).csv,4,B,B,3.9894386492731616e-06,0.871503880220612,1.6337630536996347e-05,0.00048050182181748634,0.12799529088838427
B/b (35).csv,5,B,B,4.026679634822321e-06,0.8687101212114334,0.0007807002592840993,9.841655146570515e-06,0.1304953101945012
B/b (35).csv,6,B,E,0.00022028802762568707,0.06242539773597641,5.981134018633886e-07,0.0010014061502092392,0.9363523099727868
B/b (35).csv,7,B,E,6.546752565510781e-06,0.07074157232659334,0.0013775120329789748,1.6165733220189627e-05,0.9278582031546421
B/b (35).csv,8,B,B,5.155504121181534e-06,0.9071410088207278,0.0009510097560469497,1.2664510031575531e-05,0.09189016140907252
B/b (35).csv,9,B,B,4.346972183843322e-06,0.8832784951905644,0.0013884324720828426,0.11528243575133877,4.628961383015272e-05
B/b (35).csv,10,B,B,3.8659976268966585e-06,0.8524440645938446,0.0007421548515269711,9.565923480287436e-06,0.14680034863352134
B/b (35).csv,11,B,B,4.194538142219449e-06,0.8550387914472444,0.000701796520350355,9.637828296999947e-06,0.14424557966596585
B/b (35).csv,12,B,B,3.901954894370614e-06,0.8562324109758483,0.0006906467180051468,9.807835651099117e-06,0.1430632325156009
B/b (35).csv,13,B,B,3.929839426005161e-06,0.8655207696097845,0.0008822979573511949,9.430939025236633e-06,0.13358357165441298
B/b (35).csv,14,B,B,3.8732299244805855e-06,0.8696100764354556,0.0007626000435073835,9.910608217115134e-06,0.12961353968289538
B/b (35).csv,15,B,B,4.1161729382083315e-06,0.88444524867782,0.000833487737404896,1.0351981422812454e-05,0.11470679543041395
B/b (35).csv,16,B,B,3.878418224570818e-06,0.8651824655763207,0.0008017495434768804,9.27396845952445e-06,0.13400263249351838
B/b (35).csv,17,B,B,3.850891804797911e-06,0.8639918029680513,0.000880592561933202,9.992837439955674e-06,0.13511376074077067
B/b (35).csv,18,B,B,3.859184239073271e-06,0.8535363996176587,0.0006920187898882336,1.0177698720337905e-05,0.14575754470949373
C/c (5).csv,0,C,C,3.863822993953878e-06,0.001992602370349606,0.888416733024659,0.10954959006717285,3.721071482473775e-05
C/c (5).csv,1,C,C,3.7532997307612457e-06,5.698082563687835e-05,0.8837189967690378,0.11499035575426715,0.001229913351327317
C/c (5).csv,2,C,C,3.697496658728543e-06,5.111593633278536e-05,0.8982396342755797,0.10042114624487115,0.0012844060465575656
C/c (5).csv,3,C,C,3.749155912215593e-06,4.355015464202458e-05,0.8811155957433235,0.11767153781056924,0.0011655671355530407
C/c (5).csv,4,C,C,3.816027720992187e-06,4.523204777223668e-05,0.8807851775026863,0.1175110615325502,0.0016547128892702033
C/c (5).csv,5,C,C,4.103135209041345e-06,4.2196351863004276e-05,0.9303537611345865,0.06806364903446001,0.0015362903438816487
C/c (5).csv,6,C,C,3.889857752589878e-06,4.166397029982938e-05,0.9053934339276928,0.09277088138340883,0.0017901308608459757
C/c (5).csv,7,C,C,3.6932839543912728e-06,4.0090380569201184e-05,0.8787492105531597,0.11738530385599127,0.003821701926325508
C/c (5).csv,8,C,C,3.6907720721622545e-06,4.100410720097261e-05,0.8794684323008222,0.1152609060071625,0.005225966812742276
C/c (5).csv,9,C,C,3.6442406824963937e-06,4.065133547270006e-05,0.8695338839934504,0.0018737972254205659,0.12854802320497385
C/c (5).csv,10,C,C,3.7181169196583357e-06,4.105876568624755e-05,0.8725802521063678,0.12606234416253156,0.0013126268484949632
C/c (5).csv,11,C,C,3.82529302922406e-06,4.344983119261337e-05,0.8885710788552956,0.10688690741375474,0.004494738606727879
C/c (5).csv,12,C,C,3.7820066289627434e-06,4.2524077015654326e-05,0.8742712486879025,0.12257148734616338,0.0031109578822894985
C/c (5).csv,13,C,C,4.04902941120854e-06,4.3158932636715214e-05,0.9104680877277349,0.0862843628258584,0.0032003414843587053
C/c (5).csv,14,C,C,3.768229774344317e-06,4.11308102686169e-05,0.8662724660459998,0.0007676404562351797,0.13291499445772204
C/c (5).csv,15,C,C,3.6398596026015627e-06,4.190564745679493e-05,0.8714315775085222,0.12313090831434458,0.005391968670074002
C/c (5).csv,16,C,C,3.6963718706840046e-06,4.257983076898991e-05,0.8577255502783547,0.0019724581204577465,0.14025571539854795
C/c (5).csv,17,C,C,3.989875483354448e-06,5.0905884857261933e-05,0.9249619163828623,0.0727984638141168,0.0021847240426801947
C/c (5).csv,18,C,C,3.5908835285884374e-06,0.1466681909317439,0.850762315805801,9.664130858958592e-06,0.0025562382480676968
C/c (48).csv,0,C,C,4.254049654569727e-06,5.91377299091758e-05,0.9480410229282309,0.05016144365187376,0.0017341416403317065
C/c (48).csv,1,C,C,4.279574482506851e-06,0.0017575367042781767,0.946320756927566,1.1765829262690836e-05,0.051905660964410676
C/c (48).csv,2,C,C,4.988523275344903e-06,6.470697431535149e-05,0.9098395543402163,0.0009497512035374407,0.08914099895865563
C/c (48).csv,3,C,C,4.865538469480606e-06,6.188270479882517e-05,0.920540203291967,0.0010115474102032538,0.0783815010545614
C/c (48).csv,4,C,C,4.422834746355285e-06,0.0019249840479050155,0.9959250686192556,0.0006794221757404217,0.0014661023223527146
C/c (48).csv,5,C,C,4.287869720114792e-06,0.0028322990843886813,0.9373457535441096,0.05971084227974535,0.00010681722203619262
C/c (48).csv,6,C,C,4.0119035866464765e-06,0.0027568920477005687,0.8821914437755046,0.11500803567785882,3.961659534930341e-05
C/c (48).csv,7,C,C,3.809066805044572e-06,4.4232078511667775e-05,0.8873662437208694,0.11132538062248498,0.0012603345113287915
C/c (48).csv,8,C,C,3.812856561712467e-06,4.541755624205294e-05,0.9018191841054424,0.09686394320739368,0.001267642274360004
C/c (48).csv,9,C,C,3.628109990618754e-06,4.079106414965476e-05,0.8808915902606936,0.11555799081881526,0.0035059997463506723
C/c (48).csv,10,C,C,3.703743057723699e-06,4.487869847358516e-05,0.8910401164784085,0.10499268296307677,0.003918618116983471
C/c (48).csv,11,C,C,3.571500642763199e-06,5.034347371889643e-05,0.8727088510400988,0.0007209689163329373,0.12651626506920677
C/c (48).csv,12,C,C,3.922628498030084e-06,0.001828960324903219,0.9565050876806427,0.04162041331732901,4.16160486269677e-05
C/c (48).csv,13,C,C,3.759698544841001e-06,0.12325222447591834,0.8760615341146535,0.000650014995287896,3.2466715595338143e-05
C/c (48).csv,14,C,C,3.6934423489310933e-06,0.1393658242436118,0.8595958024329892,9.738290218561735e-06,0.0010249415908314585
C/c (48).csv,15,C,C,3.6748031999408556e-06,0.1418031019819484,0.857707353079606,0.0004546098717158919,3.1260263529712824e-05
C/c (48).csv,16,C,C,3.86870850943919e-06,0.13299520736372816,0.8659931031439578,9.974783020209371e-06,0.0009978460007842918
C/c (48).csv,17,C,C,3.951654912930654e-06,0.12039288067739959,0.878565473829404,9.223785844955384e-06,0.0010284700524386798
C/c (48).csv,18,C,C,4.3635169111640684e-06,0.09225133837683751,0.9065339352738463,1.2297303330388765e-05,0.0011980655290745974
C/c (42).csv,0,C,C,4.149957697938242e-06,5.076738034720625e-05,0.9339281946228972,0.064742210594189,0.001274677444868565
C/c (42).csv,1,C,C,4.1668984420721544e-06,0.001447787036718653,0.9562269636948414,0.0422802170397736,4.086533022429524e-05
C/c (42).csv,2,C,C,4.216112392843546e-06,0.0015149192699029353,0.9074835206798322,0.09095587550034932,4.146843752268723e-05
C/c (42).csv,3,C,C,4.393652056182216e-06,0.001997912612031594,0.9192611219088966,0.07868637272035775,5.019910665779411e-05
C/c (42).csv,4,C,C,3.960681481175764e-06,0.13293006950090028,0.8626211627898753,9.485389801965264e-06,0.004435321637941293
C/c (42).csv,5,C,C,4.367973013737812e-06,0.05695508999736574,0.9424414122323871,0.0005635819702318345,3.554782700163447e-05
C/c (42).csv,6,C,C,4.08540971912651e-06,0.0014584310884846094,0.9336938825901211,0.0648056839752267,3.7916936448426386e-05
C/c (42).csv,7,C,C,3.7932680661181524e-06,4.757596571150187e-05,0.8979729065294787,0.10083225096740576,0.0011434732693381459
C/c (42).csv,8,C,C,3.996863361714184e-06,0.0018885238894416412,0.9353537076095187,0.06271446839191287,3.9303245765030864e-05
C/c (42).csv,9,C,C,4.0047286101266824e-06,5.6270722769114234e-05,0.9585312290141992,0.03961545643127461,0.001793039103147059
C/c (42).csv,10,C,C,3.908797955240924e-06,0.002188896611118817,0.9145441932641362,0.08322626145598014,3.67398708096826e-05
C/c (42).csv,11,C,C,3.7370029960232526e-06,0.00517498318323587,0.870826491899907,0.12396063016980316,3.415774405778008e-05
C/c (42).csv,12,C,C,3.726814461949638e-06,0.11107392003128665,0.8883718915424237,0.0005159221417758595,3.45394700517233e-05
C/c (42).csv,13,C,C,3.78608086212924e-06,0.1051994881613911,0.8937335204279854,1.078008804247777e-05,0.0010524252417188817
C/c (42).csv,14,C,C,4.116920039497422e-06,0.05914168052277311,0.9402798069605299,0.000537498197203395,3.6897399454075594e-05
C/c (42).csv,15,C,C,3.741224128354919e-06,0.1303242039448307,0.868547629733278,1.0418483559122517e-05,0.0011140066142038703
C/c (42).csv,16,C,C,4.113854587480881e-06,0.004013915189661856,0.955338623205461,0.040602960756961806,4.0386993327796464e-05
C/c (42).csv,17,C,C,3.891147638778405e-06,0.11307836254780299,0.8855754773124972,9.87244018214648e-06,0.0013323965518789447
C/c (42).csv,18,C,C,4.49956447581296e-06,0.05947792730488209,0.9398873591014932,0.0005875949665150871,4.2619062633681376e-05
A/a (24).csv,0,A,A,0.965514831591224,5.1071032637798456e-05,4.697021243830084e-07,0.03310648781372029,0.0013271398602935779
A/a (24).csv,1,A,A,0.9591250604537154,0.0015332543653478925,4.03491994617683e-07,1.1577612556077513e-05,0.03932970407638617
A/a (24).csv,2,A,A,0.9723877601835748,0.0013246062963227498,3.9076190035004573e-07,0.026251872857705437,3.536990049667624e-05
A/a (24).csv,3,A,A,0.957393451213152,1.5109204847666504e-06,0.0008543583075756605,0.04171413704335845,3.6542515429028604e-05
A/a (24).csv,4,A,A,0.9630503782753816,1.7925801950628624e-06,1.9178194843855716e-05,0.03556684556191184,0.0013618053876676265
A/a (24).csv,5,A,A,0.9524586931609326,4.2668894202604065e-05,0.0008563617924777957,2.1081380259802836e-07,0.046642065338584573
A/a (24).csv,6,A,A,0.9454778470552084,1.4551556449662337e-06,1.638413226375031e-05,0.05330038730306488,0.0012039263538181936
A/a (24).csv,7,A,A,0.9075208454048604,1.4114005573898096e-06,1.70556360151573e-05,0.0913255081563344,0.0011351794022325262
A/a (24).csv,8,A,A,0.9595151102268413,0.0014001956458973763,3.99703769592693e-07,1.0508383801980093e-05,0.03907378603968979
A/a (24).csv,9,A,A,0.9496283639824044,0.04895473082568269,1.7265209831782295e-05,1.9583028665345697e-07,0.0013994441517946245
A/a (24).csv,10,A,A,0.896943134802037,0.10100186879560048,3.835829780431785e-07,8.960454672462997e-06,0.002045652364712013
A/a (24).csv,11,A,A,0.95402259318098,4.4385333174779625e-05,0.0009815064910388674,0.04495044170156835,1.0732932378874384e-06
A/a (24).csv,12,A,A,0.9531071383383055,0.046029943293062626,0.0008515922072575809,1.0233317453314937e-05,1.0928439211380146e-06
A/a (24).csv,13,A,A,0.9440654234928298,0.055086444116250306,0.0008376237270046913,9.432372662675896e-06,1.0762912525598655e-06
A/a (24).csv,14,A,A,0.9205738613394291,0.07847129247593145,1.786287071593862e-05,1.9402367721802446e-07,0.0009367892902461222
A/a (24).csv,15,A,A,0.9567191752516779,0.04227754193140042,1.6145568552750197e-05,2.0047742508587885e-07,0.0009869367709435767
A/a (24).csv,16,A,A,0.9533683551114104,0.04581204235237116,0.0008084283550613406,1.0086555147859621e-05,1.0876260093657592e-06
A/a (24).csv,17,A,A,0.8554087651308414,0.0021095171352371045,0.14244921174268552,1.6389588369732578e-07,3.234209535238185e-05
A/a (24).csv,18,A,A,0.8618428744678283,0.13716790603951629,1.657428838460937e-05,1.760521884306554e-07,0.0009724691520823326
D/d (43).csv,0,D,D,3.6944544501829753e-06,6.239714553370446e-05,0.1587410655603337,0.8400960581683993,0.0010967846712831664
D/d (43).csv,1,D,D,4.10327851637674e-06,4.823860155182449e-05,0.12844268873584486,0.8704944689763836,0.0010105004077033417
D/d (43).csv,2,D,D,3.602145010426529e-06,4.289742419720079e-05,0.16261072162134513,0.8333659762911929,0.003976802518254201
D/d (43).csv,3,D,D,3.5679892160598118e-06,4.182323946538018e-05,0.16292061493140386,0.8339425662475183,0.0030914275923965575
D/d (43).csv,4,D,D,3.7123082111055715e-06,4.519436926461719e-05,0.14072239645793205,0.8550673330166009,0.004161363847991288
D/d (43).csv,5,D,D,3.918845882640189e-06,4.350270228397844e-05,0.132513860819384,0.8644931720054706,0.0029455456269789383
D/d (43).csv,6,D,D,4.199323235566433e-06,4.636109205867658e-05,0.0007921342320472978,0.864917648931227,0.1342396564214315
D/d (43).csv,7,D,C,3.5416692101934422e-06,4.5907435988828684e-05,0.8634499274354059,0.13245160128055375,0.004049022178841475
D/d (43).csv,8,D,C,3.5276029853666154e-06,4.261959976962687e-05,0.8673140483748538,0.12907432123240317,0.0035654831899878787
D/d (43).csv,9,D,D,3.8450533429084295e-06,0.1256155298786161,1.8354310541234516e-05,0.8731399989771713,0.001222271780328595
D/d (43).csv,10,D,D,4.332504772459614e-06,0.0028654224435115533,3.0915912534911145e-05,0.9367937633613505,0.06030556577783057
D/d (43).csv,11,D,D,4.355223461520179e-06,0.06790569457959506,0.0010637479099749108,0.930990623739092,3.557854787648873e-05
D/d (43).csv,12,D,D,3.564982590594864e-06,0.15127570387712463,0.003456049611867374,0.8452284969605982,3.618456781926698e-05
D/d (43).csv,13,D,D,3.610033669781689e-06,0.002886304547447797,0.16552078842212814,0.8315498250713889,3.947192536544177e-05
D/d (43).csv,14,D,D,3.48285853324733e-06,4.5831866986433263e-05,0.17121929566038382,0.8277213320706821,0.0010100575434143263
D/d (43).csv,15,D,C,3.630060718450778e-06,0.002317804239312028,0.8762472292251205,0.12138953593687825,4.180053797069196e-05
D/d (43).csv,16,D,D,3.5966658687735267e-06,7.394623309578161e-05,0.002636180084092006,0.8701663143026035,0.12711996271434
D/d (43).csv,17,D,D,3.6914968411123513e-06,0.12639396800781263,0.0029884821972503083,0.8705447405927947,6.911770530141365e-05
D/d (43).csv,18,D,D,0.009969397606116898,0.13954875364745356,3.8610821085696576e-07,0.8504280522030248,5.3410435193832575e-05
D/d (28).csv,0,D,D,0.20180264318155502,4.453051689777726e-05,3.8631767605011287e-07,0.7969170541448408,0.001235385839030315
D/d (28).csv,1,D,D,0.006719354660304168,4.962079800093263e-05,4.1199881524359537e-07,0.9460810813036744,0.04714953123920536
D/d (28).csv,2,D,D,4.371932070553252e-06,4.3442683235741985e-05,0.06042329012902142,0.9379810934271037,0.0015478018285685336
D/d (28).csv,3,D,D,4.283741077922044e-06,4.92874768561012e-05,0.0010895774631817115,0.8834022666455261,0.11545458467335815
D/d (28).csv,4,D,D,3.896494027056816e-06,6.199602328872453e-05,0.0009209469625563218,0.9336112286646343,0.06540193185549362
D/d (28).csv,5,D,D,4.469918866779281e-06,6.761145269758866e-05,0.0009554635577991322,0.9591172544700504,0.03985520060058625
D/d (28).csv,6,D,D,0.005800611182309723,1.861341392746959e-06,2.0417548950957456e-05,0.9533962141416238,0.04078089578572282
D/d (28).csv,7,D,D,0.006098319888012878,5.42117969057802e-05,4.663930955234076e-07,0.9419184379007092,0.051928564021276616
D/d (28).csv,8,D,D,4.706821696039399e-06,5.577182982601992e-05,0.0008826820411620107,0.9391032349296442,0.059953604377671645
D/d (28).csv,9,D,D,3.8141297324921472e-06,3.909579213542532e-05,0.15136528837725857,0.8475586631589641,0.001033138541909185
D/d (28).csv,10,D,D,4.151025293243843e-06,0.04756002484308542,1.9503963181768002e-05,0.951085269516036,0.0013310506524035223
D/d (28).csv,11,D,D,0.00015675166020833196,0.04987972113814618,4.451369873968069e-07,0.9484708662130537,0.0014922158516044656
D/d (28).csv,12,D,D,3.6940444310347017e-06,5.336591330570106e-05,0.13079174101998353,0.8664017619183558,0.0027494371039237468
D/d (28).csv,13,D,D,3.6966036378382105e-06,4.34017356273767e-05,0.166625380121197,0.8323739658345386,0.0009535557049989762
D/d (28).csv,14,D,D,3.833905578509055e-06,0.0032344981654669007,0.1169612500169323,0.8797642110025127,3.620690950954725e-05
D/d (28).csv,15,D,D,3.7916257942644674e-06,0.11039186677841878,2.1505578257485605e-05,0.8880674512848695,0.0015153847326598868
D/d (28).csv,16,D,D,3.625326024046703e-06,5.441495704379232e-05,0.14242961442596808,0.8561814739887216,0.0013308713022425261
D/d (28).csv,17,D,D,3.559693776028288e-06,5.4621798941573046e-05,0.1517052478015738,0.8472227724008226,0.001013798304886062
D/d (28).csv,18,D,C,3.6491984353216117e-06,4.394913347508444e-05,0.8642989411522274,0.13465870721335133,0.0009947533025108023
E/e (47).csv,0,E,B,3.977076439306935e-06,0.8739643345016356,2.0986497114814423e-05,0.0010648528771179397,0.1249458490476924
E/e (47).csv,1,E,E,3.899636156168706e-06,0.16358498784465583,0.0008318573707213399,1.0712156605062389e-05,0.8355685429918617
E/e (47).csv,2,E,B,3.886411357091615e-06,0.851411381262628,0.004181354764731758,1.0359601715219299e-05,0.14439301795956783
E/e (47).csv,3,E,C,3.5167993481032043e-06,0.0001082469757580326,0.8595233625273114,0.0016239196217136135,0.1387409540758687
E/e (47).csv,4,E,E,4.075366771619083e-06,5.568359370501509e-05,0.11402500505059228,0.0005672640432179568,0.8853479719457131
E/e (47).csv,5,E,E,3.905964692506619e-06,4.814686458054255e-05,0.1087129531513808,0.0005597476030827363,0.8906752464162634
E/e (47).csv,6,E,E,3.926030768070487e-06,0.0021188222763516315,2.355708262784615e-05,0.1250274154025948,0.8728262792076577
E/e (47).csv,7,E,E,4.0490071916397556e-06,0.005352570745786902,1.5832370732056765e-05,0.10276772871173667,0.8918598191645527
E/e (47).csv,8,E,B,3.7199030397676794e-06,0.8429703977886939,1.526052387430038e-05,0.00099913537113938,0.15601148641325258
E/e (47).csv,9,E,E,4.180400478084618e-06,0.0021844305630464075,2.2171031573356365e-05,0.08433950435809143,0.9134497136468107
E/e (47).csv,10,E,E,4.096631002721709e-06,0.08783575623463082,0.0015155598805804062,1.2064512715863066e-05,0.9106325227410701
E/e (47).csv,11,E,E,4.0599415369270816e-06,0.1358010461106122,0.0040822263405381155,1.0674718420105845e-05,0.8601019928888927
E/e (47).csv,12,E,E,4.296298352590378e-06,0.0029199908709677826,2.1782458451271194e-05,0.08215659395260627,0.914897336419622
E/e (47).csv,13,E,E,4.0106476457652055e-06,0.0015510094569408973,1.9031132459339207e-05,0.10663133786441076,0.8917946108985433
E/e (47).csv,14,E,E,4.3148575317268646e-06,0.0017359966812618176,0.06258721429166918,1.3184942532198322e-05,0.935659289227005
E/e (47).csv,15,E,E,4.7480214591297715e-06,5.660856926487426e-05,0.0011630979936296615,0.044509888308064065,0.9542656571075824
E/e (47).csv,16,E,E,4.383247829566974e-06,5.9486234649477264e-05,0.0009154975647089014,0.09178155786716884,0.9072390750856433
E/e (47).csv,17,E,E,4.539095399532672e-06,0.05880587207009901,0.0011831023799028135,1.3668954544640315e-05,0.939992817500054
E/e (47).csv,18,E,E,6.289709401281074e-06,0.0027654211228998068,3.072818393215829e-05,0.08382878123126718,0.9133687797524996
A/a (43).csv,0,A,A,0.9279358981750357,0.0013321434084201482,3.789675213110666e-07,1.046584989070438e-05,0.07072111359913222
A/a (43).csv,1,A,A,0.8795298587181711,4.441187075341222e-05,0.0006947599649465413,1.924098678719584e-07,0.119730777036261
A/a (43).csv,2,A,A,0.8857572347914185,1.5554627477052719e-06,1.721905713733835e-05,0.0005289669189684837,0.1136950237697278
A/a (43).csv,3,A,A,0.9066425095403577,1.568956754733004e-06,1.6035992982221234e-05,0.09193205148010256,0.001407834029802899
A/a (43).csv,4,A,A,0.8525032267154725,1.457001356500544e-06,0.14685611991041472,0.0005973151302130829,4.188124254310041e-05
A/a (43).csv,5,A,A,0.849120985492954,1.368078746051633e-06,0.14965048600815697,1.0281178495542684e-05,0.0012168792416474808
A/a (43).csv,6,A,A,0.8508946605648897,1.3158558095256977e-06,0.1473989597244094,1.1210708385316934e-05,0.0016938531465060444
A/a (43).csv,7,A,A,0.8590427097366032,5.459490985799359e-05,0.13780328022010613,1.8570630524994987e-07,0.0030992294271272665
A/a (43).csv,8,A,A,0.8516754549113525,0.14772838252005163,3.096431632897253e-07,0.0005632606356400099,3.259228979264803e-05
A/a (43).csv,9,A,A,0.861331898346357,0.13799943496330924,3.491514878381635e-07,0.0006390969902806504,2.9220548565199546e-05
A/a (43).csv,10,A,A,0.8631467994408386,0.13592264036034107,3.5518946471158206e-07,9.033800382987382e-06,0.0009211712089727846
A/a (43).csv,11,A,A,0.8692325929927033,0.12940114175434958,3.1585094738097457e-07,0.0013361481178919637,2.9801284107774522e-05
A/a (43).csv,12,A,A,0.8935102877832823,0.10538767885959927,3.2392518137326307e-07,1.3816502513288862e-05,0.0010878929294237632
A/a (43).csv,13,A,A,0.945147439874696,0.05424767126279108,1.8804987505277797e-05,0.000584962327589538,1.1215474182973554e-06
A/a (43).csv,14,A,A,0.9416012019200218,0.05736222890028535,3.992262233365769e-07,9.634170141024262e-06,0.001026535783328471
A/a (43).csv,15,A,A,0.8754524857513408,0.12364209539343182,3.6410012119732257e-07,9.190780823125317e-06,0.0008958639742829712
A/a (43).csv,16,A,A,0.8696665926504906,0.12935190085647694,3.298959511098251e-07,9.530930146311534e-06,0.0009716456669349491
A/a (43).csv,17,A,A,0.8594577336597639,0.13981815436804643,0.0006953279404218416,1.8664442382878252e-07,2.8597387344076316e-05
A/a (43).csv,18,A,A,0.8501572014645936,0.14874439420716612,0.0010650696564786732,1.6877692261660432e-07,3.3165894839135196e-05
C/c (39).csv,0,C,C,3.797959593924545e-06,0.1467623070138974,0.8523458630151801,0.0008571505628904194,3.0881448438062235e-05
C/c (39).csv,1,C,C,3.973264637762636e-06,0.0018322970673954693,0.8981836073951811,0.09994630283296711,3.3819439818387916e-05
C/c (39).csv,2,C,C,3.839074934892571e-06,0.0015310259903661366,0.882938323474486,0.11549092895931141,3.588250090152644e-05
C/c (39).csv,3,C,C,3.7304965790982233e-06,0.0012807584828485106,0.8633017484870871,0.1353829360074287,3.08265260566904e-05
C/c (39).csv,4,C,C,3.7265344481306568e-06,0.001288442730609606,0.8837242971787324,0.11495037430952883,3.31592466811598e-05
C/c (39).csv,5,C,E,3.928862572431251e-06,4.4237927587968855e-05,0.14247489641461217,0.0025717460795508192,0.8549051907156766
C/c (39).csv,6,C,C,0.00013734393548771006,1.3829249599878049e-06,0.8765095513018657,0.11783083794993014,0.00552088388775644
C/c (39).csv,7,C,C,4.504669070912603e-06,4.101032453793852e-05,0.9022833599702689,0.09398423903157112,0.003686886004551268
C/c (39).csv,8,C,E,3.955199675255438e-06,4.784264036203177e-05,0.14731713918612727,0.001908334848114029,0.8507227281257214
C/c (39).csv,9,C,C,3.5906438008848695e-06,4.0935721134120246e-05,0.8705055052270315,0.0011290331280534957,0.12832093527997995
C/c (39).csv,10,C,C,3.598112295969368e-06,4.68327544265264e-05,0.8770050339429655,0.12108951940135011,0.0018550157889619064
C/c (39).csv,11,C,C,3.5901109772713763e-06,3.968177188718916e-05,0.8656264419277162,0.0021921621542554154,0.13213812403516395
C/c (39).csv,12,C,C,3.539466925176553e-06,4.072414137707883e-05,0.8705769537974364,0.12437477289661476,0.005004009697646551
C/c (39).csv,13,C,C,3.7220461075545374e-06,4.2960853262944135e-05,0.8959875874106649,0.0010631250735514215,0.10290260461641322
C/c (39).csv,14,C,C,3.769543203160655e-06,4.4071400231401594e-05,0.9128799667050118,0.08571863559546297,0.00135355675609084
C/c (39).csv,15,C,C,3.752258748928123e-06,4.4337573120776985e-05,0.8878055064656457,0.11009813599721316,0.0020482677052714687
C/c (39).csv,16,C,C,3.5826345068446014e-06,3.9763987335662235e-05,0.8776961498688681,0.002187643501828784,0.12007286000746058
C/c (39).csv,17,C,C,3.590069865421683e-06,4.6216604723783214e-05,0.8734282055762613,0.002217740271228234,0.12430424747792115
C/c (39).csv,18,C,C,4.084957991587954e-06,0.12213554148009477,0.8764723266238742,1.2795855878029014e-05,0.0013752510821614453
D/d (13).csv,0,D,D,0.005108510430522323,1.5374954117112494e-06,1.5880064071203103e-05,0.8621445783549276,0.13272949365506706
D/d (13).csv,1,D,D,3.714359416403576e-06,3.9738027888165184e-05,0.0010465184893179084,0.8506464819170901,0.1482635472062873
D/d (13).csv,2,D,D,3.6986933119968314e-06,4.155926683767397e-05,0.0035350275197622476,0.857721644671713,0.13869806984837502
D/d (13).csv,3,D,D,4.001725466794251e-06,5.9133518023610835e-05,0.15127862674688938,0.8464935906684541,0.0021646473411662875
D/d (13).csv,4,D,D,3.564256830890311e-06,4.175372600224344e-05,0.1545991476351305,0.8428109661094346,0.0025445682726017633
D/d (13).csv,5,D,D,3.7101131883684096e-06,4.110269638090828e-05,0.15515738791753422,0.8411835240066111,0.0036142752662853463
D/d (13).csv,6,D,D,4.281188162419898e-06,4.634201891946558e-05,0.05228728659796549,0.9457393618759927,0.0019227283189598807
D/d (13).csv,7,D,D,4.022241928510989e-06,5.0949561095147534e-05,0.0010579833016759717,0.8894236966490673,0.10946334824623309
D/d (13).csv,8,D,D,3.6490770413990025e-06,3.95354159371337e-05,0.15291997455820147,0.8422206750772396,0.004816165871580131
D/d (13).csv,9,D,D,3.928671228514236e-06,4.294623447899425e-05,0.13460096176564776,0.8643280211839712,0.0010241421446734397
D/d (13).csv,10,D,D,0.00013637941298412604,1.4165614281983425e-06,0.15346302974884454,0.8453804657176813,0.0010187085590618902
D/d (13).csv,11,D,D,3.6190950538631113e-06,3.822894042934976e-05,0.1745709308443804,0.824460322471854,0.0009268986482823631
D/d (13).csv,12,D,D,3.5945844256862284e-06,4.0251655517150785e-05,0.1587366947885771,0.8401790952130709,0.001040363758409185
D/d (13).csv,13,D,D,4.1477520414749605e-06,5.15049217988634e-05,0.05628570384264258,0.9420875908915056,0.0015710525920114421
D/d (13).csv,14,D,D,3.7053299561080824e-06,4.901412833107749e-05,0.13595270464682335,0.862942915709193,0.0010516601856965738
D/d (13).csv,15,D,D,3.6252557232416782e-06,0.0014594259527822009,0.16270738120542233,0.8357962260718133,3.334151425894669e-05
D/d (13).csv,16,D,D,3.6431471268049074e-06,0.002049804597594462,0.16524752095467565,0.8326629916371556,3.603966344751831e-05
D/d (13).csv,17,D,C,3.681900221780691e-06,0.0022930998465651845,0.8700826085592474,0.1275860906077314,3.4519086234218984e-05
D/d (13).csv,18,D,B,4.423946362227648e-06,0.861002668898827,1.7480299482742952e-05,0.0007211251526521912,0.13825430170267572
A/a (36).csv,0,A,A,0.9611565867610052,0.03828992442843359,3.550359046207106e-07,0.0005183530542617076,3.478072039499424e-05
A/a (36).csv,1,A,A,0.9399248456281232,0.058903092855417484,3.33169299804844e-07,8.88567571888355e-06,0.0011628426714408524
A/a (36).csv,2,A,A,0.9003134128677632,0.0022847406706267767,1.6665101151886306e-05,1.7793823343037872e-07,0.09738500342222473
A/a (36).csv,3,A,A,0.9540819878973096,1.6340209801783833e-06,1.758180604885307e-05,0.0005985492930416501,0.045300246982619814
A/a (36).csv,4,A,A,0.9729701066866674,1.5789853640850585e-06,0.0009602017327049699,0.02603014915868425,3.796343657925456e-05
A/a (36).csv,5,A,A,0.9253900054956121,1.458872056209437e-06,0.0016625389716665767,0.07289881284101002,4.718381965506284e-05
A/a (36).csv,6,A,A,0.8898716623106249,1.474166422896809e-06,1.597478045497159e-05,0.10856677861413379,0.0015441101283635728
A/a (36).csv,7,A,A,0.8972413646671424,4.613944045697221e-05,3.638042500680848e-07,0.00177008057552295,0.10094205151262765
A/a (36).csv,8,A,A,0.900952640090577,4.209211475742852e-05,3.600477759790484e-07,0.0005330409492679842,0.09847186679762156
A/a (36).csv,9,A,A,0.9354218125902602,0.06134042750781091,3.4831649128414336e-07,1.012864589976935e-05,0.003227282939537672
A/a (36).csv,10,A,A,0.8861273134154153,0.0028372268567053434,3.2322060191011235e-07,8.28409801006634e-06,0.11102685240926748
A/a (36).csv,11,A,A,0.9568969005230669,1.5595247960856209e-06,0.001386309248316773,1.1030794989096723e-05,0.041704199908831154
A/a (36).csv,12,A,A,0.9342553912184143,1.5153621433665784e-06,1.6900590765052018e-05,0.0004705006700264947,0.06525569215865064
A/a (36).csv,13,A,A,0.9498422048048355,4.795438247890169e-05,3.4453414720352554e-07,0.0005555666122958075,0.04955392966624259
A/a (36).csv,14,A,A,0.9409981357337366,0.001488383948967074,3.6319722058554313e-07,9.314958020717138e-06,0.05750380216205514
A/a (36).csv,15,A,A,0.9076225673278713,0.09024271121443422,1.7142430163207324e-05,1.7852751271690817e-07,0.002117400500018698
A/a (36).csv,16,A,A,0.8749123501736046,0.12061328580758324,3.164060401419214e-07,8.080252209890819e-06,0.00446596736056231
A/a (36).csv,17,A,A,0.9300217275000079,0.06864766241885188,3.5629524454611553e-07,9.91025686133112e-06,0.0013203435290343368
A/a (36).csv,18,A,A,0.9300240540389313,0.06893518788969173,3.393763566269774e-07,9.833923912923778e-06,0.0010305847711074123
A/a (11).csv,0,A,A,0.8953674375524188,0.10333876885762132,3.4052827641114607e-07,9.274867512686113e-06,0.001284178194170645
A/a (11).csv,1,A,A,0.9484183488095684,0.0014235667295465116,3.6986269460894616e-07,9.820138173871998e-06,0.050147894460016475
A/a (11).csv,2,A,A,0.8918295636929091,0.0020918514330006254,1.6862439093226896e-05,1.6830166907875822e-07,0.10606155413332784
A/a (11).csv,3,A,A,0.9439091965449098,0.0551032247550763,3.537297241521271e-07,9.019796891535586e-06,0.0009782051733980227
A/a (11).csv,4,A,A,0.9469474529988201,4.65169295833085e-05,0.0008335084554247919,2.0535041878863146e-07,0.05217231626575295
A/a (11).csv,5,A,A,0.9389157831451198,1.5523320934114539e-06,1.7764739709492475e-05,0.0005133906053173884,0.06055150917776
A/a (11).csv,6,A,A,0.8888549144257054,4.318168203306031e-05,3.5782353559972645e-07,0.10845772272416995,0.0026438233445559797
A/a (11).csv,7,A,A,0.8879602359764269,4.034656113014874e-05,3.5303628334772095e-07,0.11095244364411003,0.0010466207820494342
A/a (11).csv,8,A,A,0.954000573214443,1.5399258576129043e-06,1.7003477347453638e-05,0.044829121293040994,0.0011517620893110975
A/a (11).csv,9,A,A,0.9684315174231634,1.5567146793296168e-06,1.740612145880107e-05,0.030511411632940886,0.0010381081077574389
A/a (11).csv,10,A,A,0.9310033696632164,1.4469789375714252e-06,1.8085847517501282e-05,0.0679094401417984,0.0010676573685301518
A/a (11).csv,11,A,A,0.9973633900099992,0.0014004734881657127,1.971115570701197e-05,1.1554818987361032e-05,0.0012048705271407653
A/a (11).csv,12,A,A,0.9630284273640018,4.408063741984066e-05,0.0007560030724362479,0.03617043303824115,1.0558879008008653e-06
A/a (11).csv,13,A,A,0.8976508237050927,0.10126455362023713,3.316804267594304e-07,9.281231495359852e-06,0.001075009762747972
A/a (11).csv,14,A,A,0.9592861986273019,0.04018267643745704,1.7920075909667594e-05,0.0005120889806564215,1.1158786749412685e-06
A/a (11).csv,15,A,A,0.9611264182755197,0.037796881260244025,3.9958521329486725e-07,1.077047578895884e-05,0.001065530403234107
A/a (11).csv,16,A,A,0.9604105838895809,0.03903224286701941,3.6614205727173756e-07,0.0005252240748574816,3.1583026484969524e-05
A/a (11).csv,17,A,A,0.9518692202844128,0.04752608463981925,3.687490894922913e-07,0.0005731900788247494,3.113624785341753e-05
A/a (11).csv,18,A,A,0.9631741743167218,0.0014910431377755178,3.9871685922956197e-07,0.03530139182057435,3.299200806898241e-05
A/a (39).csv,0,A,A,0.9594417147374052,0.03995741611441151,3.3908957604504844e-07,0.0005629499367355103,3.7580121871705086e-05
A/a (39).csv,1,A,A,0.896899655376377,4.6164592471008466e-05,3.4441155462894666e-07,0.0008230521071767047,0.10223078351242068
A/a (39).csv,2,A,A,0.8798407958234915,0.003811986904998375,1.3807102310146995e-05,1.683770847979889e-07,0.11633324179211509
A/a (39).csv,3,A,A,0.9105387332263969,0.0013432077412974337,1.790923186719387e-05,1.9103404318714977e-07,0.08809995876639534
A/a (39).csv,4,A,A,0.909740592407698,1.4220097780177424e-06,1.9458764842826384e-05,0.0005574524996622052,0.08968107431801879
A/a (39).csv,5,A,A,0.8962671825425336,1.3543236859602499e-06,0.10194969127891476,1.2358065215469405e-05,0.0017694137896503395
A/a (39).csv,6,A,A,0.895988107485928,1.3836025676325537e-06,0.0013232837551680756,0.10262661979640866,6.0605359927559464e-05
A/a (39).csv,7,A,A,0.8836961470685337,4.1723007534646864e-05,3.3635618234612423e-07,0.11470267191125573,0.001559121656493475
A/a (39).csv,8,A,A,0.8866034794033657,4.8855726008598684e-05,3.29826480496421e-07,0.1102038060146028,0.0031435290295423806
A/a (39).csv,9,A,A,0.8756124848657428,0.12047953071632098,3.228907982787053e-07,9.473108170701946e-06,0.003898188418967154
A/a (39).csv,10,A,A,0.9007409545475006,0.0019098325565033278,3.2666624232336195e-07,0.09731797566918711,3.091056056643999e-05
A/a (39).csv,11,A,A,0.8970999548332972,0.0014551587883479369,3.25615809161916e-07,0.10141004574071133,3.451502183431754e-05
A/a (39).csv,12,A,A,0.8691635434922405,0.12975299982239508,1.7504935469791637e-05,1.8367995649607306e-07,0.0010657680699381338
A/a (39).csv,13,A,A,0.8631035029049567,0.13638126530318406,3.7692228292144504e-07,0.00048328586420948063,3.15690053667262e-05
A/a (39).csv,14,A,A,0.9459795086817275,5.736368242185719e-05,3.53123089517964e-07,0.0006402436247660375,0.0533225308879951
A/a (39).csv,15,A,A,0.9326052401813779,0.0663795304723993,1.7281423133713827e-05,1.995100202794912e-07,0.0009977484130687692
A/a (39).csv,16,A,A,0.8932391579766868,0.0036356376760908796,0.1030898418906081,1.7542631680634506e-07,3.518703029710965e-05
A/a (39).csv,17,A,A,0.8770011518281421,0.12211389608219492,0.000853671130658946,1.8216072812747174e-07,3.109879827563082e-05
A/a (39).csv,18,A,A,0.8593236474592282,0.1397705834754072,3.2678074097477044e-07,8.142831764401604e-06,0.000897299452859218
C/c (28).csv,0,C,C,3.6375008957265564e-06,0.1401024666655746,0.8580619250611712,9.804175519373507e-06,0.001822166596839157
C/c (28).csv,1,C,C,4.156537547948737e-06,0.05293838169831563,0.945792072833452,1.0836160118192291e-05,0.0012545527705662828
C/c (28).csv,2,C,C,3.8127682339792108e-06,0.0727649427210489,0.9257321455846956,1.1217082391453268e-05,0.001487881843630048
C/c (28).csv,3,C,C,3.59780511045044e-06,0.12069853808512121,0.8783351344422666,0.0009273255263980817,3.540414110371779e-05
C/c (28).csv,4,C,C,3.923459820209725e-06,0.1065414671833185,0.8922305415575478,1.1053515313925694e-05,0.0012130142839996859
C/c (28).csv,5,C,C,3.7666798001724884e-06,3.974919823709143e-05,0.8851478281028289,0.10989545944479656,0.004913196574337195
C/c (28).csv,6,C,C,3.925287392133395e-06,3.898243297027549e-05,0.8692436025935908,0.12626446621364823,0.004449023472398479
C/c (28).csv,7,C,C,3.7073448098991008e-06,4.219298616393169e-05,0.8729781391954771,0.12287331837469348,0.004102642098855596
C/c (28).csv,8,C,C,3.5588732437413727e-06,3.946054423528809e-05,0.8627156055435751,0.0018975298176221516,0.13534384522132378
C/c (28).csv,9,C,C,3.586662880127458e-06,3.9546186193728815e-05,0.8814866615272703,0.11403461282547443,0.004435592798181308
C/c (28).csv,10,C,C,3.82483851420368e-06,4.347986412619956e-05,0.8939158775048087,0.10484996402803642,0.0011868537645144065
C/c (28).csv,11,C,C,4.103400810330392e-06,4.557853152381017e-05,0.9248206356922306,0.07368531101523401,0.0014443713602012276
C/c (28).csv,12,C,C,3.7446604807496916e-06,4.154550525628032e-05,0.8820811810625775,0.0009598868926028038,0.11691364187908261
C/c (28).csv,13,C,C,3.7119540718341616e-06,4.413559626849844e-05,0.8744379547012309,0.0004957356129203863,0.12501846213550838
C/c (28).csv,14,C,E,3.654013405166099e-06,4.3766132606579994e-05,0.17445829692508674,0.0005516820891402707,0.8249426008397612
C/c (28).csv,15,C,C,3.613211032723926e-06,4.274547562818429e-05,0.8540509058238448,0.0005485166432178927,0.14535421884627645
C/c (28).csv,16,C,C,3.7434711678483183e-06,4.334011058528265e-05,0.8808268580131325,0.0005293168949537424,0.11859674151016053
C/c (28).csv,17,C,C,3.5011131312444072e-06,4.962730655800784e-05,0.8636078797923518,0.00048292301787104873,0.13585606877008785
C/c (28).csv,18,C,C,4.230186467248637e-06,0.0020748484866656824,0.926021384912905,1.7552473076531813e-05,0.0718819839408855
D/d (7).csv,0,D,D,0.00015136644980398228,0.0019830810692094813,3.674109830317463e-07,0.8725211390198993,0.12534404605010435
D/d (7).csv,1,D,D,0.19606172095137492,1.4824289348557548e-06,0.0008505752323832744,0.8030497358091289,3.648557817803491e-05
D/d (7).csv,2,D,D,4.329424442649395e-06,4.253902206634928e-05,0.08671535425478195,0.9092142498640761,0.004023527434632998
D/d (7).csv,3,D,D,4.49800159995544e-06,4.9806656221730496e-05,0.0009841223280087946,0.8737035071522782,0.12525806586189134
D/d (7).csv,4,D,D,3.70219979176649e-06,3.767655759358335e-05,0.155329986519657,0.8406972636987831,0.00393137102417459
D/d (7).csv,5,D,D,0.00014776272178362775,1.4541856975847628e-06,0.13263694356542563,0.8660052793273931,0.0012085601996998767
D/d (7).csv,6,D,D,0.18771424104731235,1.362137362162416e-06,0.0007775738743572753,0.8114681691741298,3.865376683843568e-05
D/d (7).csv,7,D,D,0.005137998156516953,1.5334289456925274e-06,1.9224777217937613e-05,0.8948782101714895,0.0999630334658299
D/d (7).csv,8,D,D,4.0618455360578666e-06,4.571688024946654e-05,0.06652476639469437,0.9289346000747823,0.0044908548047378335
D/d (7).csv,9,D,D,4.652762245045283e-06,0.001509563986555835,0.04066233607179034,0.9577860478051905,3.7399374218291885e-05
D/d (7).csv,10,D,D,4.31842348292373e-06,4.618879098709691e-05,0.037117842661696925,0.9609093413735772,0.0019223087502558223
D/d (7).csv,11,D,D,3.943261738698917e-06,4.722367816764216e-05,0.09904864527686609,0.897805894023307,0.003094293759920493
D/d (7).csv,12,D,D,3.6167619709520207e-06,5.221480439223832e-05,0.1470810991940148,0.8511707907911593,0.0016922784484627766
D/d (7).csv,13,D,D,3.6434770317445404e-06,4.383949662809754e-05,0.16922682027527366,0.8298148674384455,0.0009108293126210609
D/d (7).csv,14,D,D,3.5859239740089347e-06,4.1969504991867385e-05,0.16797591664764988,0.8309779356984448,0.0010005922249393124
D/d (7).csv,15,D,D,3.7644516303244007e-06,0.0013445411054207306,0.16720788669139258,0.8314138113050275,2.999644652880449e-05
D/d (7).csv,16,D,D,4.440979960038635e-06,0.002442934997093316,0.10477431917678869,0.8927453048913684,3.299995478955989e-05
D/d (7).csv,17,D,D,3.7129477302090293e-06,0.13927871725543414,2.113207375797947e-05,0.8582025549696437,0.0024938827534338502
D/d (7).csv,18,D,D,4.243925497638553e-06,0.12240831935814184,1.6170611932327773e-05,0.8765102540591795,0.0010610120452487564
D/d (22).csv,0,D,D,3.664531437936759e-06,4.397732366761423e-05,0.0013897934953139186,0.8746494479899688,0.12391311665961155
D/d (22).csv,1,D,D,4.158845394286914e-06,4.6404861470821746e-05,0.05457335490335113,0.9412756825030629,0.004100398886720818
D/d (22).csv,2,D,D,3.6717309450228346e-06,3.993203058038664e-05,0.14365116854752355,0.8513820811753952,0.004923146515555836
D/d (22).csv,3,D,D,3.573193144531474e-06,3.81792940018192e-05,0.16416521036823584,0.8344087204083468,0.0013843167362710717
D/d (22).csv,4,D,D,4.121514343146151e-06,4.403839579958373e-05,0.0933637412737548,0.9046408303290129,0.0019472684870896
D/d (22).csv,5,D,D,0.1645347448203825,1.5234247892710015e-06,0.0008350036621694069,0.834593428231977,3.5299860681930133e-05
D/d (22).csv,6,D,D,0.19033143218526308,1.4539537366129703e-06,1.5176123554710383e-05,0.808613211104918,0.0010387266325275776
D/d (22).csv,7,D,D,4.0037389912068615e-06,3.911946913718617e-05,0.14888930335405387,0.8501454890991811,0.0009220843386364946
D/d (22).csv,8,D,D,0.006477811185872908,0.0017359371402597553,0.0009068137135156896,0.990878206912543,1.2310478086530327e-06
D/d (22).csv,9,D,D,0.00019071405966419896,0.06453599129720881,4.1199578303853257e-07,0.9338288899020188,0.0014439927453251571
D/d (22).csv,10,D,D,0.006562920085448794,5.956049331993093e-05,4.728369528824869e-07,0.9394827058925598,0.05389434069171865
D/d (22).csv,11,D,D,0.007260842257274685,0.06878253744623536,4.4921498831835784e-07,0.923918954125541,3.721695596057807e-05
D/d (22).csv,12,D,D,0.00016773602512925307,0.09569301245261307,0.0017024207614616763,0.9024355994541597,1.2313066362886429e-06
D/d (22).csv,13,D,D,3.996115901013451e-06,0.0026131196148602063,0.11232705360286946,0.8850187060508303,3.7124615538968455e-05
D/d (22).csv,14,D,D,3.868877197411804e-06,0.004835175456962299,0.15893108719063523,0.8361975341019816,3.2334373223388486e-05
D/d (22).csv,15,D,D,3.921401988240789e-06,0.0019610048100395963,0.1273188211651539,0.8706829317767381,3.332084608024739e-05
D/d (22).csv,16,D,D,3.689066872536872e-06,4.7725453648960134e-05,0.14070119979923174,0.8547253016225718,0.004522084057674968
D/d (22).csv,17,D,D,3.731499925608771e-06,0.004170230271271266,4.61769252057958e-05,0.8716388378440868,0.1241410234595106
D/d (22).csv,18,D,D,0.21376598858533413,4.931146497842252e-05,3.957991632330192e-07,0.7846919183821223,0.0014923857684020461
E/e (45).csv,0,E,E,3.929890271164279e-06,0.15880577789443884,1.7780436379580097e-05,0.0006372029602262704,0.8405353088186842
E/e (45).csv,1,E,E,3.910782075014985e-06,0.12023938874887947,0.004591482863995666,1.253236876056706e-05,0.8751526852362893
E/e (45).csv,2,E,E,4.54211052668625e-06,0.005661441519285608,0.0013424626085681286,0.0019060352817956891,0.9910855184798238
E/e (45).csv,3,E,B,4.135191220441148e-06,0.8540855121795121,1.6631454811296528e-05,0.0005769973381628443,0.1453167238362933
E/e (45).csv,4,E,E,3.949690492327372e-06,0.14619914991606928,0.0012791599491863458,9.4963338648842e-06,0.8525082441103872
E/e (45).csv,5,E,E,4.630315380606751e-06,4.98863465065813e-05,0.0009678826500654769,0.07780395646545378,0.9211736442225936
E/e (45).csv,6,E,E,4.008445488244209e-06,4.2215765503423604e-05,0.0029211920727498022,0.1279965303604246,0.869036053355834
E/e (45).csv,7,E,E,4.4791990345237365e-06,5.6416906841178427e-05,0.001292941855159861,0.05340718419841526,0.9452389778405492
E/e (45).csv,8,E,E,4.8411575215194335e-06,0.0018044540397466865,0.001167296477902241,0.000789817486875109,0.9962335908379544
E/e (45).csv,9,E,E,4.103230858582007e-06,4.889755053510105e-05,0.09012076020196506,0.0007576823128671693,0.9090685567037741
E/e (45).csv,10,E,E,4.096497841152601e-06,5.0945501840258545e-05,0.0990050847099309,0.0006973275585245883,0.9002425457318631
E/e (45).csv,11,E,E,4.13901805040282e-06,5.108127082519042e-05,0.11706768617939986,0.0005383969670154333,0.8823386965647092
E/e (45).csv,12,E,E,4.097364569662001e-06,0.0014837092324464232,0.10187508698712279,1.0891494728167022e-05,0.8966262149211329
E/e (45).csv,13,E,E,4.501892393851252e-06,0.0017658450538028986,0.00101871332886723,0.0007299779306011287,0.9964809617943349
E/e (45).csv,14,E,E,4.112988442014961e-06,0.0990040260805851,1.7182355985821932e-05,0.0006845636746268186,0.9002901149003603
E/e (45).csv,15,E,E,4.937574670661808e-06,0.002155076663714886,2.3511518170790536e-05,0.035604289365525496,0.9622121848779182
E/e (45).csv,16,E,E,4.586828600768391e-06,0.002750358514479417,1.960749336078331e-05,0.05168518009270419,0.9455402670708548
E/e (45).csv,17,E,E,3.86075779271369e-06,0.14254699310483562,0.0007197432560857982,1.0368083727983788e-05,0.856719034797558
E/e (45).csv,18,E,B,3.711160262000184e-06,0.8402347482476743,0.0006378943800641959,8.827759335892167e-06,0.15911481845266362
E/e (28).csv,0,E,E,4.151557741740911e-06,0.1488424017538881,1.5978870369997058e-05,0.0005176848124426004,0.8506197830055575
E/e (28).csv,1,E,E,3.7220127716782883e-06,5.597203706947708e-05,0.1547963958293445,0.0008956034090795915,0.8442483067117348
E/e (28).csv,2,E,E,3.8291077525440286e-06,0.1395361767253472,4.8676584431976324e-05,0.0023552608760198284,0.8580560567064485
E/e (28).csv,3,E,E,4.07017951896276e-06,0.10280317385109483,0.0032756937234131047,1.7676911363025928e-05,0.89389938533461
E/e (28).csv,4,E,E,4.765336052119e-06,0.002588836110785014,2.5392421885000384e-05,0.07984264571043032,0.9175383604208476
E/e (28).csv,5,E,E,3.978113341436458e-06,4.725808997636929e-05,0.1572159653669221,0.0006887208909370438,0.8420440775388229
E/e (28).csv,6,E,E,3.958852200372464e-06,4.376971803083924e-05,0.1626723651060048,0.0004630429022462155,0.8368168634215177
E/e (28).csv,7,E,E,4.756314056288055e-06,5.079730643808377e-05,0.0012345048231452507,0.10818248888852583,0.8905274526678345
E/e (28).csv,8,E,E,4.544535011364372e-06,5.00341840580142e-05,0.000867545618394784,0.06011033911007453,0.9389675365524612
E/e (28).csv,9,E,E,5.3471630153262724e-06,0.0019410048254768152,0.0011582132233521809,0.0009325294168816105,0.9959629053712741
E/e (28).csv,10,E,E,5.3096329546607304e-06,0.002150470145250629,2.4436970074961008e-05,0.059038959970530276,0.9387808232811895
E/e (28).csv,11,E,E,4.791045181296821e-06,6.333307254408623e-05,0.050898870515070464,0.000831692688801678,0.9482013126784026
E/e (28).csv,12,E,E,4.747039641361329e-06,0.05481743857295176,0.001409778266360962,1.3206599584342843e-05,0.9437548295214616
E/e (28).csv,13,E,E,4.770701685850698e-06,0.0732735913818913,0.0013780359656329496,1.1951696533834844e-05,0.9253316502542561
E/e (28).csv,14,E,E,4.908296325310364e-06,0.07407222796684994,0.0009171442542665791,1.4467762887386307e-05,0.9249912517196709
E/e (28).csv,15,E,E,4.115755237518919e-06,0.0018055212695423282,1.9255135965417532e-05,0.10592756824451637,0.8922435395947383
E/e (28).csv,16,E,E,4.770240198212085e-06,0.0020229463655696525,3.254099687167592e-05,0.08997100177764834,0.9079687406197121
E/e (28).csv,17,E,E,4.471305625082171e-06,0.0016669211867309864,2.068272518151554e-05,0.049136763005901016,0.9491711617765615
E/e (28).csv,18,E,B,4.561597512249056e-06,0.8612860105000676,2.3522990961717567e-05,0.0006701355136441604,0.1380157693978142
E/e (49).csv,0,E,B,3.873546503280057e-06,0.8531582538512552,0.001019966192950763,1.2881984343975736e-05,0.14580502442494683
E/e (49).csv,1,E,E,3.937709865281428e-06,0.1588984763833969,0.0010398482509162777,1.2327256289605824e-05,0.840045410399532
E/e (49).csv,2,E,E,3.7028541247724345e-06,0.1527615541625717,0.0016368067698051055,9.58305908250315e-06,0.845588353154416
E/e (49).csv,3,E,E,4.427104011834213e-06,0.002363391435087857,0.003697661727773994,0.0019211811817924664,0.9920133385513338
E/e (49).csv,4,E,E,4.032828966507441e-06,0.001742520460190862,2.1148063324525658e-05,0.09793929315332804,0.9002930054941901
E/e (49).csv,5,E,E,4.285875177995664e-06,5.876296731940601e-05,0.13449214424353267,0.0012082512267595662,0.8642365556872103
E/e (49).csv,6,E,E,5.139237284625658e-06,6.98994457675348e-05,0.048785219687247805,0.0012069211311910107,0.949932820498509
E/e (49).csv,7,E,E,5.242005775666357e-06,0.002135307793058076,0.0010559505123073445,0.0008682662777121156,0.9959352334111468
E/e (49).csv,8,E,E,4.773381052445566e-06,0.07141228033154723,0.0009234755640488224,1.4121927152993878e-05,0.9276453487961985
E/e (49).csv,9,E,E,4.661578169821551e-06,0.0018042757242372166,2.0975800788600152e-05,0.03238282192420694,0.9657872649725975
E/e (49).csv,10,E,E,4.83292984209275e-06,0.002319467719341862,2.0856471977358036e-05,0.07947605671126616,0.9181787861675725
E/e (49).csv,11,E,E,4.357436182775773e-06,0.09839887539128213,0.0008497470841352999,1.3341378592215893e-05,0.9007336787098075
E/e (49).csv,12,E,E,4.471606457574273e-06,0.10537665597790055,0.0009183795664917597,1.5495258424957482e-05,0.8936849975907251
E/e (49).csv,13,E,E,4.462876623729947e-06,0.06756609418941006,0.000969213282722978,1.3040045891739538e-05,0.9314471896053514
E/e (49).csv,14,E,E,4.461008237139027e-06,0.050851996311139847,0.0010863612451506445,1.2744343122415174e-05,0.9480444370923499
E/e (49).csv,15,E,E,4.350827835249572e-06,0.10034431712833039,0.0009064049790816638,1.098908519939282e-05,0.8987339379795534
E/e (49).csv,16,E,E,4.329165715740964e-06,0.10634336215106965,2.1485085758139168e-05,0.0008440078012922558,0.8927868157961643
E/e (49).csv,17,E,E,3.9631797568307405e-06,5.8531153814756e-05,0.13873933312307457,0.00048638789394322735,0.8607117846494107
E/e (49).csv,18,E,E,4.558022098835601e-06,0.15464640861431644,1.78534320766404e-05,0.0005462567221136311,0.8447849232093944
D/d (29).csv,0,D,D,3.874671666913031e-06,4.024433819894066e-05,0.003719568319251107,0.8645881452769539,0.1316481673939292
D/d (29).csv,1,D,D,4.118939294876023e-06,4.691015606196819e-05,0.05759639332452285,0.9374314506829873,0.00492112689713295
D/d (29).csv,2,D,D,3.6548633414576102e-06,4.242519776427936e-05,0.002382552444349716,0.8584695074757099,0.1391018600188345
D/d (29).csv,3,D,D,3.5648264650757175e-06,4.004398186680897e-05,0.002060156021572958,0.8630688977359842,0.13482733743411104
D/d (29).csv,4,D,D,3.5798534876616324e-06,4.0817590519079333e-05,0.15453559943173373,0.844189236529904,0.0012307665943555339
D/d (29).csv,5,D,D,4.06939811486039e-06,4.7396368872455115e-05,0.07407706829138191,0.9247058903363056,0.0011655756053251295
D/d (29).csv,6,D,D,3.7481815894393683e-06,4.245822576271477e-05,0.11958307340221054,0.8768393028983645,0.003531417292072778
D/d (29).csv,7,D,D,3.994672631172411e-06,4.479706949716271e-05,0.10565772314916391,0.89126207545227,0.0030314096564377528
D/d (29).csv,8,D,D,3.822468432695063e-06,0.0016624290635594058,1.566395930983923e-05,0.855383309073867,0.14293477543483105
D/d (29).csv,9,D,D,3.955470338631422e-06,0.004431913305915663,1.4691559471789907e-05,0.879534802804607,0.11601463685966686
D/d (29).csv,10,D,D,3.605648328305771e-06,0.12900976684318738,2.5499635671760155e-05,0.8672088195335356,0.003752308339276889
D/d (29).csv,11,D,D,3.53648479473027e-06,4.664992607157181e-05,0.1686125081081754,0.8303438025801524,0.0009935029008057733
D/d (29).csv,12,D,D,3.533533896935866e-06,4.9602676151800996e-05,0.16208548606414205,0.8364787139823665,0.0013826637434425843
D/d (29).csv,13,D,D,3.5311511255761525e-06,4.295559062313987e-05,0.1615187052057591,0.8371475665886732,0.001287241463819141
D/d (29).csv,14,D,D,3.587048105839783e-06,4.529799730860615e-05,0.16882608937844484,0.8299937451922121,0.0011312803839284603
D/d (29).csv,15,D,D,3.696017944938202e-06,0.0020357146687790774,0.14651201836101063,0.8514033721969265,4.5198755338917386e-05
D/d (29).csv,16,D,D,3.7674155040686813e-06,6.438246793500919e-05,0.0007980093391934743,0.8677351177416818,0.13139872303568562
D/d (29).csv,17,D,D,3.82294775380892e-06,5.456306788105961e-05,0.12983162342481627,0.8660650364533268,0.004044954106222083
D/d (29).csv,18,D,E,0.00019734564529180046,0.12155435927606763,4.5259534132642114e-07,0.002019058060870395,0.8762287844224289
C/c (17).csv,0,C,C,3.7328280878161294e-06,4.363084195146685e-05,0.8790232663048185,0.11986702253519775,0.001062347489944551
C/c (17).csv,1,C,C,3.6582624527573977e-06,0.001440429933994731,0.884475246534363,0.11404337326850522,3.7292000684071955e-05
C/c (17).csv,2,C,C,3.5473225488770687e-06,4.598811664733998e-05,0.8686210401790276,0.12607583633688013,0.005253588044895899
C/c (17).csv,3,C,C,3.482317405715744e-06,4.032877789024925e-05,0.8583694012412352,0.001929665087901985,0.13965712257556676
C/c (17).csv,4,C,C,3.939389185451531e-06,5.276487663361144e-05,0.8850896707830224,0.11345718180482275,0.0013964431463358677
C/c (17).csv,5,C,C,4.072702738619336e-06,4.7358013646234e-05,0.8947646403532727,0.10402435315218869,0.0011595757781536742
C/c (17).csv,6,C,C,4.0160815152266825e-06,4.026693962744175e-05,0.8831732363160892,0.11380708154907072,0.002975399113697343
C/c (17).csv,7,C,C,3.905489768679176e-06,4.147732381507898e-05,0.8869149728971827,0.10977111734176069,0.003268526947472709
C/c (17).csv,8,C,C,3.770060334999749e-06,4.46371614921858e-05,0.872883503372389,0.12442176745455528,0.002646321951228701
C/c (17).csv,9,C,C,3.902760744102098e-06,0.0012580419705448562,0.8734301612909013,0.12527801507260897,2.9878905200736356e-05
C/c (17).csv,10,C,C,3.966604278330143e-06,4.4659538611678255e-05,0.9149827323938526,0.08386273768946674,0.0011059037737905467
C/c (17).csv,11,C,C,4.257957493448321e-06,4.5285745349164005e-05,0.8947231892141487,0.10265893458928375,0.002568332493724859
C/c (17).csv,12,C,E,4.418774045180991e-06,4.8904877751437016e-05,0.1552560768012697,0.0006569067310825228,0.844033692815851
C/c (17).csv,13,C,C,4.984288423383606e-06,0.08577067397709649,0.9133687888783328,0.0008102631355155228,4.528972063180787e-05
C/c (17).csv,14,C,C,4.060594040137242e-06,0.11521159511832046,0.883317036696583,1.2692162373632943e-05,0.0014546154286828063
C/c (17).csv,15,C,C,4.750631820112981e-06,0.04951772337605561,0.9491332613461134,1.2043715215344402e-05,0.0013322209307954544
C/c (17).csv,16,C,C,0.0001629341150465025,0.104821289274706,0.894501471026811,0.0005132913795267781,1.0142039097543149e-06
C/c (17).csv,17,C,C,4.028064820259982e-06,0.1248938356494575,0.8738828191433258,1.122623696496687e-05,0.0012080909054315297
C/c (17).csv,18,C,C,4.617450512592157e-06,0.11840558599485654,0.880576132253651,1.003406342767665e-05,0.0010036302375523362
E/e (2).csv,0,E,E,4.786412541580538e-06,0.056535988351870105,0.0011782091341706131,1.1502158897043427e-05,0.9422695139425206
E/e (2).csv,1,E,E,4.071102342622461e-06,0.003575252052226621,0.13372806292010708,9.220392270638288e-06,0.862683393533053
E/e (2).csv,2,E,E,4.405957307616567e-06,0.120738500737318,0.000882670571003603,1.2078990540804018e-05,0.87836234374383
E/e (2).csv,3,E,E,4.982922921762214e-06,0.11415258664840892,0.0009943549538444327,1.2101465099064246e-05,0.8848359740097258
E/e (2).csv,4,E,E,5.005305171861087e-06,0.0020100540463479652,1.9460832450687694e-05,0.1147919761648027,0.8831735036512267
E/e (2).csv,5,E,E,0.0001833415257341378,0.11451714330849809,3.993974804137061e-07,0.0019256999714670647,0.8833734157968203
E/e (2).csv,6,E,A,0.853187218754723,4.0585980390236304e-05,0.1426827398756268,2.0805699293928732e-07,0.004089247332267055
E/e (2).csv,7,E,E,0.00018990043564478642,1.95616460342264e-06,0.04759130324718166,0.0006448386150055462,0.9515720015375646
E/e (2).csv,8,E,E,4.530350453248937e-06,5.170083479830621e-05,0.000836573808768295,0.04924720608632962,0.9498599889196505
E/e (2).csv,9,E,E,4.868913508870451e-06,0.0019089285432053067,1.786119694993002e-05,0.04001060560284921,0.9580577357434867
E/e (2).csv,10,E,E,5.24458368212247e-06,0.04805994319428993,1.8455933415195003e-05,0.0005664773321661931,0.9513498789564465
E/e (2).csv,11,E,E,4.896352210593951e-06,0.05503044399441757,0.0009192877736101128,1.1422070203905696e-05,0.9440339498095579
E/e (2).csv,12,E,E,5.168063917754549e-06,0.001800101343177883,0.000986945293902844,0.0006265227288862668,0.9965812625701153
E/e (2).csv,13,E,E,4.71257449263135e-06,0.0015035604169298235,0.08449761336614975,1.0968758406993516e-05,0.9139831448840208
E/e (2).csv,14,E,E,4.471987627208057e-06,0.046977228534556235,0.0009000913832346561,1.1723509136187767e-05,0.9521064845854457
E/e (2).csv,15,E,E,4.826584843724527e-06,6.360092385541552e-05,0.0009190425017922798,0.02880547969836951,0.9702070502911391
E/e (2).csv,16,E,E,4.182336135033718e-06,5.034042068585203e-05,0.0009679546669764411,0.09873989499106102,0.9002376275851417
E/e (2).csv,17,E,E,3.929666984419022e-06,7.973788351539393e-05,0.1606654111491835,0.0006773698956410964,0.8385735514046755
E/e (2).csv,18,E,B,4.365040359207064e-06,0.8656972620966787,0.0008880383136010124,1.0055179970477429e-05,0.13340027936939053
C/c (35).csv,0,C,C,3.7885042180218544e-06,0.0052988516217538275,0.8859439367999699,0.10871090861007146,4.251446398685834e-05
C/c (35).csv,1,C,C,4.021176904788029e-06,0.0019004886111257699,0.9628659098230409,0.03518644448343577,4.313590549278061e-05
C/c (35).csv,2,C,C,3.5792059587020313e-06,0.14454693154344417,0.8542842854195762,9.511075976925386e-06,0.0011556927550438734
C/c (35).csv,3,C,C,3.6791790566707727e-06,0.15219560673827606,0.8466402933659342,9.157159668693642e-06,0.0011512635570642964
C/c (35).csv,4,C,C,3.806851864832167e-06,0.12126174024730117,0.875024198104589,1.0904155014451109e-05,0.00369935064123066
C/c (35).csv,5,C,C,3.880271709764257e-06,4.699537101333774e-05,0.9171412757919979,0.07913286616814424,0.003674982397134751
C/c (35).csv,6,C,C,3.906149049421644e-06,3.834442962317784e-05,0.8731282372606731,0.0014592164825902286,0.12537029567806401
C/c (35).csv,7,C,C,4.367029795757188e-06,3.974238782168802e-05,0.8810520280662476,0.0016778061595570408,0.11722605635657803
C/c (35).csv,8,C,C,3.8267797657073484e-06,4.1330892315017224e-05,0.8555253101627035,0.0007753062143405222,0.14365422595087543
C/c (35).csv,9,C,C,3.5977698713711294e-06,4.27581791705123e-05,0.8548881414076241,0.000534382698416657,0.14453111994491727
C/c (35).csv,10,C,C,3.827205230615899e-06,4.3964096183081723e-05,0.8747910543684506,0.0007684608898345483,0.12439269344030122
C/c (35).csv,11,C,C,3.628430183231802e-06,3.936983786136547e-05,0.8682082855558136,0.0005067222026982381,0.13124199397344333
C/c (35).csv,12,C,C,3.804931843210836e-06,4.183929011786942e-05,0.8618559262899343,0.0004597570636664942,0.1376386724244382
C/c (35).csv,13,C,C,3.7747187192793107e-06,0.0012292203560063737,0.8583858093128865,1.0113184908537476e-05,0.14037108242747923
C/c (35).csv,14,C,C,3.673855623124976e-06,0.0014509821717826063,0.8662935547907759,9.351222194854932e-06,0.13224243795962362
C/c (35).csv,15,C,C,4.160873759967141e-06,5.554058731307314e-05,0.9001724675363947,0.0008396425898274246,0.09892818841270473
C/c (35).csv,16,C,C,4.699401588151042e-06,0.0024537527129107613,0.8931083956725756,1.9253214846202684e-05,0.10441389899807937
C/c (35).csv,17,C,C,4.0218047228597e-06,0.14857088008385158,0.8501805995587257,1.1029456588584406e-05,0.0012334690961113488
C/c (35).csv,18,C,C,4.339338216666804e-06,0.11864506841598306,0.8799851528796212,0.0013308723298601846,3.4567036318941496e-05
B/b (8).csv,0,B,B,4.487443722125372e-06,0.9024520278032311,2.1031386494634676e-05,0.09466942260076432,0.0028530307657879104
B/b (8).csv,1,B,B,4.2196058651292104e-06,0.9066603351121655,0.0010248188702771794,1.0685759581151045e-05,0.092299940652111
B/b (8).csv,2,B,B,3.983064218807535e-06,0.8769706532507675,0.0009537951943630688,9.811633841012559e-06,0.12206175685680966
B/b (8).csv,3,B,B,3.867757275295271e-06,0.8443621544783529,0.15365866981732948,9.959420030143796e-06,0.0019653485270119883
B/b (8).csv,4,B,B,4.281249539153737e-06,0.8848592575311947,0.0008825528423581278,1.1314573544194399e-05,0.11424259380336392
B/b (8).csv,5,B,B,4.13951817464049e-06,0.8714417499816814,0.003225634774640958,1.0800894886142976e-05,0.12531767483061665
B/b (8).csv,6,B,B,0.008803370308003008,0.9273015307400977,4.6825954610299003e-07,0.06384306935444435,5.15613379089883e-05
B/b (8).csv,7,B,B,0.00016749926774511833,0.8851464165308965,3.5927171798279125e-07,0.11273456941367832,0.0019511555159619394
B/b (8).csv,8,B,D,4.370114998099903e-06,0.005825432211929521,0.13307575619050166,0.8610598542510524,3.458723151842824e-05
B/b (8).csv,9,B,B,4.397427292792941e-06,0.8750674905068981,2.3934923692051037e-05,0.0006504448497195926,0.12425373229239743
B/b (8).csv,10,B,B,4.046273870996186e-06,0.8434623999623106,1.5131825426276313e-05,0.0004600739807423456,0.1560583479576497
B/b (8).csv,11,B,B,4.017895319355692e-06,0.8515941266223676,1.5107282295321047e-05,0.0004478897263653184,0.14793885847365248
B/b (8).csv,12,B,B,3.93215157282333e-06,0.857922362431726,1.642888106405758e-05,0.0005094597840515645,0.14154781675158562
B/b (8).csv,13,B,B,4.210549379316641e-06,0.8730530921766146,0.0039423846635324,9.205510924659554e-06,0.12299110709954902
B/b (8).csv,14,B,B,4.746744344386015e-06,0.8669265812616772,0.0015500562633181932,9.66961173931314e-06,0.13150894611892092
B/b (8).csv,15,B,B,3.7483748948450367e-06,0.8340696582627033,0.1639860209881081,9.35016652569883e-06,0.0019312222077681324
B/b (8).csv,16,B,B,4.160355443055328e-06,0.9222748486242074,0.001054761593542906,1.1714472309468943e-05,0.07665451495449721
B/b (8).csv,17,B,B,4.0541752635570485e-06,0.8572494712620338,0.0006761306846466458,9.142866414709034e-06,0.1420612010116413
B/b (8).csv,18,B,B,3.937737576948798e-06,0.8508791835439087,1.5496360053175793e-05,0.0004577974499508963,0.14864358490851035
E/e (37).csv,0,E,E,4.423366520153073e-06,0.054994698974935884,0.003159903990156226,1.1128997038141272e-05,0.9418298446713496
E/e (37).csv,1,E,E,3.8312514512560956e-06,0.156282789021343,1.7286806284813245e-05,0.0005647642910487878,0.8431313286298722
E/e (37).csv,2,E,E,3.667317661781809e-06,0.15187148335717177,0.0009223984592451349,1.0069942831022468e-05,0.8471923809230903
E/e (37).csv,3,E,B,4.2664509862175795e-06,0.8555456139171206,1.7939368605827944e-05,0.0006479433486786946,0.14378423691460857
E/e (37).csv,4,E,E,3.810164540454619e-06,0.004418657410795507,0.16340184666527008,9.320214976781328e-06,0.8321663655444171
E/e (37).csv,5,E,E,4.1919523372901775e-06,0.12658319279900773,0.0011726742444342793,9.33078223649214e-06,0.8722306102219842
E/e (37).csv,6,E,E,5.653581413385431e-06,0.13286754879808355,0.001233153724427921,1.0910970025488645e-05,0.8658827329260497
E/e (37).csv,7,E,E,4.3948322207583675e-06,5.3041286607411865e-05,0.06666863984809507,0.0007874766176268466,0.93248644741545
E/e (37).csv,8,E,E,4.015189283921281e-06,4.923888449490913e-05,0.13065445465873954,0.0006221276029852326,0.8686701636644965
E/e (37).csv,9,E,E,4.046464376062336e-06,4.787944293205491e-05,0.0020993348195898864,0.1022734903562568,0.8955752489168451
E/e (37).csv,10,E,E,4.452886397536045e-06,5.819617707656661e-05,0.0674749391816117,0.0007162052664926927,0.9317462064884215
E/e (37).csv,11,E,E,5.012615696187535e-06,0.043441888157589925,0.0011652120959166061,1.129449557385435e-05,0.9553765926352233
E/e (37).csv,12,E,E,4.932503368775116e-06,0.04735036105907642,0.0009484069494081821,1.41632551208399e-05,0.9516821362330258
E/e (37).csv,13,E,E,5.092842188199202e-06,0.051076301709198746,0.0011095444173933168,1.595251578696334e-05,0.9477931085154329
E/e (37).csv,14,E,E,4.229673089945272e-06,4.997227960398638e-05,0.0009017950630107706,0.1099656719980815,0.8890783309862138
E/e (37).csv,15,E,E,4.67816135779805e-06,0.001741043710013842,0.0019063379842750934,0.0007598817093445071,0.9955880584350087
E/e (37).csv,16,E,E,3.9786447692341915e-06,6.06531640467411e-05,0.12406882468853753,0.002011331471477008,0.8738552120311694
E/e (37).csv,17,E,E,3.994997337403023e-06,0.0017065359650999799,1.769491496078183e-05,0.1030406251780726,0.8952311489445293
E/e (37).csv,18,E,E,4.871151233111562e-06,0.004605807869336928,1.8890634295824957e-05,0.04105815915778853,0.9543122711873456
E/e (3).csv,0,E,E,5.504967085042964e-06,0.10259575356080891,2.467542851316735e-05,0.0015704343820041955,0.8958036316615887
E/e (3).csv,1,E,E,3.940556018026468e-06,0.14505986480559627,0.0035614661190565508,9.747315832463217e-06,0.8513649812034967
E/e (3).csv,2,E,E,3.825127196572354e-06,0.15754596991699454,0.00354543352091489,9.932050628898229e-06,0.838894839384265
E/e (3).csv,3,E,E,3.940725319398913e-06,0.14145037889306328,0.0007944688593422959,9.905666988596337e-06,0.8577413058552865
E/e (3).csv,4,E,E,5.192314234459544e-06,0.001816979846510837,2.385997985853746e-05,0.05781809096213329,0.940335876897263
E/e (3).csv,5,E,E,4.0386520225541635e-06,4.157490019932342e-05,0.16278569562992848,0.0010135497779580217,0.8361551410398917
E/e (3).csv,6,E,E,3.8479315544447625e-06,3.986234085887394e-05,0.16053242934570558,0.0028688515223673832,0.8365550088595136
E/e (3).csv,7,E,E,4.2494177629661785e-06,4.511167195261171e-05,0.0010172076683367607,0.10529264383482771,0.89364078740712
E/e (3).csv,8,E,E,4.4675250815382435e-06,0.0014829148904409988,1.8215047670605955e-05,0.05733054736542447,0.9411638551713825
E/e (3).csv,9,E,E,4.59937155570788e-06,5.467689016809441e-05,0.041438423587462005,0.0006154659575823444,0.9578868341932318
E/e (3).csv,10,E,E,4.203764678026411e-06,0.0015067631571014212,1.6883467997956253e-05,0.08911376447003809,0.9093583851401845
E/e (3).csv,11,E,E,4.599022844118269e-06,5.202743767138543e-05,0.0008930074210110916,0.045204280435959934,0.9538460856825135
E/e (3).csv,12,E,E,4.067754591588077e-06,4.3960447356773756e-05,0.001204883520271988,0.12117735427229492,0.8775697340054848
E/e (3).csv,13,E,E,4.154962921191829e-06,4.28456085095921e-05,0.003190445060825746,0.11960520420071438,0.8771573501670291
E/e (3).csv,14,E,E,4.753949904765801e-06,4.922898371062971e-05,0.0010351771145526607,0.12222247824437207,0.8766883617074599
E/e (3).csv,15,E,E,4.679936281668147e-06,4.5417516756206764e-05,0.001325565267333153,0.12924530279575283,0.8693790344838761
E/e (3).csv,16,E,D,3.8743448043642045e-06,4.146768268204802e-05,0.003306864574760747,0.8550037997732404,0.1416439936245125
E/e (3).csv,17,E,E,4.2216070397166205e-06,4.1836571482034876e-05,0.15033299053861754,0.0027951704363970917,0.8468257808464636
E/e (3).csv,18,E,E,4.412077908340656e-06,4.55075476696159e-05,0.16434692596117303,0.0006938701571303847,0.8349092842561187
D/d (36).csv,0,D,D,0.00617351266769916,1.749868872092719e-06,0.0009589372983176022,0.9915642240840503,0.0013015760810608256
D/d (36).csv,1,D,D,4.586021155680103e-06,4.498403541522161e-05,0.04718138150381992,0.9502321573574288,0.002536891082180352
D/d (36).csv,2,D,D,0.00016110682845319062,1.6105180850306555e-06,0.05864931539403458,0.9399981234416339,0.0011898438177932662
D/d (36).csv,3,D,D,0.2872110845137346,4.2087527323811406e-05,3.612938558378268e-07,0.7105046903110659,0.0022417763540198287
D/d (36).csv,4,D,D,0.24596699916748924,4.444324343360882e-05,3.7974858742702404e-07,0.7513627476611301,0.0026254301793597525
D/d (36).csv,5,D,D,0.2684725789169367,1.2544701875194552e-06,1.541112297927414e-05,0.7305048682316307,0.001005887258265777
D/d (36).csv,6,D,D,0.20511374276302793,1.3802756683736105e-06,1.7714895653251702e-05,0.7935968852644971,0.0012702768011534189
D/d (36).csv,7,D,D,0.2438679141090655,1.3985412494624525e-06,1.6019544376964016e-05,0.7549611653125927,0.001153502492715407
D/d (36).csv,8,D,D,0.27374875732381343,1.2169110454941869e-06,1.5252244230479203e-05,0.7251406154467208,0.0010941580741897362
D/d (36).csv,9,D,D,0.0061873232155021315,1.6948580228118888e-06,1.968633502927199e-05,0.9507563902407656,0.043034905350680185
D/d (36).csv,10,D,D,0.0001788555948960583,1.657780096952346e-06,0.04746733558410071,0.951167742325108,0.0011844087157983538
D/d (36).csv,11,D,D,3.91925907682374e-06,3.9882274538732346e-05,0.1575962259399209,0.8408848397787795,0.001475132747683897
D/d (36).csv,12,D,D,0.00018109181087401047,1.540719611014984e-06,0.10532950844684623,0.893245522370859,0.0012423366518098627
D/d (36).csv,13,D,D,0.00018797124582051793,1.6257073354707534e-06,0.08990925831872446,0.9083460231415228,0.0015551215865967944
D/d (36).csv,14,D,D,4.6358151254796064e-06,4.848397424814924e-05,0.06389464899906562,0.9349385360631797,0.0011136951483810874
D/d (36).csv,15,D,D,4.151184141115364e-06,4.169848239021171e-05,0.14165640793707718,0.8571413677313389,0.0011563746650525878
D/d (36).csv,16,D,D,4.183074162284124e-06,5.3342522612604334e-05,0.1161158882595141,0.8827514543776029,0.0010751317661079974
D/d (36).csv,17,D,D,4.770649091415345e-06,5.3607165275530495e-05,0.038391217299917756,0.9602552029791142,0.001295201906601156
D/d (36).csv,18,D,D,3.5643532369364397e-06,0.005125013243540709,2.299615725295923e-05,0.8572668589737953,0.13758156727217405
B/b (7).csv,0,B,E,5.175457800305775e-06,0.1302442739040299,2.120593478575402e-05,0.001819409069139947,0.8679099356342441
B/b (7).csv,1,B,B,3.953054162585497e-06,0.8563253504400719,0.0009228830086101126,9.80296566584146e-06,0.1427380105314896
B/b (7).csv,2,B,B,4.077958360845477e-06,0.8732337353206034,0.0015819384423362845,9.881354252644462e-06,0.12517036692444677
B/b (7).csv,3,B,B,4.145382359137571e-06,0.8616841214978374,0.0007993043041544819,9.747685822744266e-06,0.13750268112982642
B/b (7).csv,4,B,B,4.9516101583476934e-06,0.9498390815383824,2.2241096713709062e-05,0.0008267684478872198,0.0493069573068583
B/b (7).csv,5,B,E,0.00014308213907907489,0.14908583726388472,3.957597512795626e-07,0.002394246591247838,0.848376438246037
B/b (7).csv,6,B,E,4.210201872974723e-06,0.10923658805673343,3.334006525060343e-05,0.001679683704354713,0.8890461779717883
B/b (7).csv,7,B,E,4.225355178229823e-06,0.0034153993285816375,2.5755825516472183e-05,0.10056683596599734,0.8959877835247264
B/b (7).csv,8,B,B,4.1772851740982e-06,0.8735461395801035,2.1459330891842927e-05,0.0009004395553525178,0.12552778424847802
B/b (7).csv,9,B,B,3.953984006469181e-06,0.8571746814841211,1.8675420826025357e-05,0.0005441263680582768,0.142258562742988
B/b (7).csv,10,B,B,3.9785944670958645e-06,0.8373591525357468,0.15816452583466678,1.1257114699106587e-05,0.004461085920420225
B/b (7).csv,11,B,B,4.4301904647786195e-06,0.9912596258464321,0.003374229462044467,0.001436461934007754,0.003925252567050837
B/b (7).csv,12,B,B,3.815292978030326e-06,0.8744989788754792,3.373824934196434e-05,0.12079049512343962,0.004672972458761217
B/b (7).csv,13,B,E,4.130238008741188e-06,0.1350812876739279,0.0031062334457914124,1.3958496663967038e-05,0.861794390145608
B/b (7).csv,14,B,E,3.914007926139674e-06,0.16614272578224928,0.00081105787442795,9.202108318002553e-06,0.8330331002270787
B/b (7).csv,15,B,B,3.884262122959142e-06,0.8512903102156912,0.0008692233178668536,1.0930091759565287e-05,0.14782565211255946
B/b (7).csv,16,B,B,3.8161602574094686e-06,0.8634506485677618,0.0011743740064245605,9.403455143940311e-06,0.13536175781041246
B/b (7).csv,17,B,B,4.2504381333615934e-06,0.9356337288754324,0.06277850928542321,1.1921344495055873e-05,0.0015715900565160497
B/b (7).csv,18,B,B,3.895988375348376e-06,0.8483459316944895,1.5467060523683842e-05,0.0004975461694693309,0.15113715908714218
C/c (33).csv,0,C,C,3.760910189009626e-06,0.13661396124180708,0.862617658506893,0.0007305850887638598,3.4034252347036563e-05
C/c (33).csv,1,C,C,3.7163452866216426e-06,0.0032988199992927646,0.8710017789849633,1.0756566922162683e-05,0.12568492810353513
C/c (33).csv,2,C,C,3.677935210734746e-06,0.005519404060981947,0.8624867873075337,1.2018393291433977e-05,0.13197811230298226
C/c (33).csv,3,C,C,4.100633735317737e-06,0.13745878042642956,0.861297544850798,9.913560795623731e-06,0.0012296605282415443
C/c (33).csv,4,C,C,4.516315329231927e-06,0.1421836900487458,0.856576617746759,9.084682273241948e-06,0.0012260912068927322
C/c (33).csv,5,C,B,4.518909276835234e-06,0.8658231106121267,0.13274227142499437,1.054347181320498e-05,0.0014195555817888585
C/c (33).csv,6,C,C,3.961645042714717e-06,0.0046894590230492925,0.914031550827905,0.08122964804665786,4.538045734516342e-05
C/c (33).csv,7,C,C,3.686639519915698e-06,5.754748349351403e-05,0.8979065568484536,0.09730724034308234,0.004724968685450671
C/c (33).csv,8,C,C,3.815153112688455e-06,0.10397718923809192,0.8924913043304633,1.9613598340625358e-05,0.003508077679991417
C/c (33).csv,9,C,C,3.9021569337750555e-06,0.002398333884969876,0.8671660605380174,8.680776000090506e-06,0.13042302264407882
C/c (33).csv,10,C,E,3.7496713322068387e-06,0.002260322867067542,0.170909478320187,1.0481967440399668e-05,0.8268159671739728
C/c (33).csv,11,C,C,3.9189510404199856e-06,0.0013893942177469246,0.8733629359949789,1.0963560346248729e-05,0.12523278727588738
C/c (33).csv,12,C,C,3.7841716961503745e-06,0.003090440129614768,0.873802367366721,1.8382470262687347e-05,0.12308502586170528
C/c (33).csv,13,C,E,3.888867377587701e-06,0.0017786513255800432,0.16961018757232793,9.628155492422962e-06,0.828597644079222
C/c (33).csv,14,C,C,3.749369043040195e-06,0.002930914796089463,0.8575052062621178,8.943945776551101e-06,0.13955118562697322
C/c (33).csv,15,C,C,4.169213280890415e-06,0.003761016758870472,0.8780325226734179,1.2738898771327293e-05,0.1181895524556594
C/c (33).csv,16,C,C,4.355093110109701e-06,0.12627888526211298,0.8719347170741099,1.1321896192588841e-05,0.0017707206744742526
C/c (33).csv,17,C,B,4.0896096073742314e-06,0.8327657044355362,0.16664212129163766,0.0005499448180177862,3.813984520079169e-05
C/c (33).csv,18,C,C,3.660859583768935e-06,0.15520275160754152,0.84370074844791,9.931934587939704e-06,0.0010829071503770202
B/b (14).csv,0,B,B,4.0353319285858875e-06,0.8614564884659841,1.8049917800411886e-05,0.0006757252652089993,0.13784570101907795
B/b (14).csv,1,B,B,4.150209926728169e-06,0.9148994784662277,0.001714887548261246,1.1728784506311232e-05,0.08336975499107821
B/b (14).csv,2,B,B,4.201128624419944e-06,0.936727829272125,0.002681585331973763,1.2925301405834508e-05,0.06057345896587105
B/b (14).csv,3,B,B,3.9539282130848584e-06,0.8884005911372922,0.110006405712302,0.0015409116141389065,4.8137608053958547e-05
B/b (14).csv,4,B,B,4.370014540421665e-06,0.9496060134827887,2.4513664637788017e-05,0.0006718824045625287,0.04969322043347051
B/b (14).csv,5,B,B,3.82815953762001e-06,0.8578889752312596,0.0010222073112736109,9.538828849611435e-06,0.14107545046907946
B/b (14).csv,6,B,B,3.8498173540512455e-06,0.8493250785340707,0.0008179089302473144,1.0182939439373829e-05,0.14984297977888864
B/b (14).csv,7,B,B,3.970113449431446e-06,0.8631764855781094,0.13489916549333136,2.636911816663568e-05,0.0018940096969430578
B/b (14).csv,8,B,B,4.493972684550664e-06,0.8699097153431082,1.680987114880163e-05,0.1262069900679403,0.003861990745118007
B/b (14).csv,9,B,B,4.4042589198944635e-06,0.8759284111842026,1.820809522968828e-05,0.12254308414898585,0.0015058923126619105
B/b (14).csv,10,B,B,4.000731191158714e-06,0.8864445756627458,2.465707810866724e-05,0.11156742648497879,0.0019593400429755415
B/b (14).csv,11,B,B,3.922855203769779e-06,0.8916874545277874,0.0012171440002952773,1.1292510397798934e-05,0.1070801861063158
B/b (14).csv,12,B,B,4.054785711451828e-06,0.8885609725123947,0.10956261599652455,1.0145776892512546e-05,0.001862210928476797
B/b (14).csv,13,B,B,4.018447650460871e-06,0.869556258903394,0.0008128516671657525,9.798958633328031e-06,0.1296170720231565
B/b (14).csv,14,B,B,3.988296919488817e-06,0.8594861686407317,1.5107664111286811e-05,0.0004523478518636432,0.14004238754637374
B/b (14).csv,15,B,B,4.214736475255825e-06,0.9060337054366794,0.0029352770789887826,9.572138922029822e-06,0.0910172306089345
B/b (14).csv,16,B,B,4.5341206405541694e-06,0.9541160275636456,0.0019341795657240883,1.5544112191211923e-05,0.043929714637798545
B/b (14).csv,17,B,B,4.254923230905951e-06,0.9216998890702464,1.9787817848176456e-05,0.0005816348809895843,0.07769443330768493
B/b (14).csv,18,B,B,4.6400865120393295e-06,0.8609291560717239,1.918987396640386e-05,0.000651290336351445,0.13839572363144617
A/a (44).csv,0,A,A,0.9466399490728882,0.05270550963403675,3.7081230021197127e-07,0.0006177891861947997,3.638129457992639e-05
A/a (44).csv,1,A,A,0.8608599128024753,0.1346547933091004,1.5388061015253138e-05,1.657970437505296e-07,0.004469740030365256
A/a (44).csv,2,A,A,0.8582741758990304,0.004897089765431958,1.533276876839275e-05,1.7193007661580713e-07,0.13681322963669257
A/a (44).csv,3,A,A,0.8762117793643373,0.12235272770943686,3.161890733524485e-07,1.1592585425194062e-05,0.0014235841517274295
A/a (44).csv,4,A,E,0.010536726866295653,2.4518968910139176e-06,2.7294565680022897e-05,0.04712076075443625,0.942312765916697
A/a (44).csv,5,A,D,0.01737594109147109,5.6686238816632566e-05,4.96044608724428e-07,0.8643537561929434,0.11821312043216009
A/a (44).csv,6,A,A,0.879796797963789,4.1899038828293845e-05,3.38320134630499e-07,0.11895940328182966,0.0012015613954182332
A/a (44).csv,7,A,A,0.9464733612103148,0.052763705985130076,3.3949792211917285e-07,0.0007202688094360356,4.23244971969898e-05
A/a (44).csv,8,A,A,0.8855887822753958,0.001711663827644104,0.11266215203047185,2.3145643950540466e-07,3.71704100485972e-05
A/a (44).csv,9,A,A,0.9464609777682476,0.05302138327144768,1.7663144541915976e-05,0.000498888920918425,1.086894844489195e-06
A/a (44).csv,10,A,A,0.9515508001349338,0.04781281356740323,1.7005415107860196e-05,0.0006183478158034952,1.0330667515274077e-06
A/a (44).csv,11,A,A,0.9115550597223311,0.08732254482246095,1.8577937477855912e-05,1.8909262532220308e-07,0.0011036284251047036
A/a (44).csv,12,A,A,0.932391063850357,0.06598146236771425,4.152266186242443e-07,1.1765260172084307e-05,0.0016152932951381507
A/a (44).csv,13,A,A,0.8902579200074506,0.10878099343600965,1.566194439441983e-05,0.0009444212777632867,1.0033343820460773e-06
A/a (44).csv,14,A,A,0.9154243609395043,0.08403568418173525,1.6462602837496663e-05,0.0005225110188763001,9.812570466155489e-07
A/a (44).csv,15,A,A,0.8722245807632789,0.12729293013041765,1.5296266425387378e-05,0.00046625181918112023,9.410206968784842e-07
A/a (44).csv,16,A,A,0.8587245615377881,0.14079509948585198,1.562428018294476e-05,0.00046375256985129116,9.621263257492607e-07
A/a (44).csv,17,A,A,0.868008894625411,0.13046184231634994,0.0014995313741774572,1.871903575516564e-07,2.9544493704180047e-05
A/a (44).csv,18,A,A,0.8666397761319976,0.1328640448677715,3.236680197334968e-07,0.00046499645990776976,3.085887230319083e-05
C/c (8).csv,0,C,D,4.6055467779515026e-06,0.1245377292311293,0.0022988947466528846,0.8731233552345614,3.54152408785756e-05
C/c (8).csv,1,C,D,0.00018120145474026937,0.0028679388879659165,0.04951257178314961,0.9474370875953736,1.2002787705215248e-06
C/c (8).csv,2,C,C,3.713505557547813e-06,0.15237254704418318,0.84701568966887,0.0005758377662981814,3.221201509113006e-05
C/c (8).csv,3,C,C,3.904127408285724e-06,6.796287608504605e-05,0.9491638268556732,0.0007967667369142054,0.049967539403919264
C/c (8).csv,4,C,C,3.67382275872849e-06,0.1154896174934888,0.8830271342304287,0.0014420452906129966,3.752916271081148e-05
C/c (8).csv,5,C,C,4.23548100649139e-06,0.00517525789237553,0.9216312726482988,0.07315262948813431,3.660449018481646e-05
C/c (8).csv,6,C,C,4.402884315407995e-06,0.09187169802360494,0.9074896059103484,0.0005934366789565493,4.085650277467946e-05
C/c (8).csv,7,C,C,4.157912310653927e-06,0.10763388344820275,0.8917112836477201,0.0006120185088566639,3.865648290960402e-05
C/c (8).csv,8,C,C,4.294848596982023e-06,0.002050749701052303,0.9698820958620682,0.02802280601997302,4.0053568309598285e-05
C/c (8).csv,9,C,C,4.108650612231209e-06,0.0017390761054455611,0.9041210559475941,0.09410209415137577,3.3665144972404046e-05
C/c (8).csv,10,C,C,4.093814902776553e-06,0.0024702609475434115,0.9616197860346913,0.03586602830738203,3.983089548049507e-05
C/c (8).csv,11,C,C,4.19500373120741e-06,0.0528744264358143,0.9459101601825486,1.1689233171174022e-05,0.00119952914473463
C/c (8).csv,12,C,C,3.903755468640755e-06,0.003663987579751183,0.9121021088028933,0.08419491321955441,3.508664233236112e-05
C/c (8).csv,13,C,C,4.043693893244146e-06,0.0016714623391763637,0.9703610557088337,0.027920839568289262,4.2598689807406373e-05
C/c (8).csv,14,C,C,4.075173662587889e-06,0.0020744002766888646,0.9226761352143741,0.07520986120485873,3.5528130415706584e-05
C/c (8).csv,15,C,B,3.842939360815593e-06,0.8563474263677737,0.14023122377615418,2.1429900588599068e-05,0.0033960770161226687
C/c (8).csv,16,C,B,4.107220115336706e-06,0.8746963187955347,0.12305952114018094,3.675817799417641e-05,0.0022032946661747765
C/c (8).csv,17,C,C,3.6920893516274996e-06,0.15624156676031345,0.8431307984292552,0.0005908198256502694,3.31228954294871e-05
C/c (8).csv,18,C,C,3.8426319626804215e-06,0.1526215945489696,0.8463642438257604,8.599050330634166e-06,0.0010017199429765361
C/c (41).csv,0,C,C,3.900634443961402e-06,0.004935541465465805,0.9512773174113495,0.04372752725060375,5.571323813692604e-05
C/c (41).csv,1,C,C,3.6379999222622245e-06,0.0016183211871513335,0.895248340403201,0.10309123712478528,3.846328494014186e-05
C/c (41).csv,2,C,C,3.7952876880988146e-06,0.0014898398539556939,0.9156703788248174,0.08279859505148857,3.739098205031659e-05
C/c (41).csv,3,C,C,3.6535679483483315e-06,0.002390040602764578,0.8841697318967011,1.045854185810791e-05,0.1134261153907279
C/c (41).csv,4,C,C,4.339380724452333e-06,0.002286480372605192,0.91562827201859,9.248671159450917e-06,0.08207165955692097
C/c (41).csv,5,C,C,0.006133939372640657,1.4827254928265538e-06,0.8826506392137404,9.169605167658996e-06,0.11120476908295858
C/c (41).csv,6,C,C,0.00013679702568819872,1.4002466244624816e-06,0.8696071284314904,0.12901487187066277,0.0012398024255341935
C/c (41).csv,7,C,C,3.9191732402942305e-06,3.823168584130437e-05,0.8640260760949875,0.13452078706040674,0.0014109859855242462
C/c (41).csv,8,C,C,4.021829760009461e-06,4.3009158354181785e-05,0.8825992056716294,0.11219130375939783,0.0051624595808584806
C/c (41).csv,9,C,E,3.782758901308836e-06,4.337973893287133e-05,0.17361956998201467,0.0006619024301683486,0.8256713650899827
C/c (41).csv,10,C,C,3.6542394823621006e-06,4.189893408429065e-05,0.8528491914474581,0.0005871975083783765,0.14651805787059688
C/c (41).csv,11,C,E,3.960252593996283e-06,0.002246411585810224,0.17033442427004405,9.278863377549763e-06,0.8274059250281741
C/c (41).csv,12,C,C,4.067560727028452e-06,0.0013117425367575872,0.8607474388354465,1.0307658477897366e-05,0.13792644340859103
C/c (41).csv,13,C,C,3.923725002678691e-06,0.0028090842634176127,0.8819445355256885,9.474410451914416e-06,0.11523298207543935
C/c (41).csv,14,C,C,3.758169924036626e-06,0.1474573952957336,0.8493364450748089,8.337997754290345e-06,0.00319406346177929
C/c (41).csv,15,C,C,3.5767361560193795e-06,0.14641022505448673,0.8523946186913194,9.245462015383364e-06,0.0011823340560226051
C/c (41).csv,16,C,C,3.667118103502763e-06,0.15606994429392906,0.8427292877404717,9.209879771372452e-06,0.0011878909677241927
C/c (41).csv,17,C,C,4.1823805227265385e-06,0.11165195532962134,0.8872906807480001,1.0080885469225152e-05,0.001043100656386502
C/c (41).csv,18,C,C,4.23823389240543e-06,0.14185717426900166,0.8567066002449573,1.0644702905670677e-05,0.0014213425492430143
A/a (23).csv,0,A,A,0.9255581118185076,4.426225675219126e-05,3.600497626801163e-07,0.07120195356138616,0.0031953123135914237
A/a (23).csv,1,A,A,0.9716309385527016,1.619984681220968e-06,1.6711058427670355e-05,0.026886282570245237,0.001464447833944267
A/a (23).csv,2,A,A,0.936778688202101,0.062193937262639526,3.4530723281222045e-07,9.266917728516373e-06,0.0010177623102981836
A/a (23).csv,3,A,A,0.8934180931553176,0.10613461166499205,3.416917179426214e-07,0.000417495549210598,2.9457938761895198e-05
A/a (23).csv,4,A,A,0.9399091036335326,0.0018822143467978037,3.655203133601403e-07,1.3616731374077093e-05,0.05819469976798215
A/a (23).csv,5,A,A,0.9655528267474899,0.001346442278475915,3.9280973703013185e-07,1.0675242530894816e-05,0.03308966292176631
A/a (23).csv,6,A,A,0.9707696403537519,1.5797562534831418e-06,1.9367505859819713e-05,0.0280445681936564,0.001164844190478319
A/a (23).csv,7,A,A,0.954476757317715,4.25933400000909e-05,3.61158825262922e-07,0.0005106095828922954,0.04496967860056741
A/a (23).csv,8,A,A,0.8871099971702008,0.0014265810119890362,3.2416615176209485e-07,9.637210339249706e-06,0.11145346044131921
A/a (23).csv,9,A,A,0.9589940782935086,0.039684878096656676,1.6889430895422666e-05,1.949274926481055e-07,0.0013039592514467848
A/a (23).csv,10,A,A,0.9476026825867259,0.051898087607472214,3.8996886231659994e-07,0.00046458952228590003,3.425031465372866e-05
A/a (23).csv,11,A,A,0.9614018748717387,0.0014285598836950126,0.03715787922313247,1.0554367308970665e-05,1.1316541247793465e-06
A/a (23).csv,12,A,A,0.9980800955156719,0.0013516314770605743,1.706656739978588e-05,0.0005166935311194156,3.4512908748327745e-05
A/a (23).csv,13,A,A,0.9718683052556915,0.0012906947149994039,3.8136409127906706e-07,0.026808258385945537,3.236027927214895e-05
A/a (23).csv,14,A,A,0.9972988203689978,0.0013625031870091874,0.0008012135074429231,0.0005364051401647222,1.057796385312653e-06
A/a (23).csv,15,A,A,0.9421472475510493,0.05720022932997633,3.445490691920948e-07,0.0006194417658161208,3.27368040891281e-05
A/a (23).csv,16,A,A,0.9351027451004154,0.0012876725897190372,0.06359813737872438,1.0422666621922176e-05,1.0222645190975302e-06
A/a (23).csv,17,A,A,0.8617672831573626,0.0011020305958719082,0.1371210993088095,8.618669845210405e-06,9.682681106070008e-07
A/a (23).csv,18,A,A,0.8751436523578053,0.12344379898152281,1.4186260632353598e-05,1.668065165202593e-07,0.0013981955935229813
